2025-07-15T20:58:06.116830,0712.3825v1,1 Introduction,Turing recognised how difficult it would be to explicitly define intelligence and thus attempted to ,"What key limitations of the Turing test are discussed in the Introduction section, and how do they impact its usefulness for defining intelligence?",useful
2025-07-15T20:58:06.116830,0712.3825v1,2 Turing test and derivatives,"Though simple and clever, the test has attracted much criticism. Block and Searle argue that passing","What key limitations of the Turing test are discussed in the Introduction section, and how do they impact its usefulness for defining intelligence?",useful
2025-07-15T20:58:06.116830,0712.3825v1,2 Turing test and derivatives,The Turing test returns different results depending on who the human judges are. Its unreliability h,"What key limitations of the Turing test are discussed in the Introduction section, and how do they impact its usefulness for defining intelligence?",useful
2025-07-15T20:58:06.118334,1109.5951v2,1 Introduction,A fundamental problem in strong artificial intelligence is the lack of a clear and precise definitio,"What key limitations of the Turing test are discussed in the Introduction section, and how do they impact its usefulness for defining intelligence?",not useful
2025-07-15T20:58:06.118334,1210.1568v1,1. Introduction,This paper is about one basic problem. This is the problem for defining the notion of Artificial Int,"What key limitations of the Turing test are discussed in the Introduction section, and how do they impact its usefulness for defining intelligence?",not useful
2025-07-15T20:58:42.626446,0712.3825v1,3 Compression tests,Replace the Turing test with a text compression test...,"Which types of tests are included in the survey of machine intelligence that are proposed as alternatives to the Turing test, as mentioned in the Abstract?",useful
2025-07-15T20:58:42.627447,0712.3825v1,4 Linguistic complexity,A more linguistic approach is taken by the HAL project...,"Which types of tests are included in the survey of machine intelligence that are proposed as alternatives to the Turing test, as mentioned in the Abstract?",useful
2025-07-15T20:58:42.627447,0712.3825v1,6 Competitive games,The Turing Ratio method of Masum et al. has more emphasis on tasks and games...,"Which types of tests are included in the survey of machine intelligence that are proposed as alternatives to the Turing test, as mentioned in the Abstract?",useful
2025-07-15T20:59:18.088624,0712.3825v1,3 Compression tests,Mahoney has proposed a particularly simple solution to the binary pass or fail problem with the Turi,"What are the main points covered in the section discussing Compression tests, and how do they relate to the measurement of machine intelligence?",useful
2025-07-15T20:59:18.088624,0712.3825v1,3 Compression tests,A recent development in this area is the Hutter Prize...,"What are the main points covered in the section discussing Compression tests, and how do they relate to the measurement of machine intelligence?",useful
2025-07-15T20:59:18.088624,0712.3825v1,3 Compression tests,One criticism of compression tests is that it is not clear whether a powerful compressor would easil,"What are the main points covered in the section discussing Compression tests, and how do they relate to the measurement of machine intelligence?",useful
2025-07-15T21:00:02.418162,0803.1457v1,3. Perspectives for Hybrid Representation Systems in AGI,HRS may lead to amazing results concerning efficiency....,What are the main arguments presented in the paper for the use of hybrid representation systems in AGI?,useful
2025-07-15T21:00:02.418162,0803.1457v1,Introduction,Logical linguistic representations have a high power of abstraction....,What are the main arguments presented in the paper for the use of hybrid representation systems in AGI?,useful
2025-07-15T21:00:02.418162,0803.1457v1,2. Hybrid human reasoning in mastermind,The preceding section recalls that iconic representations can be first class citizen....,What are the main arguments presented in the paper for the use of hybrid representation systems in AGI?,useful
2025-07-15T21:00:02.418162,0803.1457v1,1. Some characteristics of diagrammatic inferential systems,"In [2], B&E emphasized that the main properties of diagrammatic systems derive from the existence...",What are the main arguments presented in the paper for the use of hybrid representation systems in AGI?,useful
2025-07-15T21:00:45.058748,0803.1457v1,1. Some characteristics of diagrammatic inferential systems,the consequences of initials facts are included de facto in the representation and do not require ex,How do diagrammatic inferential systems demonstrate efficiency according to the framework established by Barwise and Etchemendy?,useful
2025-07-15T21:00:45.058748,0803.1457v1,1. Some characteristics of diagrammatic inferential systems,these properties are taken automatically into account by syntactic constraints on the representation,How do diagrammatic inferential systems demonstrate efficiency according to the framework established by Barwise and Etchemendy?,useful
2025-07-15T21:00:45.059310,0803.1457v1,1. Some characteristics of diagrammatic inferential systems,diagrammatic systems provide an easy treatment of conjunctions and are computationally very efficien,How do diagrammatic inferential systems demonstrate efficiency according to the framework established by Barwise and Etchemendy?,useful
2025-07-15T21:01:22.189375,0803.1457v1,2. Hybrid human reasoning in mastermind,"Mastermind is well suited to the study of human reasoning, because it constrains the player to perfo","What case study is analyzed in the paper to illustrate human reasoning using hybrid representations, and what insights does it provide?",useful
2025-07-15T21:01:22.189375,0803.1457v1,2. Hybrid human reasoning in mastermind,"The grid ensures the memorizing of preceding results, but it is also a geometrical support for organ","What case study is analyzed in the paper to illustrate human reasoning using hybrid representations, and what insights does it provide?",useful
2025-07-15T21:01:22.190375,0803.1457v1,2. Hybrid human reasoning in mastermind,"Our player separates her game in two phases: first determining the colors, and then determining the ","What case study is analyzed in the paper to illustrate human reasoning using hybrid representations, and what insights does it provide?",useful
2025-07-15T21:01:22.190375,0803.1457v1,2. Hybrid human reasoning in mastermind,The interesting fact here is that these models... are ordered both by increasing order of specificit,"What case study is analyzed in the paper to illustrate human reasoning using hybrid representations, and what insights does it provide?",useful
2025-07-15T21:02:03.079878,0806.1280v1,1.0 Introduction,Artificial intelligence technology tries to improve the efficiency of the management process during ,"What role do artificial intelligence technologies play in enhancing the efficiency of crisis management, according to the introduction?",useful
2025-07-15T21:02:03.079878,0806.1280v1,"Khaled M. Khalil, M. Abdel-Aziz, Taymour T. Nazmy & Abdel-Badeeh M. Salem","This paper discusses the role of artificial intelligence technologies; namely, robotics, ontology an","What role do artificial intelligence technologies play in enhancing the efficiency of crisis management, according to the introduction?",useful
2025-07-15T21:02:45.940427,0806.1280v1,2.0 Robotics,Robots can bypass the danger and expedite the search for victims immediately after a collapse.,Can you explain how multi-robot solutions contribute to urban search and rescue operations during crises as mentioned in the paper?,useful
2025-07-15T21:02:45.941432,0806.1280v1,2.0 Robotics,Their ability to navigate through tightly confined spaces which people cannot access makes them extr,Can you explain how multi-robot solutions contribute to urban search and rescue operations during crises as mentioned in the paper?,useful
2025-07-15T21:02:45.941432,0806.1280v1,2.0 Robotics,"During the search they can deposit radio transmitters to be able to communicate with victims, use sm",Can you explain how multi-robot solutions contribute to urban search and rescue operations during crises as mentioned in the paper?,useful
2025-07-15T21:02:45.941432,0806.1280v1,1.0 Introduction,"Robots provide variety of functions in the crisis context, such as area exploration, mapping and exp",Can you explain how multi-robot solutions contribute to urban search and rescue operations during crises as mentioned in the paper?,useful
2025-07-15T21:02:45.941432,0806.1280v1,2.0 Robotics,USARSim is a benchmark for evaluating robot platforms for their usability in crisis response.,Can you explain how multi-robot solutions contribute to urban search and rescue operations during crises as mentioned in the paper?,useful
2025-07-15T21:03:28.342131,0806.1280v1,1.0 Introduction,"Ontologies and semantic web are adopted to solve integrating problems, for example ontologies are us",What are the benefits of using ontologies and semantic web services in crisis response as discussed in the paper?,useful
2025-07-15T21:03:28.343644,0806.1280v1,3.0 Ontology and Semantic Web,Information management and processing in crisis response aimed to produce digital representations fo,What are the benefits of using ontologies and semantic web services in crisis response as discussed in the paper?,useful
2025-07-15T21:03:28.343644,0806.1280v1,3.0 Ontology and Semantic Web,Different types of ontologies have been developed such as: Ontologies for overall crisis response...,What are the benefits of using ontologies and semantic web services in crisis response as discussed in the paper?,useful
2025-07-15T21:04:03.019585,0902.3513v1,Abstract,Agents and agent systems are becoming more and more important in the development of a variety of fie,What are the primary fields in which agents and agent systems are becoming increasingly important as mentioned in the abstract?,useful
2025-07-15T21:04:38.620918,0902.3513v1,2 The Concept of an Agent,Agents are semi-autonomous computer programs that intelligently assist the user with computer applic,What are some of the definitions of intelligent agents provided in the 'The Concept of an Agent' section?,useful
2025-07-15T21:04:38.621917,0902.3513v1,2 The Concept of an Agent,"Agents are computational systems that inhabit some complex, dynamic environment, and sense and act a",What are some of the definitions of intelligent agents provided in the 'The Concept of an Agent' section?,useful
2025-07-15T21:04:38.621917,0902.3513v1,2 The Concept of an Agent,Agents are software robots that think and act on behalf of a user to carry out tasks.,What are some of the definitions of intelligent agents provided in the 'The Concept of an Agent' section?,useful
2025-07-15T21:04:38.621917,0902.3513v1,2 The Concept of an Agent,An agent is anything that can be viewed as perceiving its environment through sensors and acting upo,What are some of the definitions of intelligent agents provided in the 'The Concept of an Agent' section?,useful
2025-07-15T21:05:15.176342,0902.3513v1,1 Introduction,The overall decision is facilitated by a task manager that assigns subtasks to the appropriate agent,How does the process of decision-making involving human agents and task managers work as described in the introduction?,useful
2025-07-15T21:06:00.945822,0906.2824v1,What Does Artificial Life Tell Us About Death?,"if we describe life as a process, death can be understood as the irreversible termination of that pr",What are the implications of understanding life as a process for our notion of death?,useful
2025-07-15T21:06:00.945822,0906.2824v1,What Does Artificial Life Tell Us About Death?,"if we consider life as self-production, then death will be the loss of that self-production ability.",What are the implications of understanding life as a process for our notion of death?,useful
2025-07-15T21:06:00.946825,0906.2824v1,What Does Artificial Life Tell Us About Death?,the loss of organization gives the opportunity to new forms of organization to develop.,What are the implications of understanding life as a process for our notion of death?,useful
2025-07-15T21:06:00.946825,1302.0216v2,Lifespan,"Lifespan is the primary parameter, on which the second definition depends.",What are the implications of understanding life as a process for our notion of death?,not useful
2025-07-15T21:06:00.946825,arXiv_1501.07169,2.4 The LHC project,The Large Hadron Collider (LHC) is a European project superconducting synchrotron...,What are the implications of understanding life as a process for our notion of death?,not useful
2025-07-15T21:06:00.946825,1210.1568v1,2. Definition of AI,it is better to define Artificial Intelligence as a program independent of anything.,What are the implications of understanding life as a process for our notion of death?,not useful
2025-07-15T21:06:40.213058,0906.2824v1,What Does Artificial Life Tell Us About Death?,the physical components can change while the identity of the organism is preserved.,How does the paper differentiate between physical components and organizational aspects of living systems?,useful
2025-07-15T21:06:40.213058,0906.2824v1,What Does Artificial Life Tell Us About Death?,the organization of the living system is destroyed in the blending.,How does the paper differentiate between physical components and organizational aspects of living systems?,useful
2025-07-15T21:06:40.213058,0906.2824v1,What Does Artificial Life Tell Us About Death?,"if we describe life as an organizational process, and a mind as depending on it, when the organizati",How does the paper differentiate between physical components and organizational aspects of living systems?,useful
2025-07-15T21:07:23.328643,0906.2824v1,What Does Artificial Life Tell Us About Death?,"if we describe life as an organizational process, death can be understood as the irreversible termin","What relationship does the paper propose between the concepts of mind and life, particularly in reference to what happens after death?",useful
2025-07-15T21:07:23.329643,0906.2824v1,What Does Artificial Life Tell Us About Death?,"when death occurs, this self-production cannot be maintained.","What relationship does the paper propose between the concepts of mind and life, particularly in reference to what happens after death?",useful
2025-07-15T21:07:23.329643,1302.0216v2,Work of other researchers,The occasion to write this paper is publication [5] where two swiss scientists attempt to generalize,"What relationship does the paper propose between the concepts of mind and life, particularly in reference to what happens after death?",not useful
2025-07-15T21:07:23.329643,0803.1457v1,Outline of a model of the human mind (relation between thought and language),"To further understanding of the human mind, its higher cognitive capacities, and more specifically t","What relationship does the paper propose between the concepts of mind and life, particularly in reference to what happens after death?",not useful
2025-07-15T21:07:23.329643,1107.2788v2,Intellectual Property Towards Infinity Point,"Solomonoff has proposed the infinity point hypothesis, also known as the singularity...","What relationship does the paper propose between the concepts of mind and life, particularly in reference to what happens after death?",not useful
2025-07-15T21:08:04.228910,0910.4116v1,SWARM INTELLIGENCE,"Swarms provide the possibility of enhanced task performance, fault tolerance, less complexity and de",What are the main advantages of using swarm intelligence in optimization and robotics as mentioned in the paper?,useful
2025-07-15T21:08:04.228910,0910.4116v1,SWARM INTELLIGENCE,"Swarm robots can be applied to many fields, such as flexible manufacturing systems, spacecraft, insp",What are the main advantages of using swarm intelligence in optimization and robotics as mentioned in the paper?,useful
2025-07-15T21:08:04.228910,0806.1280v1,5.0 Conclusion,Artificial intelligence techniques offer potentially powerful tools for the development of crisis re,What are the main advantages of using swarm intelligence in optimization and robotics as mentioned in the paper?,not useful
2025-07-15T21:08:04.228910,1107.2788v2,5 Cognitive Architecture,Another important discussion is whether a cognitive architecture is necessary.,What are the main advantages of using swarm intelligence in optimization and robotics as mentioned in the paper?,not useful
2025-07-15T21:08:46.567514,0910.4116v1,SWARM INTELLIGENCE,Swarm behaviour...emergent collective intelligence of groups of simple autonomous agents.,"How does swarm behaviour in nature, as discussed in the paper, influence the design of autonomous agents?",useful
2025-07-15T21:08:46.568513,0910.4116v1,SWARM INTELLIGENCE,"Swarm robotics...applied to many fields, such as...agriculture, and medicine work.","How does swarm behaviour in nature, as discussed in the paper, influence the design of autonomous agents?",useful
2025-07-15T21:08:46.568513,0910.4116v1,SWARM INTELLIGENCE,Swarm intelligence...helps birds take advantage of several things including protection from predator,"How does swarm behaviour in nature, as discussed in the paper, influence the design of autonomous agents?",useful
2025-07-15T21:08:46.568513,1107.2788v2,Cognitive Architecture,These principles encourage the design of autonomous agents...adapt and react to dynamic environments,"How does swarm behaviour in nature, as discussed in the paper, influence the design of autonomous agents?",useful
2025-07-15T21:09:27.777159,0910.4116v1,SWARM INTELLIGENCE,There are two popular swarm inspired methods in computational intelligence areas: ant colony optimiz,"What are the two popular swarm-inspired methods in computational intelligence, and how do they differ from one another?",useful
2025-07-15T21:09:27.777159,0910.4116v1,SWARM INTELLIGENCE,ACO has many successful applications in discrete optimization problems such as travelling salesman p,"What are the two popular swarm-inspired methods in computational intelligence, and how do they differ from one another?",useful
2025-07-15T21:09:27.777159,0910.4116v1,SWARM INTELLIGENCE,"PSO was originally designed and developed by Eberhart and Kennedy. However, it shares many similarit","What are the two popular swarm-inspired methods in computational intelligence, and how do they differ from one another?",useful
2025-07-15T21:10:50.587485,1107.2788v2,Solomonoff Induction,"Using this probability model of bitstrings, one can make predictions... universal probability model,","How does the concept of algorithmic probability relate to universal prediction and intelligence, according to the paper?",useful
2025-07-15T21:10:50.587485,1107.2788v2,The Axiomatization of Artificial Intelligence,Solomonoff's work was seminal in that he has singlehandedly axiomatized AI... probabilistic predicti,"How does the concept of algorithmic probability relate to universal prediction and intelligence, according to the paper?",useful
2025-07-15T21:10:50.587485,1109.5951v2,Universal Intelligence Measure,The universal intelligence of an agent π can then be defined as... this is compatible with the algor,"How does the concept of algorithmic probability relate to universal prediction and intelligence, according to the paper?",useful
2025-07-15T21:10:50.588486,1107.2788v2,The Axiomatization of Artificial Intelligence,ALP can be seen as a complete formalization of Occam's razor... that diversity of solutions may be u,"How does the concept of algorithmic probability relate to universal prediction and intelligence, according to the paper?",useful
2025-07-15T21:11:27.604181,1107.2788v2,2 Solomonoff Induction,His main proposal for machine learning is inductive inference for a variety of problems such as sequ,"What are some of the diverse applications of algorithmic probability mentioned in the abstract, and how do they connect to incremental machine learning?",useful
2025-07-15T21:11:27.605182,1107.2788v2,4 Incremental Machine Learning,"Solomonoff has suggested using an incremental machine learning algorithm, which can re-use informati","What are some of the diverse applications of algorithmic probability mentioned in the abstract, and how do they connect to incremental machine learning?",useful
2025-07-15T21:11:27.605182,1107.2788v2,4 Incremental Machine Learning,The gains that we saw confirmed the incremental learning proposals of Solomonoff.,"What are some of the diverse applications of algorithmic probability mentioned in the abstract, and how do they connect to incremental machine learning?",useful
2025-07-15T21:12:05.364822,1109.5951v2,6 Conclusion,Perhaps the most worrying potential problem with the Universal Intelligence Measure is its dependenc,What are the key challenges associated with developing a practical intelligence test based on the Universal Intelligence Measure as mentioned in the Abstract?,useful
2025-07-15T21:12:05.365330,0712.3825v1,6 Competitive games,"The key difficulty however, which the authors acknowledge is an open challenge, is to work out what ",What are the key challenges associated with developing a practical intelligence test based on the Universal Intelligence Measure as mentioned in the Abstract?,useful
2025-07-15T21:12:05.365330,0712.3825v1,10 Universal intelligence,Another complexity based test is the universal intelligence test...,What are the key challenges associated with developing a practical intelligence test based on the Universal Intelligence Measure as mentioned in the Abstract?,useful
2025-07-15T21:12:40.822545,1109.5951v2,#### 2.2 Universal Intelligence Measure,After surveying some 70 informal definitions of intelligence proposed by various psychologists and a,How does the Universal Intelligence Measure relate to the informal definitions of intelligence surveyed in the Background section?,useful
2025-07-15T21:12:40.823545,1109.5951v2,# Introduction,"This is a mathematical, nonanthropocentric definition of intelligence that draws on a range of propo",How does the Universal Intelligence Measure relate to the informal definitions of intelligence surveyed in the Background section?,useful
2025-07-15T21:12:40.823545,1109.5951v2,#### 2.2 Universal Intelligence Measure,"Thus, the measure spans an extremely wide range of capabilities, from the simplest reactive agents u",How does the Universal Intelligence Measure relate to the informal definitions of intelligence surveyed in the Background section?,useful
2025-07-15T21:13:20.827075,1109.5951v2,1 Introduction,"With respect to our goal of wanting to build more powerful artificial agents, we strongly support th","What is the purpose of introducing a suite of Universal Intelligence Tests according to the paper, and how does it aim to support the development of artificial agents?",useful
2025-07-15T21:13:20.828075,1109.5951v2,1 Introduction,This paper conducts a preliminary investigation into the potential for this particular measure of in,"What is the purpose of introducing a suite of Universal Intelligence Tests according to the paper, and how does it aim to support the development of artificial agents?",useful
2025-07-15T21:13:20.828075,1202.0837v1,2 Universal intelligence tests and social intelligence,An evaluation session or episode is very similar to an experiment in reinforcement learning. An agen,"What is the purpose of introducing a suite of Universal Intelligence Tests according to the paper, and how does it aim to support the development of artificial agents?",useful
2025-07-15T21:13:20.828577,0712.3825v1,10 Universal intelligence,Universal intelligence tests the performance of an agent in a fully interactive environment.,"What is the purpose of introducing a suite of Universal Intelligence Tests according to the paper, and how does it aim to support the development of artificial agents?",useful
2025-07-15T21:13:58.574242,arXiv_2311.04021,Abstract,The main objective of our research is to reduce or eliminate it by finding novel impregnation materi,What is the main objective of the paper as stated in the abstract?,useful
2025-07-15T21:13:58.574242,0712.3825v1,Abstract,"Although we have attempted to be as fair as possible, some of the scores we give on this table will ",What is the main objective of the paper as stated in the abstract?,not useful
2025-07-15T21:13:58.575242,0806.1280v1,Abstract,Crisis response poses many of the most difficult information technology in crisis management.,What is the main objective of the paper as stated in the abstract?,not useful
2025-07-15T21:13:58.575242,arXiv_2203.09718,Abstract,"It describes the pressing need to devote effort in this direction, which would deliver higher gradie",What is the main objective of the paper as stated in the abstract?,not useful
2025-07-15T21:13:58.575242,arXiv_1401.3931,Abstract,Several projects around the planet aim at building a new generation of superconducting magnets for p,What is the main objective of the paper as stated in the abstract?,not useful
2025-07-15T21:14:38.978833,1202.0837v1,2 Universal intelligence tests and social intelligence,The Darwin-Wallace distribution ... a formal way to determine which agents are introduced in a socia,How does the Darwin-Wallace distribution contribute to the evaluation of intelligence according to the introduction?,useful
2025-07-15T21:14:38.978833,1202.0837v1,9 Conclusions,"From here, we have pushed forward the idea of 'multiagent intelligence test'... the evaluated agent ",How does the Darwin-Wallace distribution contribute to the evaluation of intelligence according to the introduction?,useful
2025-07-15T21:14:38.979833,1202.0837v1,1 Introduction,This leads to a circular problem: we need to know the opponent's intelligence first in order to know,How does the Darwin-Wallace distribution contribute to the evaluation of intelligence according to the introduction?,useful
2025-07-15T21:15:22.278500,1202.0837v1,Universal intelligence tests and social intelligence,"Just selecting opponents at random would lead to a relativist view of intelligence, where we could c","What challenges are identified regarding the ability of the tests to compare humans and other agents, and what is suggested as a potential solution?",useful
2025-07-15T21:15:22.279022,1202.0837v1,Universal intelligence tests and social intelligence,The question of which agents are introduced becomes more important if we want to use the environment,"What challenges are identified regarding the ability of the tests to compare humans and other agents, and what is suggested as a potential solution?",useful
2025-07-15T21:15:22.279022,0712.3825v1,Collection of psychometric tests,"While this is obviously true of a human, or even an ape, it may not be true of a computer. Such a ma","What challenges are identified regarding the ability of the tests to compare humans and other agents, and what is suggested as a potential solution?",useful
2025-07-15T21:15:22.279541,1202.0837v1,Universal intelligence tests and social intelligence,"This makes up a new agent distribution p i A which is used to define p i S, using the formula in ste","What challenges are identified regarding the ability of the tests to compare humans and other agents, and what is suggested as a potential solution?",useful
2025-07-15T21:16:00.734544,1210.1568v1,### 2. Definition of AI,"First assumption is the thesis of Church [1], stating that every calculating device can be modelled ",What are the three acceptable assumptions made before defining AI in the paper?,useful
2025-07-15T21:16:00.734544,1210.1568v1,### 2. Definition of AI,Second assumption is that AI is a step device... and outputs a portion of information...,What are the three acceptable assumptions made before defining AI in the paper?,useful
2025-07-15T21:16:00.734544,1210.1568v1,### 2. Definition of AI,we will refer to it as 'world'... AI is in some environment which gives it a portion of information ,What are the three acceptable assumptions made before defining AI in the paper?,useful
2025-07-15T21:16:35.944652,1210.1568v1,### 1. Introduction,This paper is about one basic problem. This is the problem for defining the notion of Artificial Int,How does the definition of AI presented in the paper differ from Turing's definition?,useful
2025-07-15T21:16:35.944652,1302.0216v2,### Arbitrary world,The first definition requires for the Artificial Intelligence to manage as good as a human being in ,How does the definition of AI presented in the paper differ from Turing's definition?,useful
2025-07-15T21:16:35.944652,1109.5951v2,### 1 Introduction,A fundamental problem in strong artificial intelligence is the lack of a clear and precise definitio,How does the definition of AI presented in the paper differ from Turing's definition?,useful
2025-07-15T21:17:15.139854,1210.1568v1,2. Definition of AI,The function W orld will take as arguments the current state of the world and the influence that our,"What is the significance of the functions World(s, d) and View(s) in the context of the definition of AI?",useful
2025-07-15T21:17:15.140854,1210.1568v1,2. Definition of AI,If we have a world and a program then we can start it in this world. We will say that the program is,"What is the significance of the functions World(s, d) and View(s) in the context of the definition of AI?",useful
2025-07-15T21:17:54.965243,1302.0216v2,Abstract,Two different definitions of the Artificial Intelligence concept have been proposed...,What are the main differences between the two definitions of AI as discussed in the paper?,useful
2025-07-15T21:17:54.965243,1302.0216v2,World Complexity,Another substantial difference between both definitions is that the first considers all possible wor,What are the main differences between the two definitions of AI as discussed in the paper?,useful
2025-07-15T21:17:54.965243,1302.0216v2,Reminding,Let't to remind how were formulated the definitions of AI in [1] and [2].,What are the main differences between the two definitions of AI as discussed in the paper?,useful
2025-07-15T21:17:54.966247,1302.0216v2,Are the two definitions equivalent?,Let's take a program that needs nearly infinite time for training...,What are the main differences between the two definitions of AI as discussed in the paper?,useful
2025-07-15T21:17:54.966247,1302.0216v2,What is the basic idea?,"The idea behind the definitions of Artificial Intelligence in [1, 2] is as follows...",What are the main differences between the two definitions of AI as discussed in the paper?,useful
2025-07-15T21:18:32.164303,1302.0216v2,What is the basic idea?,The first definition assumes that the program's lifespan is infinite and therefore there is plenty o,How does the training period for AI programs differ between the first and second definitions?,useful
2025-07-15T21:18:32.164303,1302.0216v2,What is the basic idea?,We set it to zero because we cannot say how long should this period be and when it will be completed,How does the training period for AI programs differ between the first and second definitions?,useful
2025-07-15T21:19:05.957129,1302.0216v2,What is the basic idea?,"The idea behind the definitions of Artificial Intelligence in [1, 2] is as follows. If a program is ",What analogy is made between human learning and AI training in the context of this paper?,useful
2025-07-15T21:19:05.957129,1302.0216v2,What is the basic idea?,We can make a comparison with humans. The first eighteen years of human life are considered as a per,What analogy is made between human learning and AI training in the context of this paper?,useful
2025-07-15T21:19:05.957129,1302.0216v2,What is the basic idea?,The approach in the second definition is different. It assumes that the program's lifespan is bounde,What analogy is made between human learning and AI training in the context of this paper?,useful
2025-07-15T21:19:45.994958,1302.3595v1,#### 5 CONCLUSION,We have shown that the d-separation criterion is valid for identifying independencies that result fr,What does the d-separation criterion test for in relation to feedback systems involving discrete variables as stated in the abstract?,useful
2025-07-15T21:19:45.994958,1302.3595v1,## 1 INTRODUCTION,It is well known that the d-separation test is sound and complete relative to the independencies ass,What does the d-separation criterion test for in relation to feedback systems involving discrete variables as stated in the abstract?,useful
2025-07-15T21:19:45.995958,1302.3595v1,## 1 INTRODUCTION,The joint distribution of feedback systems cannot be written as a product of the conditional distrib,What does the d-separation criterion test for in relation to feedback systems involving discrete variables as stated in the abstract?,useful
2025-07-15T21:21:10.089728,1302.3595v1,1 INTRODUCTION,"The d-separation test is valid for nonlinear feedback systems and non-Gaussian distributions, provid",What extension does the paper make to the results of Spirtes and Koster regarding the validity of the d-separation test for feedback systems?,useful
2025-07-15T21:21:10.090731,1302.3595v1,5 CONCLUSION,We have shown that the d-separation criterion is valid for identifying independencies that result fr,What extension does the paper make to the results of Spirtes and Koster regarding the validity of the d-separation test for feedback systems?,useful
2025-07-15T21:21:10.090731,0712.3825v1,Abstract,The classic approach to determining whether a machine is intelligent is the so called Turing test...,What extension does the paper make to the results of Spirtes and Koster regarding the validity of the d-separation test for feedback systems?,not useful
2025-07-15T21:21:55.245105,arXiv_0706.0998,New aspects in the Bragg Glass-Disordered phase transition,"Understanding the statics and dynamics of the Abrikosov vortex lattice ... plays a fundamental role,","What is the fundamental role of understanding the statics and dynamics of the Abrikosov vortex lattice in superconducting materials, as discussed in the paper's introduction?",useful
2025-07-15T21:21:55.245105,arXiv_2412.04159,Magnetization results,"the vortex density also rises, leading the vortices to organize into ...","What is the fundamental role of understanding the statics and dynamics of the Abrikosov vortex lattice in superconducting materials, as discussed in the paper's introduction?",useful
2025-07-15T21:21:55.245105,arXiv_1707.09025,Abstract,we explore the role of inhomogeneities in nucleating vortices ...,"What is the fundamental role of understanding the statics and dynamics of the Abrikosov vortex lattice in superconducting materials, as discussed in the paper's introduction?",useful
2025-07-15T21:21:55.245105,arXiv_2406.00817,Peculiarities of niobium-based superconducting alloys,we try to fill this gap by investigating the relationships ...,"What is the fundamental role of understanding the statics and dynamics of the Abrikosov vortex lattice in superconducting materials, as discussed in the paper's introduction?",useful
2025-07-15T21:21:55.245105,arXiv_1808.01293,INTRODUCTION,"vortex matter is the ""smoking gun"" ... typically appearing in the form ...","What is the fundamental role of understanding the statics and dynamics of the Abrikosov vortex lattice in superconducting materials, as discussed in the paper's introduction?",useful
2025-07-15T21:22:33.879211,arXiv_0706.0998,Abstract,"We show that, in some conditions, this transition can occur without the observation of the Peak Effe","Which experimental technique is highlighted in the paper for detecting the Peak Effect in type-II superconductors, and how is it related to the Bragg Glass/Disordered phase transition?",useful
2025-07-15T21:22:33.879211,arXiv_cond-mat_0507658,Experimental Techniques,The technique used in the present paper is based on the observation of a dip in the real part of the,"Which experimental technique is highlighted in the paper for detecting the Peak Effect in type-II superconductors, and how is it related to the Bragg Glass/Disordered phase transition?",useful
2025-07-15T21:22:33.880211,arXiv_cond-mat_0507658,Conclusion,Both the Peak Effect phenomenon and the magnetic response in the Bragg Glass phase were studied by m,"Which experimental technique is highlighted in the paper for detecting the Peak Effect in type-II superconductors, and how is it related to the Bragg Glass/Disordered phase transition?",useful
2025-07-15T21:22:33.880211,arXiv_cond-mat_0507658,Conclusion,"This technique allowed to extend the detection of this phase transition to considerably high fields,","Which experimental technique is highlighted in the paper for detecting the Peak Effect in type-II superconductors, and how is it related to the Bragg Glass/Disordered phase transition?",useful
2025-07-15T21:23:13.113940,arXiv_0706.0998,New aspects in the Bragg Glass-Disordered phase transition,We introduce a method based on the 3rd harmonics of the AC magnetic susceptibility to detect the tra,"What new method is proposed in the paper for detecting the Bragg Glass/Disordered phase transition, and how does it differ from previously established techniques?",useful
2025-07-15T21:23:13.113940,arXiv_0706.0998,New aspects in the Bragg Glass-Disordered phase transition,the analysis of the 3rd harmonics is valuable to detect this phase transition.,"What new method is proposed in the paper for detecting the Bragg Glass/Disordered phase transition, and how does it differ from previously established techniques?",useful
2025-07-15T21:23:13.113940,arXiv_0706.0998,New aspects in the Bragg Glass-Disordered phase transition,"the Peak Effect cannot be detected anymore at higher fields/lower temperatures... Nevertheless, the ","What new method is proposed in the paper for detecting the Bragg Glass/Disordered phase transition, and how does it differ from previously established techniques?",useful
2025-07-15T21:23:54.743507,arXiv_0803.1560,Magnetic field induced 3D to 1D crossover in type II superconductors,we review and analyze... the associated 3D to 1D crossover which enhances therm al uctuations,"What specific phenomenon is indicated by the finite size effect in type-II superconductors, and how does this relate to the thermal fluctuations mentioned in the abstract?",useful
2025-07-15T21:23:54.743507,arXiv_0803.1560,Magnetic field induced 3D to 1D crossover in type II superconductors,the phenomenon of a finite size effect... relies on thermal uctuations and there enhancement origina,"What specific phenomenon is indicated by the finite size effect in type-II superconductors, and how does this relate to the thermal fluctuations mentioned in the abstract?",useful
2025-07-15T21:23:54.743507,arXiv_cond-mat_0507658,Introduction,This behavior is characterized by a phase transition in the vortex matter between the disordered and,"What specific phenomenon is indicated by the finite size effect in type-II superconductors, and how does this relate to the thermal fluctuations mentioned in the abstract?",useful
2025-07-15T21:23:54.744507,arXiv_cond-mat_0604176,I. INTRODUCTION,The most important question regarding this enhanced flux pinning is whether its origin is a dynamica,"What specific phenomenon is indicated by the finite size effect in type-II superconductors, and how does this relate to the thermal fluctuations mentioned in the abstract?",useful
2025-07-15T21:25:17.837602,arXiv_cond-mat_0604176,# **I. INTRODUCTION**,In some 'classical' low-*Tc* type-II superconductors ... a sharp peak effect in the magnetization ..,"In the context of the thermodynamic vortex melting transition described, what differences are noted between the superconductors YBa2Cu4O8 and Nb77Zr23 regarding the nature of thermal fluctuations?",useful
2025-07-15T21:25:17.838605,arXiv_cond-mat_0604098,## **A. Thermal fluctuations**,A measure of the width of the critical regime is the Ginzburg number ... small values are found in b,"In the context of the thermodynamic vortex melting transition described, what differences are noted between the superconductors YBa2Cu4O8 and Nb77Zr23 regarding the nature of thermal fluctuations?",useful
2025-07-15T21:25:17.838605,arXiv_cond-mat_0604176,# **4. DISCUSSION AND CONCLUSIONS**,"In the temperature range ... where this crossover from a solid to liquid phase takes place, pinning ","In the context of the thermodynamic vortex melting transition described, what differences are noted between the superconductors YBa2Cu4O8 and Nb77Zr23 regarding the nature of thermal fluctuations?",useful
2025-07-15T21:26:02.725752,arXiv_0804.0485,Introduction,The synthesis of the novel superconductor LaFeAsO0.89F0.1 with the transition temperature of Tc = 26,"What transition temperatures (Tc) are reported for LaFeAsO0.89F0.1 and other related oxypnictides, and what elements were substituted to achieve these temperatures?",useful
2025-07-15T21:26:02.725752,arXiv_0808.2695,Introduction,"Following the initial report, attempts have been made to enhance Tc mainly by changing the sample co","What transition temperatures (Tc) are reported for LaFeAsO0.89F0.1 and other related oxypnictides, and what elements were substituted to achieve these temperatures?",useful
2025-07-15T21:26:02.725752,arXiv_2011.02350,Normal and Superconducting State properties,We performed magnetization measurements in both zero-field cooled (ZFCW) and field cooled (FC)...,"What transition temperatures (Tc) are reported for LaFeAsO0.89F0.1 and other related oxypnictides, and what elements were substituted to achieve these temperatures?",not useful
2025-07-15T21:26:02.726752,arXiv_1010.1377,The route to high temperature superconductivity in transition metal oxides,partially replacing the Jahn-Teller ion Ni3+ by the non Jahn-Teller ion Cu3+...,"What transition temperatures (Tc) are reported for LaFeAsO0.89F0.1 and other related oxypnictides, and what elements were substituted to achieve these temperatures?",not useful
2025-07-15T21:26:02.726752,arXiv_0808.2695,Electrical resistivity analysis,emission spectroscopy...,"What transition temperatures (Tc) are reported for LaFeAsO0.89F0.1 and other related oxypnictides, and what elements were substituted to achieve these temperatures?",not useful
2025-07-15T21:27:16.743187,arXiv_0808.2695,IN T R O D U C T IO N,Tc increases significantly when La is replaced by other rare earth elements (R) of smaller ionic siz,"What three main characteristics differentiate the newly discovered oxypnictide superconductors from other known superconductors, based on the theoretical outlook and experimental results discussed in the paper?",useful
2025-07-15T21:27:16.744188,arXiv_0804.0485,"R. Jin, A.S. Sefat, M.A. McGuire, B.C. Sales, D.K. Christen, D. Mandrus",ab-initio calculations indicate that superconductivity originates from the d-orbitals of what would ,"What three main characteristics differentiate the newly discovered oxypnictide superconductors from other known superconductors, based on the theoretical outlook and experimental results discussed in the paper?",useful
2025-07-15T21:27:16.744188,arXiv_0804.0485,"R. Jin, A.S. Sefat, M.A. McGuire, B.C. Sales, D.K. Christen, D. Mandrus","superconductivity emerges on several disconnected pieces of the Fermi surface, thus exhibiting the m","What three main characteristics differentiate the newly discovered oxypnictide superconductors from other known superconductors, based on the theoretical outlook and experimental results discussed in the paper?",useful
2025-07-15T21:27:53.110849,arXiv_0805.1388,Abstract,"Carbon-doped films have exhibited upper critical fields, μ*0Hc2*, as high as 60 T and a possible upp",What are the predicted upper critical fields for carbon-doped MgB2 films mentioned in the abstract?,useful
2025-07-15T21:28:28.322871,arXiv_0805.1388,5. Conclusion,carefully selected dopants that: (i) increase *Hc2*...,How does the selection and homogeneity of dopants influence the enhancement of Hc2 in MgB2 conductors?,useful
2025-07-15T21:28:28.322871,arXiv_0805.1388,2.3 Electronic Specific Heat and Compositional Inhomogeneity,In selecting and introducing potential *Hc2*- enhancing dopants...,How does the selection and homogeneity of dopants influence the enhancement of Hc2 in MgB2 conductors?,useful
2025-07-15T21:28:28.323872,arXiv_0805.1388,5. Conclusion,but in addition to the incremental improvements that are already...,How does the selection and homogeneity of dopants influence the enhancement of Hc2 in MgB2 conductors?,useful
2025-07-15T21:28:28.323872,arXiv_0805.1388,1.1. Intrinsic Properties,the two most crucial improvements needed to significantly enhance MgB2 performance are: (i) homogeno,How does the selection and homogeneity of dopants influence the enhancement of Hc2 in MgB2 conductors?,useful
2025-07-15T21:29:09.362214,arXiv_0805.1388,Extrinsic Properties,the effective transport cross-sectional area is less than the conductor's geometrical cross-sectiona,What percentage of the conductor's cross-sectional area is typically able to carry transport current according to the paper?,useful
2025-07-15T21:29:09.362214,arXiv_0805.1388,Extrinsic Properties,the deduced values of *F* for our bulk powder-processed samples yielded connectivities of from 11 to,What percentage of the conductor's cross-sectional area is typically able to carry transport current according to the paper?,useful
2025-07-15T21:29:09.362214,arXiv_2205.12864,Framework of numerical model,transport currents strictly flow along the composite Nb3Sn wires without a short circuit,What percentage of the conductor's cross-sectional area is typically able to carry transport current according to the paper?,not useful
2025-07-15T21:29:09.362214,arXiv_2205.12864,Framework of numerical model,the angular component of magnetic field *B//* as 0,What percentage of the conductor's cross-sectional area is typically able to carry transport current according to the paper?,not useful
2025-07-15T21:29:09.362214,arXiv_2306.13071,Exponential dependence of the current,the thickness of the layer (where the dissipative-free transport current flows,What percentage of the conductor's cross-sectional area is typically able to carry transport current according to the paper?,not useful
2025-07-15T21:29:09.363215,arXiv_0805.1388,Extrinsic Properties,displaying the effects of flux pinning and connectivity,What percentage of the conductor's cross-sectional area is typically able to carry transport current according to the paper?,not useful
2025-07-15T21:29:09.363215,arXiv_cond-mat_0202386,BSCCO WIRE,"the annual production of NbTi by *IGC* is about 20,000 km/yr",What percentage of the conductor's cross-sectional area is typically able to carry transport current according to the paper?,not useful
2025-07-15T21:30:08.352396,arXiv_0808.2695,IV. CONCLUSIONS,"For nonsuperconducting PrFeAsO, below 155 K shows a power-law behavior whereas in the high temperatu","What are the observed characteristics of resistivity in PrFeAsO<sup>x</sup>F<sup>y</sup> samples as temperature varies, and what do they indicate about electron-phonon coupling?",useful
2025-07-15T21:30:08.353399,arXiv_0808.2695,IV. CONCLUSIONS,Our results suggest that Fe-based oxypnictides are phonon mediated BCS superconductors like Chevrel ,"What are the observed characteristics of resistivity in PrFeAsO<sup>x</sup>F<sup>y</sup> samples as temperature varies, and what do they indicate about electron-phonon coupling?",useful
2025-07-15T21:30:08.353399,arXiv_0808.2695,Abstract,The temperature dependence of resistivity of PrFeAsO1-xFy samples indicates strong electron-phonon c,"What are the observed characteristics of resistivity in PrFeAsO<sup>x</sup>F<sup>y</sup> samples as temperature varies, and what do they indicate about electron-phonon coupling?",useful
2025-07-15T21:30:08.353399,arXiv_cond-mat_0106344,Abstract,"The phonon drag term was not previously recognized, in fact its peak is shifted above room temperatu","What are the observed characteristics of resistivity in PrFeAsO<sup>x</sup>F<sup>y</sup> samples as temperature varies, and what do they indicate about electron-phonon coupling?",not useful
2025-07-15T21:30:08.353399,arXiv_0805.1388,*3.2. General Connectivity*,Since the effect of general porosity can be regarded as a geometrical phenomenon it is postulated th,"What are the observed characteristics of resistivity in PrFeAsO<sup>x</sup>F<sup>y</sup> samples as temperature varies, and what do they indicate about electron-phonon coupling?",not useful
2025-07-15T21:30:08.353399,arXiv_1310.5529,NMR Study of the Superconducting Gap Variation near the Mott Transition in Cs3C60,The observed increase of both ∆ and χs(Tc) when p decreases allows to think that the modification of,"What are the observed characteristics of resistivity in PrFeAsO<sup>x</sup>F<sup>y</sup> samples as temperature varies, and what do they indicate about electron-phonon coupling?",not useful
2025-07-15T21:30:50.811471,arXiv_0808.2695,I. INTRODUCTION,It has been shown that T_c increases significantly when La is replaced by other rare earth elements ,How does the replacement of La with other rare earth elements affect the superconducting transition temperature (Tc) in iron-based layered oxypnictides?,useful
2025-07-15T21:30:50.811471,arXiv_0804.0485,"R. Jin, A.S. Sefat, M.A. McGuire, B.C. Sales, D.K. Christen, D. Mandrus","The superconducting transition temperatures Tc of 25-28 K, which can be raised to 40-43 K by replaci",How does the replacement of La with other rare earth elements affect the superconducting transition temperature (Tc) in iron-based layered oxypnictides?,useful
2025-07-15T21:30:50.811471,arXiv_2102.12271,1. Introduction,High-entropy alloys (HEAs) are typically defined as alloys containing at least five elements with co,How does the replacement of La with other rare earth elements affect the superconducting transition temperature (Tc) in iron-based layered oxypnictides?,not useful
2025-07-15T21:30:50.812471,arXiv_1010.1377,The route to high temperature superconductivity in transition metal oxides,In this system metallic conductivity was observed down to 100K followed by a transition to localizat,How does the replacement of La with other rare earth elements affect the superconducting transition temperature (Tc) in iron-based layered oxypnictides?,not useful
2025-07-15T21:30:50.812471,arXiv_1012.1771,2.7 Iron Arsenides,The final family provides an appropriately symmetric closure to the first quarter century of high te,How does the replacement of La with other rare earth elements affect the superconducting transition temperature (Tc) in iron-based layered oxypnictides?,not useful
2025-07-15T21:31:32.486396,arXiv_0808.2695,I. INTRODUCTION,The stoichiometric compound RFeAsO undergoes a structural phase transition around Ts= 150 K and exhi,"What are the structural and magnetic phase transition behaviors of the stoichiometric compound RFeAsO, and how do they relate to its transition to a superconducting state?",useful
2025-07-15T21:31:32.486396,arXiv_0808.2695,I. INTRODUCTION,Partial substitution of fluorine for oxygen or creating oxygen vacancy suppresses both structural an,"What are the structural and magnetic phase transition behaviors of the stoichiometric compound RFeAsO, and how do they relate to its transition to a superconducting state?",useful
2025-07-15T21:32:15.780642,arXiv_0812.4463,Introduction,Superconducting wires used in various applications are made of very fine filaments ... performances ,"What are the effects of filament twist pitch and inter-filament transverse resistivity on the current transfer length, as discussed in the Introduction?",useful
2025-07-15T21:32:15.780642,arXiv_cond-mat_0607345,4.1. Bending strain,It was recognised by Ekin...the distance between the periodically distributed peak strains in the fi,"What are the effects of filament twist pitch and inter-filament transverse resistivity on the current transfer length, as discussed in the Introduction?",not useful
2025-07-15T21:32:15.780642,arXiv_0812.4463,Abstract,We have performed a direct measurement of the inter-filament resistance ...,"What are the effects of filament twist pitch and inter-filament transverse resistivity on the current transfer length, as discussed in the Introduction?",not useful
2025-07-15T21:32:15.780642,arXiv_1110.3208,A. Critical current and n-value,The measurements are performed at a temperature of 4.2 K...the local strain distribution and interfi,"What are the effects of filament twist pitch and inter-filament transverse resistivity on the current transfer length, as discussed in the Introduction?",not useful
2025-07-15T21:32:49.704074,arXiv_0812.4463,Abstract,We have performed a direct measurement of the inter-filament transverse resistance within the cross-,"How was the inter-filament transverse resistance measured in the study, according to the Abstract?",useful
2025-07-15T21:33:25.499591,arXiv_0812.4463,Abstract,Results have been compared to the inter-filament resistance of a sample on which the outer copper st,What conclusions were drawn about the current transfer paths within the wire cross section when comparing samples with and without the outer copper stabilization layer?,useful
2025-07-15T21:33:25.499591,arXiv_0812.4463,Conclusions and perspectives,We have performed a direct measurement of the inter-filament resistance in Nb3Sn multifilamentary wi,What conclusions were drawn about the current transfer paths within the wire cross section when comparing samples with and without the outer copper stabilization layer?,useful
2025-07-15T21:34:10.538467,arXiv_0812.4715,## **I. INTRODUCTION**,"For example, new types of phase transitions from one type of flux-lattice symmetry to another have b","What methods were used to explore the non-superconducting core structure of fluxons in superconductors, as discussed in the Introduction?",useful
2025-07-15T21:34:10.538467,arXiv_0812.4715,## **I. INTRODUCTION**,Scanning tunneling microscopy has revealed the existence of internal electronic states within the co,"What methods were used to explore the non-superconducting core structure of fluxons in superconductors, as discussed in the Introduction?",useful
2025-07-15T21:34:10.538467,arXiv_0812.4715,## **I. INTRODUCTION**,Magnetization measurements have revealed a field dependence to the fluxon core size.,"What methods were used to explore the non-superconducting core structure of fluxons in superconductors, as discussed in the Introduction?",useful
2025-07-15T21:34:10.539468,arXiv_0812.4715,## **I. INTRODUCTION**,Muon spin rotation spectroscopy have not only confirmed the field dependence of the core size but al,"What methods were used to explore the non-superconducting core structure of fluxons in superconductors, as discussed in the Introduction?",useful
2025-07-15T21:34:50.113219,arXiv_0812.4715,Abstract,... attainment of a FFF phase is indicated by the saturation at highest currents of flux-flow dissip,What is the significance of achieving a free flux flow (FFF) dynamic state in the context of high-density direct currents in V3Si and LuNi2B2C?,useful
2025-07-15T21:34:50.113219,arXiv_0812.4715,IV. CONCLUSIONS,... free flux flow resistivity levels ... are consistent with the Kogan-Zelezhina (KZ) model ...,What is the significance of achieving a free flux flow (FFF) dynamic state in the context of high-density direct currents in V3Si and LuNi2B2C?,useful
2025-07-15T21:34:50.113219,arXiv_0812.4715,II. EXPERIMENTAL DETAILS,... driving the fluxons toward a FFF phase is done by pulsing the current ...,What is the significance of achieving a free flux flow (FFF) dynamic state in the context of high-density direct currents in V3Si and LuNi2B2C?,useful
2025-07-15T21:34:50.113219,arXiv_cond-mat_0211217,Abstract,The peak effect in critical current density ... studied by bulk magnetometry ...,What is the significance of achieving a free flux flow (FFF) dynamic state in the context of high-density direct currents in V3Si and LuNi2B2C?,not useful
2025-07-15T21:35:27.643462,arXiv_0812.4715,Abstract,We report the effect of the magnetic field-dependent fluxon core size on flux flow resistivity *ρf*.,"How does the field-dependent fluxon core size relate to the flux flow resistivity ρf, as mentioned in the Abstract?",useful
2025-07-15T21:35:27.643462,arXiv_0812.4715,IV. CONCLUSIONS,Free flux flow resistivity levels determined by DC transport measurements in weakly-pinned systems a,"How does the field-dependent fluxon core size relate to the flux flow resistivity ρf, as mentioned in the Abstract?",useful
2025-07-15T21:35:27.644462,arXiv_0812.4715,I. INTRODUCTION,Fluxon core structure and shape greatly affect the way the vortices interact.,"How does the field-dependent fluxon core size relate to the flux flow resistivity ρf, as mentioned in the Abstract?",useful
2025-07-15T21:36:08.192289,arXiv_0903.3286,# Surface reconstruction and energy gap of superconducting V3Si(001),"A yet unknown surface reconstruction of V3Si(001), which is most likely induced by carbon, is used t",What method was used to investigate the quasi-particle energy gap in V3Si(001)?,useful
2025-07-15T21:36:08.193289,arXiv_0903.3286,## IV. SUMMARY,Spatially resolved spectroscopy revealed that the width of the energy gap does not depend on the sur,What method was used to investigate the quasi-particle energy gap in V3Si(001)?,useful
2025-07-15T21:36:08.193289,arXiv_0903.3286,## I. INTRODUCTION,Superconductivity is one of the most vividly investigated research fields in solid state physics. In,What method was used to investigate the quasi-particle energy gap in V3Si(001)?,useful
2025-07-15T21:36:50.914837,arXiv_0903.3286,# Surface reconstruction and energy gap of superconducting V3Si(001),the width of the gap was virtually not altered at and close to carbon impurities,How did carbon impurities affect the width of the energy gap on the reconstructed surface?,useful
2025-07-15T21:36:50.915842,arXiv_0903.3286,# Surface reconstruction and energy gap of superconducting V3Si(001),"a remarkable modification of the spectroscopic signature of the gap was induced, however, upon movin",How did carbon impurities affect the width of the energy gap on the reconstructed surface?,useful
2025-07-15T21:37:30.391881,arXiv_0903.3286,Surface reconstruction and energy gap of superconducting V3Si(001),"A remarkable modification of the spectroscopic signature of the gap was induced, however, upon movin",What spectroscopic feature was observed when the tip of the microscope made contact with the superconductor?,useful
2025-07-15T21:38:14.638551,arXiv_0905.0029,# Super,"Superfluid density, free energy and specific heat are given in the form am enable for fitting the ex",What experimental data is used to test the developed approach for the two-band superconductor in the study?,useful
2025-07-15T21:38:14.638551,arXiv_2109.12446,## IV. CONCLUSIONS,"Simultaneous measurements of London penetration depth and superconducting transition temperature, Tc",What experimental data is used to test the developed approach for the two-band superconductor in the study?,useful
2025-07-15T21:38:14.638551,arXiv_1006.3124,## Abstract,We report on investigations of the superconducting energy gap of the A15 superconductor Nb3Sn by poi,What experimental data is used to test the developed approach for the two-band superconductor in the study?,useful
2025-07-15T21:38:14.638551,arXiv_0804.0485,## **Supplemental material: the two gap theory.**,"To analyze the experimental data, we use the theory of two-gap s-wave pairing...",What experimental data is used to test the developed approach for the two-band superconductor in the study?,not useful
2025-07-15T21:38:14.639552,arXiv_1311.3420,# Testing V3Si for two-band superconductivity,Is V3Si a two-band or a single-band superconductor? Everyone who searches the literature for this qu,What experimental data is used to test the developed approach for the two-band superconductor in the study?,not useful
2025-07-15T21:38:52.316038,arXiv_0905.0029,# Super,The pairing potentials obtained from the fit of the super fluid density data in MgB2 crystal were us,How are the pairing potentials derived from the superfluid density data utilized in the calculation of specific heat?,useful
2025-07-15T21:39:49.178387,arXiv_0905.0029,Summary,if the interband coupling is negative (repulsive) it may cause the two order parameters to have oppo,"What effects does inter-band scattering have on the critical temperature, and how does it differ between inter-band repulsion and attraction?",useful
2025-07-15T21:39:49.178387,arXiv_0905.0029,T<sup>c</sup> SUPPRESSION BY NON-MAGNETIC IMPURITIES,the sign of the interband coupling does affect the Tc suppression.. with positive 12 the suppression,"What effects does inter-band scattering have on the critical temperature, and how does it differ between inter-band repulsion and attraction?",useful
2025-07-15T21:40:37.024444,arXiv_0907.0411,I. INTRODUCTION,Nb3Sn is a well known intermetallic compound...and a superconducting transition at about TC = 18 K.,"What are the transition temperatures associated with the martensitic and superconducting transitions in Nb3Sn, and how do they correlate according to the specific heat measurements?",useful
2025-07-15T21:40:37.024444,arXiv_0907.0411,IV. CONCLUSIONS,"In conclusion, in this work we present new specific heat measurements...is a second order or weakly ","What are the transition temperatures associated with the martensitic and superconducting transitions in Nb3Sn, and how do they correlate according to the specific heat measurements?",useful
2025-07-15T21:40:37.024444,arXiv_0907.0411,A. Specific Heat Measurements,The specific heat measurements were performed...the superconducting transition temperature onsets ha,"What are the transition temperatures associated with the martensitic and superconducting transitions in Nb3Sn, and how do they correlate according to the specific heat measurements?",useful
2025-07-15T21:40:37.025445,arXiv_1310.6729,4.1 Viewpoint of our specific heat studies,...but at 18.1 K for HTs below 650°C. The amplitude of the Ce jump at TC significantly rises...,"What are the transition temperatures associated with the martensitic and superconducting transitions in Nb3Sn, and how do they correlate according to the specific heat measurements?",not useful
2025-07-15T21:40:37.025445,arXiv_1904.08611,I. Introduction,...Nb3Sn is the most commonly used material for manufacturing high-field magnets...,"What are the transition temperatures associated with the martensitic and superconducting transitions in Nb3Sn, and how do they correlate according to the specific heat measurements?",not useful
2025-07-15T21:41:18.749684,arXiv_0907.0411,IV. CONCLUSIONS,"Due to the excellent quality of the samples, we have observed a clear specific heat feature at the m","What evidence is provided in the paper regarding the order of the martensitic transition in Nb3Sn, and how does it compare to the expected hysteretic behavior of first-order transitions?",useful
2025-07-15T21:41:18.749684,arXiv_0907.0411,I. INTRODUCTION,"Nevertheless, other experimental results have shown an absence of latent heat and hysteresis at the ","What evidence is provided in the paper regarding the order of the martensitic transition in Nb3Sn, and how does it compare to the expected hysteretic behavior of first-order transitions?",useful
2025-07-15T21:41:18.750689,arXiv_2204.03729,1. Introduction,The martensitic transformation (MT) is a second-order displacive structural transformation ... its c,"What evidence is provided in the paper regarding the order of the martensitic transition in Nb3Sn, and how does it compare to the expected hysteretic behavior of first-order transitions?",useful
2025-07-15T21:41:55.164443,arXiv_cond-mat_0403590,Conclusion,The observed features are consistent with the presence of a second gap about 6 times smaller than th,"What features related to the superconducting state were observed in the specific heat measurements of Nb3Sn, and how do they relate to the presence of a single superconducting energy gap?",useful
2025-07-15T21:41:55.164443,arXiv_0907.0411,Conclusion,In addition we observed in the specific heat measurements at low temperatures the existence of only ,"What features related to the superconducting state were observed in the specific heat measurements of Nb3Sn, and how do they relate to the presence of a single superconducting energy gap?",useful
2025-07-15T21:41:55.164443,arXiv_1006.3124,Abstract,"Instead of the predicted exponential decay below Tc according to single-gap BCS theory, a plateau at","What features related to the superconducting state were observed in the specific heat measurements of Nb3Sn, and how do they relate to the presence of a single superconducting energy gap?",useful
2025-07-15T21:42:35.166293,arXiv_2304.10766,Results,"the fitting in Fig. 2(b) yields Δ1= 1.36 meV, Δ2= 1.90 meV and 1 = 0.94, 2 = 0.06. Therefore, the ba","What evidence supports the existence of two bands contributing to the film conductivity in V3Si, according to the temperature dependence of the transmittance spectra?",useful
2025-07-15T21:42:35.166293,arXiv_2109.12446,IV. CONCLUSIONS,a kink at higher reduced temperatures (signaling of two barely-coupled gaps); (3) a significant shif,"What evidence supports the existence of two bands contributing to the film conductivity in V3Si, according to the temperature dependence of the transmittance spectra?",useful
2025-07-15T21:43:57.694915,arXiv_2109.12446,I. INTRODUCTION,a multi-gap superconductivity is needed as well to understand the measurements. Here we focus on a m,"Which theoretical and experimental studies are cited in the paper to provide background on two-band superconductivity, particularly with respect to V3Si and how does this relate to the presence of multiple superconducting gaps?",useful
2025-07-15T21:43:57.694915,arXiv_2109.12446,IV. CONCLUSIONS,Specific features such as a kink at higher reduced temperatures (signaling of two barely-coupled gap,"Which theoretical and experimental studies are cited in the paper to provide background on two-band superconductivity, particularly with respect to V3Si and how does this relate to the presence of multiple superconducting gaps?",useful
2025-07-15T21:43:57.695916,arXiv_2304.10766,Introduction,"However, direct gap measurements such as STM and photoemission spectroscopy (PES) so far only observ","Which theoretical and experimental studies are cited in the paper to provide background on two-band superconductivity, particularly with respect to V3Si and how does this relate to the presence of multiple superconducting gaps?",useful
2025-07-15T21:43:57.695916,arXiv_2304.10766,Introduction,We show that these behaviors can be well explained by multiband superconductivity: the gap observed ,"Which theoretical and experimental studies are cited in the paper to provide background on two-band superconductivity, particularly with respect to V3Si and how does this relate to the presence of multiple superconducting gaps?",useful
2025-07-15T21:43:57.695916,arXiv_1006.3124,Abstract,The discovery of two-band superconductivity in MgB2 has revitalized the interest in multigap superco,"Which theoretical and experimental studies are cited in the paper to provide background on two-band superconductivity, particularly with respect to V3Si and how does this relate to the presence of multiple superconducting gaps?",useful
2025-07-15T21:46:14.152497,arXiv_0910.1270,INTRODUCTION,"Vortex matter in type-II superconductors exhibits a huge variety of interesting effects, the investi",What previous experiments or theories are referenced in the paper to support the technique of applying an oscillating magnetic field in the context of superconductivity?,useful
2025-07-15T21:46:14.153496,arXiv_1110.4388,Current driven pinning strength in the vortex lattice of Nb3Sn aided by a small oscillating magnetic field,By the application of a small oscillating magnetic field parallel to the main magnetic field and per,What previous experiments or theories are referenced in the paper to support the technique of applying an oscillating magnetic field in the context of superconductivity?,useful
2025-07-15T21:46:14.153496,arXiv_1608.00175,Why GHz is slow,Calculations of the superheating field for DC applied magnetic fields will be accurate for RF applic,What previous experiments or theories are referenced in the paper to support the technique of applying an oscillating magnetic field in the context of superconductivity?,useful
2025-07-15T21:46:14.153496,arXiv_2212.02396,1. Introduction,The majority of experimental works in superconductivity utilizes classical the Bardeen-Cooper-Schrie,What previous experiments or theories are referenced in the paper to support the technique of applying an oscillating magnetic field in the context of superconductivity?,not useful
2025-07-15T21:46:14.154495,arXiv_1010.4695,Anomalous Meissner effect in pnictide superconductors,"surface, σ ≤ ξ) where it is effective is of the order of the thermodynamic critical field Hc = √ Hc1",What previous experiments or theories are referenced in the paper to support the technique of applying an oscillating magnetic field in the context of superconductivity?,not useful
2025-07-15T21:46:56.613847,arXiv_2005.14348,Acknowledgments,Use of the Advanced Photon Source at Argonne National Laboratory was supported by the U. S. Departme,What type of support was acknowledged in the paper?,useful
2025-07-15T21:46:56.614848,arXiv_1509.02791,ACKNOWLEDGMENTS,"This research was supported by the EPSRC, Agency for Science, Technology and Research (A?STAR)...",What type of support was acknowledged in the paper?,useful
2025-07-15T21:46:56.614848,arXiv_1701.00446,5. Acknowledgement,The authors from NHMFL thank financial supports in part by the U.S. Department of Energy...,What type of support was acknowledged in the paper?,useful
2025-07-15T21:46:56.615395,arXiv_2110.02025,ACKNOWLEDGMENTS,"This Research is supported by the U.S. Department of Energy, Office of Basic Energy Sciences...",What type of support was acknowledged in the paper?,useful
2025-07-15T21:46:56.615395,arXiv_1808.02864,Acknowledgements,"Work at LBNL was supported by the Director, Office of Science of the U.S. Department of Energy...",What type of support was acknowledged in the paper?,useful
2025-07-15T21:47:33.299801,arXiv_2208.14323,# arXiv:2208.14323,**PDF Path:** apl/Superconductors/arXiv:2208.14323.pdf,"Is there a PDF available for the paper, and if not, what does the note say regarding the PDF?",useful
2025-07-15T21:47:33.299801,arXiv_2208.14323,# arXiv:2208.14323,**Processing Status:** complete,"Is there a PDF available for the paper, and if not, what does the note say regarding the PDF?",useful
2025-07-15T21:48:14.434311,arXiv_2204.02536,# Next-Generation Superconducting RF Technology based on Advanced Thin Film Technologies and Innovative Materials for Accelerator Enhanced Performance & Energy Reach,"A.- M. Valente-Feliciano1 1 , C. Antoine 2 ...",Where can one find links to information about the author or contact details for the paper?,useful
2025-07-15T21:48:14.434311,arXiv_2203.09718,# **An Impartial Perspective on Superconducting Nb3Sn coated Cu RF Cavities for Future Accelerators**,E. Barzi* *Fermi National Accelerator ...,Where can one find links to information about the author or contact details for the paper?,useful
2025-07-15T21:48:14.435312,arXiv_1909.05695,## X. ACKNOWLEDGMENTS,"Authored by Jefferson Science Associates, LLC ...",Where can one find links to information about the author or contact details for the paper?,useful
2025-07-15T21:48:14.435312,arXiv_2109.07066,## **Acknowledgment**,This manuscript is based upon work supported ...,Where can one find links to information about the author or contact details for the paper?,useful
2025-07-15T21:48:14.435312,arXiv_0812.4715,# **Flux quanta driven by high-density currents in low-impurity V3Si and LuNi2B2C: free flux flow and fluxon-core size effect**,"A. A. Gapud, S. Moraes ...",Where can one find links to information about the author or contact details for the paper?,not useful
2025-07-15T21:48:58.092788,arXiv_1102.5693,Introduction,The A15 is a Néel antiferromagnet (AF) while the fcc phase...different pressures pc of 3.5(5) kbar a,What are the distinct critical pressures (pc) and temperatures (Tc) identified for the Mott transitions to superconductivity in the different structures of Cs3C60?,useful
2025-07-15T21:48:58.093788,arXiv_1703.03350,Abstract,"Unique among alkali-doped *A*3C60 fullerene compounds, the A15 and fcc forms of Cs3C60 exhibit super",What are the distinct critical pressures (pc) and temperatures (Tc) identified for the Mott transitions to superconductivity in the different structures of Cs3C60?,useful
2025-07-15T21:48:58.093788,arXiv_2208.09429,Introduction,The superconductivity of this A15 phase was found to exhibit a dome-shape with pressure or volume oc,What are the distinct critical pressures (pc) and temperatures (Tc) identified for the Mott transitions to superconductivity in the different structures of Cs3C60?,useful
2025-07-15T21:49:33.130263,arXiv_1310.6969,Abstract,"the bipartite A15 phase displays Néel order at 47K, while magnetic freezing only occurs at lower tem","How do the ground state magnetism and high temperature properties of the Mott phases differ in Cs3C60, according to the study?",useful
2025-07-15T21:49:33.130263,arXiv_1003.2937,NMR study of the Mott transitions to superconductivity in the two Cs3C60 phases,"Though the ground state magnetism of the Mott phases differs, their high T paramagnetic and SC prope","How do the ground state magnetism and high temperature properties of the Mott phases differ in Cs3C60, according to the study?",useful
2025-07-15T21:50:11.026848,arXiv_1310.6969,1. Introduction,the absence of magnetism in the ground state ... could only be ascribed to the simultaneous influenc,What evidence is provided in the paper to support the occurrence of a Mott Jahn-Teller insulator in the alkali doped fullerides?,useful
2025-07-15T21:50:11.027848,arXiv_1310.6969,Email: alloul@lps.u-psud.fr,the interplay of strong correlations and Jahn Teller distortions of the C60 ball ... deviations from,What evidence is provided in the paper to support the occurrence of a Mott Jahn-Teller insulator in the alkali doped fullerides?,useful
2025-07-15T21:50:11.027848,arXiv_1204.0253,Electronic correlations stabilize the antiferromagnetic Mott state in Cs3C<sup>60</sup>,Despite the bipartite nature of the A15 structure ... electron correlations can be invoked to explai,What evidence is provided in the paper to support the occurrence of a Mott Jahn-Teller insulator in the alkali doped fullerides?,useful
2025-07-15T21:50:11.027848,arXiv_1609.08774,Nanoscale orbital excitations and the infrared spectrum of a molecular Mott insulator: A15-Cs3C<sup>60</sup>,unbroken spin and orbital symmetry of the ion multiplets explains the IR spectrum ... demonstrating ,What evidence is provided in the paper to support the occurrence of a Mott Jahn-Teller insulator in the alkali doped fullerides?,useful
2025-07-15T21:51:44.729997,arXiv_cond-mat_0403590,Conclusion,The new specific-heat measurements presented in this work on a particularly homogeneous polycrystall,How does the specific heat behavior of Nb3Sn at low temperatures support the existence of multiple energy gaps?,useful
2025-07-15T21:51:44.730997,arXiv_1006.3124,Abstract,We report on investigations of the superconducting energy gap of the A15 superconductor Nb3Sn by poi,How does the specific heat behavior of Nb3Sn at low temperatures support the existence of multiple energy gaps?,useful
2025-07-15T21:51:44.730997,arXiv_0907.0411,## IV. CONCLUSIONS,"Our data of the specific heat measurements in this temperature interval, do not show any feature or ",How does the specific heat behavior of Nb3Sn at low temperatures support the existence of multiple energy gaps?,useful
2025-07-15T21:51:44.730997,arXiv_0907.0411,## IV. CONCLUSIONS,"In conclusion, in this work we present new specific heat measurements performed in high quality Nb3S",How does the specific heat behavior of Nb3Sn at low temperatures support the existence of multiple energy gaps?,not useful
2025-07-15T21:51:44.730997,arXiv_cond-mat_0403590,## **Conclusion**,"Thus, the specific heat behavior at low temperatures, showcasing anomalies and non-BCS-like behavior",How does the specific heat behavior of Nb3Sn at low temperatures support the existence of multiple energy gaps?,not useful
2025-07-15T21:52:24.390091,arXiv_1006.3124,Abstract,We performed point-contact spectroscopy on Nb3Sn in order to directly probe the structure of the sup,"What method was employed to directly probe the structure of the superconducting energy gap in Nb3Sn, and what are its advantages?",useful
2025-07-15T21:52:24.390091,arXiv_1006.3124,Abstract,The sensitivity of point-contact spectroscopy on the energy gap results from almost ballistic quasip,"What method was employed to directly probe the structure of the superconducting energy gap in Nb3Sn, and what are its advantages?",useful
2025-07-15T21:53:02.868080,arXiv_1010.1377,The route to high temperature superconductivity in transition metal oxides,These experiments enabled the identification of the order parameter of the structural instability ob,What experiments were conducted to identify the order parameter of the structural instability in SrTiO3 and LaAlO3?,useful
2025-07-15T21:53:41.840654,arXiv_1010.1377,The route to high temperature superconductivity in transition metal oxides,it was subsequently shown [3] that Tc can be enhanced to 1.2K by doping SrTiO3 with Nb.,What is the significance of doping SrTiO3 with Nb in relation to its transition temperature?,useful
2025-07-15T21:53:41.840654,arXiv_1908.10007,Enhancement of the upper critical field in the cubic Laves-phase superconductor HfV2 by Nb doping,a maximum in Tc of 10.1 K and zero-temperature upper critical field Bc2(0) of 22.4 T is found at x =,What is the significance of doping SrTiO3 with Nb in relation to its transition temperature?,useful
2025-07-15T21:54:21.539546,arXiv_1010.1377,The route to high temperature superconductivity in transition metal oxides,"Opposite to crystalline Al, the small metallic grains in the non-crystalline Al, are surrounded by a",How do the properties of granular Al compare to those of crystalline Al in terms of enhancing Tc?,useful
2025-07-15T21:55:06.823898,arXiv_1010.4695,Anomalous Meissner effect in pnictide superconductors,the following characteristic behavior has been observed: magnetization measured as a function of an ,"What factors determine the behavior of a real, finite specimen in a magnetic field as discussed in the introduction of the paper?",useful
2025-07-15T21:55:06.823898,arXiv_1010.4695,Anomalous Meissner effect in pnictide superconductors,the resulting magnetic moment at low temperatures depends on the competition between Meissner expuls,"What factors determine the behavior of a real, finite specimen in a magnetic field as discussed in the introduction of the paper?",useful
2025-07-15T21:55:06.823898,arXiv_1010.4695,Anomalous Meissner effect in pnictide superconductors,"the value of Hp depends on various parameters, such as sample shape, surface quality, anisotropy and","What factors determine the behavior of a real, finite specimen in a magnetic field as discussed in the introduction of the paper?",useful
2025-07-15T21:55:06.823898,arXiv_1511.05086,Introduction,"The Nb3Sn phase, which finds significant applications in the construction of 12-20 T magnets...","What factors determine the behavior of a real, finite specimen in a magnetic field as discussed in the introduction of the paper?",not useful
2025-07-15T21:55:06.823898,arXiv_1512.00845,INTRODUCTION,"During the first stage, the main goals of the project are composed of: 1) to obtain the maximum magn","What factors determine the behavior of a real, finite specimen in a magnetic field as discussed in the introduction of the paper?",not useful
2025-07-15T21:55:46.124830,arXiv_1010.4695,Anomalous Meissner effect in pnictide superconductors,"the amount of the expelled flux increases almost linearly with the applied magnetic field, at least ",How does the amount of expelled flux behave with respect to the applied magnetic field in the experiments conducted on Ba(Fe0.926Co0.074)2As2 and Ba0.6K0.4Fe2As2?,useful
2025-07-15T21:55:46.124830,arXiv_1010.4695,Anomalous Meissner effect in pnictide superconductors,"One possible interpretation of these data, suppression of the magnetic pair-breaking, is discussed..",How does the amount of expelled flux behave with respect to the applied magnetic field in the experiments conducted on Ba(Fe0.926Co0.074)2As2 and Ba0.6K0.4Fe2As2?,useful
2025-07-15T21:56:26.969091,arXiv_1010.4695,Anomalous Meissner effect in pnictide superconductors,"In the field-cooled experiment, the resulting magnetic moment at low temperatures depends on the com",What role does the surface barrier play in determining irreversibility in unconventional superconductors as mentioned in the latter sections of the paper?,useful
2025-07-15T21:56:26.969091,arXiv_1010.4695,Anomalous Meissner effect in pnictide superconductors,One interesting possibility is that the magnetic field aligns local magnetic moments of iron ions as,What role does the surface barrier play in determining irreversibility in unconventional superconductors as mentioned in the latter sections of the paper?,useful
2025-07-15T21:56:26.969091,arXiv_1010.4695,Anomalous Meissner effect in pnictide superconductors,"When the applied magnetic field is decreased from a large value, H ≫ Hp or the sample is cooled at a",What role does the surface barrier play in determining irreversibility in unconventional superconductors as mentioned in the latter sections of the paper?,useful
2025-07-15T21:57:08.149462,arXiv_1012.1771,# **Abstract**,High temperature superconductors are distinguished by having a high (≥50%) content of nonmetallic el,"What are the two broad classes of high temperature superconductors discussed in the abstract, and how are they distinguished?",useful
2025-07-15T21:57:52.222647,arXiv_1012.1771,1. Introduction,The critical temperature is mainly determined by chemical composition and structure...,"In the introduction, what factors are mentioned as limiting the critical temperature (Tc) in superconductors?",useful
2025-07-15T21:57:52.222647,arXiv_1012.1771,1. Introduction,Thermal pair-breaking limits superconductivity to a maximum critical temperature (Tc)...,"In the introduction, what factors are mentioned as limiting the critical temperature (Tc) in superconductors?",useful
2025-07-15T21:57:52.223653,arXiv_1012.1771,1. Introduction,The critical fields and currents are also strongly influenced by microstructure...,"In the introduction, what factors are mentioned as limiting the critical temperature (Tc) in superconductors?",useful
2025-07-15T21:57:52.223653,arXiv_1606.00430,I. INTRODUCTION,A high value of the density of states at the Fermi energy is desirable for high Tc...,"In the introduction, what factors are mentioned as limiting the critical temperature (Tc) in superconductors?",useful
2025-07-15T21:58:29.742778,arXiv_1012.1771,# **Abstract**,"the probability of a newly discovered superconductor family having maximum Tc > 100 K is ~0.1-1%, de","According to the paper, what is the probability of discovering a new superconductor family with a maximum Tc greater than 100 K as suggested by the extreme value function?",useful
2025-07-15T21:58:29.742778,arXiv_1012.1771,# **Conclusions**,"the probability of a newly discovered superconductor family having maximum Tc > 100 K is 1%, decreas","According to the paper, what is the probability of discovering a new superconductor family with a maximum Tc greater than 100 K as suggested by the extreme value function?",useful
2025-07-15T21:59:15.168090,arXiv_1102.5118,Abstract,"the upper critical field... examined both by small-current, transport and by volumetric-averaging sp",What methods were used to examine the upper critical field *µ0Hc2* in the study?,useful
2025-07-15T21:59:15.168090,arXiv_2208.09429,Determination of the superconducting parameters,The measured results for Cs3C60 are summarized in Fig. 1c. For each applied magnetic field regarded ,What methods were used to examine the upper critical field *µ0Hc2* in the study?,useful
2025-07-15T21:59:15.168090,arXiv_2208.09429,Methods,The measurements of the resistivity... were used to estimate the upper critical field Hc2.,What methods were used to examine the upper critical field *µ0Hc2* in the study?,useful
2025-07-15T21:59:15.169091,arXiv_cond-mat_0511560,Enhancement of the upper critical field of Nb3Sn utilizing disorder introduced by ball milling the elements,Nb3Sn was prepared by milling Nb and Sn powder mixtures followed by limited reactions... ,What methods were used to examine the upper critical field *µ0Hc2* in the study?,useful
2025-07-15T22:00:01.060352,arXiv_1511.05086,Introduction,The composition range for the superconducting Nb3Sn phase is approximately 17-26 Sn at.% and its sup,"How does the composition of Nb3Sn affect the effective *µ0Hc2* and *Jc*, and what was the composition range studied?",useful
2025-07-15T22:00:01.060352,arXiv_1102.5118,Abstract,Although 2011 marks the 50th anniversary of Nb3Sn as the first high field superconductor...all pract,"How does the composition of Nb3Sn affect the effective *µ0Hc2* and *Jc*, and what was the composition range studied?",useful
2025-07-15T22:00:01.060352,arXiv_1803.07025,Evidence from EXAFS for Different Ta/Ti Site Occupancy in High Critical Current Density Nb3Sn Superconductor Wires,"To meet critical current density, *J*c, targets for the Future Circular Collider (FCC)... theses fin","How does the composition of Nb3Sn affect the effective *µ0Hc2* and *Jc*, and what was the composition range studied?",useful
2025-07-15T22:00:01.061140,arXiv_cond-mat_0511560,Enhancement of the upper critical field of Nb3Sn utilizing disorder introduced by ball milling the elements,Nb3Sn was prepared by milling Nb and Sn powder mixtures followed by limited reactions to restrict di,"How does the composition of Nb3Sn affect the effective *µ0Hc2* and *Jc*, and what was the composition range studied?",useful
2025-07-15T22:00:01.061140,arXiv_2412.09514,Influence of Nb Alloying on Nb Recrystallization and the Upper Critical Field of Nb3Sn,"Hf and Zr raise the alloy recrystallization temperature...  to enhance *Hc2* by 3-4 T to ~28 T, whil","How does the composition of Nb3Sn affect the effective *µ0Hc2* and *Jc*, and what was the composition range studied?",useful
2025-07-15T22:00:47.336822,arXiv_1102.5118,Abstract,The samples were so well annealed that they showed very little magnetization hysteresis...,What specific techniques were employed to fabricate the bulk Nb3Sn samples mentioned in the paper?,useful
2025-07-15T22:00:47.336822,arXiv_1102.5118,Abstract,The central reacted A15 part of each of the cans was cut into 2 pieces...,What specific techniques were employed to fabricate the bulk Nb3Sn samples mentioned in the paper?,useful
2025-07-15T22:00:47.336822,arXiv_1102.5118,Abstract,About 45 g samples were synthesized by combining Nb and Sn powders in a high energy ball mill.,What specific techniques were employed to fabricate the bulk Nb3Sn samples mentioned in the paper?,useful
2025-07-15T22:00:47.336822,arXiv_1102.5118,Abstract, X-ray diffraction (XRD) was used to measure lattice parameters and search for the tetragonal transf,What specific techniques were employed to fabricate the bulk Nb3Sn samples mentioned in the paper?,useful
2025-07-15T22:00:47.337822,arXiv_2203.09718,6.2. Melt Casting of Bronze Structures in Industry,...,What specific techniques were employed to fabricate the bulk Nb3Sn samples mentioned in the paper?,not useful
2025-07-15T22:00:47.337822,arXiv_2004.10921,1. Introduction,...,What specific techniques were employed to fabricate the bulk Nb3Sn samples mentioned in the paper?,not useful
2025-07-15T22:00:47.337822,arXiv_2306.10866,2.1. Experimental procedure,...,What specific techniques were employed to fabricate the bulk Nb3Sn samples mentioned in the paper?,not useful
2025-07-15T22:00:47.337822,arXiv_2004.10921,5. Conclusion,...,What specific techniques were employed to fabricate the bulk Nb3Sn samples mentioned in the paper?,not useful
2025-07-15T22:02:50.762836,arXiv_1310.6969,Mott insulating state in Cs3C60 isomeric compounds,"The bipartite A15 structure displays a Néel order below *TN*=47 K, while the frustration of the fcc ",What are the key differences in magnetic properties between the A15 and fcc phases of Cs3C60 as described in the introduction?,useful
2025-07-15T22:02:50.762836,arXiv_1003.2937,NMR study of the Mott transitions to superconductivity in the two Cs3C<sup>60</sup> phases,"In the A15, the opening of the SC gap at Tc occurs slightly above the observed decrease in (T1T) −1 ",What are the key differences in magnetic properties between the A15 and fcc phases of Cs3C60 as described in the introduction?,useful
2025-07-15T22:02:50.762836,arXiv_1703.03350,Introduction,An important difference between these two forms exists in the ordering of the C60 molecules; the mer,What are the key differences in magnetic properties between the A15 and fcc phases of Cs3C60 as described in the introduction?,useful
2025-07-15T22:02:50.763837,arXiv_1003.2937,NMR study of the Mott transitions to superconductivity in the two Cs3C<sup>60</sup> phases,SC diamagnetism could be probed in situ by monitoring the shift of the NMR coil tuning frequency...T,What are the key differences in magnetic properties between the A15 and fcc phases of Cs3C60 as described in the introduction?,useful
2025-07-15T22:03:30.431386,arXiv_1105.4289,Summary and Conclusions,"the specific heat jump at the superconducting transition, ∆C, has been measured for BaFe2(As0.7P0.3)","What is the measured specific heat discontinuity, ∆C/Tc, at the superconducting transition temperature Tc for BaFe2(As0.7P0.3)2?",useful
2025-07-15T22:03:30.431386,arXiv_1105.4289,Abstract,"We report the specific heat discontinuity, ∆C/Tc , at Tc = 28.2 K of a collage of single crystals of","What is the measured specific heat discontinuity, ∆C/Tc, at the superconducting transition temperature Tc for BaFe2(As0.7P0.3)2?",useful
2025-07-15T22:04:14.942250,arXiv_1105.4289,Superconductivity,"We report the specific heat discontinuity, ∆C/Tc , at Tc = 28.2 K of a collage of single crystals of",How does the comparison of ∆C/Tc in FePn/Ch superconductors with elemental and A-15 superconductors illustrate their differences in dependence on Tc?,useful
2025-07-15T22:04:14.943250,arXiv_1105.4289,Summary and Conclusions,"The specific heat jump at the superconducting transition, ∆C, has been measured for BaFe2(As0.7P0.3)",How does the comparison of ∆C/Tc in FePn/Ch superconductors with elemental and A-15 superconductors illustrate their differences in dependence on Tc?,useful
2025-07-15T22:04:14.943250,arXiv_1105.4289,Results and Discussion,"Now, the BNC plot, updated in Fig. 2 in the present work, suggests another paradigm, namely that wha",How does the comparison of ∆C/Tc in FePn/Ch superconductors with elemental and A-15 superconductors illustrate their differences in dependence on Tc?,useful
2025-07-15T22:04:57.570047,arXiv_1105.4289,Introduction,"In the ongoing study of superconductivity in the FePn/Ch, only a few examples have been found where ",What experimental techniques were used to support the hypothesis that BaFe2(As0.7P0.3)2 is a nodal superconductor?,useful
2025-07-15T22:04:57.571051,arXiv_1105.4289,Summary and Conclusions,"The specific heat jump at the superconducting transition, ∆C, has been measured for BaFe2(As0.7P0.3)",What experimental techniques were used to support the hypothesis that BaFe2(As0.7P0.3)2 is a nodal superconductor?,useful
2025-07-15T22:04:57.571051,arXiv_1105.4289,Results and Discussion,"The measured ∆C/Tc is 38.5 ± 2 mJ/molK² , which agrees well with the trend in ∆C/Tc vs Tc establishe",What experimental techniques were used to support the hypothesis that BaFe2(As0.7P0.3)2 is a nodal superconductor?,useful
2025-07-15T22:04:57.571051,arXiv_2203.07551,Development of a clean synthesis protocol,"We have focused on synthesizing clean K-doped BaFe2As2, which provides the foundation to evaluate th",What experimental techniques were used to support the hypothesis that BaFe2(As0.7P0.3)2 is a nodal superconductor?,not useful
2025-07-15T22:05:43.145448,arXiv_1106.2931,# Role of d-wave pairing in A15 superconductors.,We argue that the recent Raman spectroscopy observation of a sharp mode in s-wave superconducting V3,What microscopic arguments are presented regarding the origin of the d-wave order in A15 superconductors?,useful
2025-07-15T22:05:43.145448,arXiv_1106.2931,# Role of d-wave pairing in A15 superconductors.,"LDA calculations show that near the Fermi energy, the 3z² - r² orbitals on the A atoms that form cha",What microscopic arguments are presented regarding the origin of the d-wave order in A15 superconductors?,useful
2025-07-15T22:05:43.145448,arXiv_1106.2931,# Role of d-wave pairing in A15 superconductors.,"This d-wave order does not play an important role in the ground state thermodynamics but, as we show",What microscopic arguments are presented regarding the origin of the d-wave order in A15 superconductors?,useful
2025-07-15T22:05:43.145448,arXiv_1106.2931,# Role of d-wave pairing in A15 superconductors.,The phonons that couple most strongly to electrons are intra-chain phonons ... leading to two soluti,What microscopic arguments are presented regarding the origin of the d-wave order in A15 superconductors?,useful
2025-07-15T22:06:27.638496,arXiv_1106.2931,# Role of d-wave pairing in A15 superconductors.,The Eg modes are due to an attractive d-wave pairing channel that arises from the unique structure o,How do the observed properties of Raman active superconducting gap modes differ between the E_g channel and the A1g/F2g channels?,useful
2025-07-15T22:06:27.638496,arXiv_1106.2931,# Role of d-wave pairing in A15 superconductors.,The Eg channel modes are significantly sharper and occur at lower energies than those in the A1g and,How do the observed properties of Raman active superconducting gap modes differ between the E_g channel and the A1g/F2g channels?,useful
2025-07-15T22:06:27.638496,arXiv_cond-mat_0607554,### 1. A15 compounds,The shapes of the Raman spectra are strongly symmetry dependent in that the Eg peak is much narrower,How do the observed properties of Raman active superconducting gap modes differ between the E_g channel and the A1g/F2g channels?,useful
2025-07-15T22:07:11.930492,arXiv_2204.03729,1. Introduction,The Martensitic transformation (MT) is a second-order displacive structural transformation from cubi,What is the significance of the cubic structure of A15 superconductors in relation to the Martensitic transition described in the paper?,useful
2025-07-15T22:07:11.930492,arXiv_2309.11055,Introduction,Strong evidence exists that a martensitic cubic to tetragonal phase transition occurs at about 18.9 ,What is the significance of the cubic structure of A15 superconductors in relation to the Martensitic transition described in the paper?,useful
2025-07-15T22:07:11.930492,arXiv_0907.0411,I. INTRODUCTION,The first one is related to the debate about the order of the high temperature transition; the so ca,What is the significance of the cubic structure of A15 superconductors in relation to the Martensitic transition described in the paper?,useful
2025-07-15T22:07:11.930492,arXiv_1904.08611,I. Introduction,"In the compounds Nb3Sn and V3Si with ≈ 18 K and 17 K, respectively, there is clear evidence of a mar",What is the significance of the cubic structure of A15 superconductors in relation to the Martensitic transition described in the paper?,useful
2025-07-15T22:07:59.348026,arXiv_1108.1619,Abstract,Availability of 20 T operational field dipole magnets would open the way for a 16.5 TeV beam energy ,What are the main challenges associated with the design of 20 T dipole magnets as discussed in the abstract?,useful
2025-07-15T22:07:59.348026,arXiv_2203.10564,2.1. Magnet Technology Challenge,"In this section, we discuss magnet technology challenges that are specific to Bi-2212. Preliminary d",What are the main challenges associated with the design of 20 T dipole magnets as discussed in the abstract?,useful
2025-07-15T22:07:59.348026,arXiv_2203.10564,2.1. Magnet Technology Challenge,The main ring dipole magnets for circular colliders range from 5-15 m long. Scaling the magnet fabri,What are the main challenges associated with the design of 20 T dipole magnets as discussed in the abstract?,useful
2025-07-15T22:07:59.349026,arXiv_2302.04940,Conceptual design of 20 T hybrid accelerator dipole magnets,Hybrid magnets are currently under consideration as an economically viable option towards 20 T dipol,What are the main challenges associated with the design of 20 T dipole magnets as discussed in the abstract?,useful
2025-07-15T22:07:59.349026,arXiv_2208.14323,Abstract,The most effective way to achieve very high collision energies in a circular particle accelerator is,What are the main challenges associated with the design of 20 T dipole magnets as discussed in the abstract?,useful
2025-07-15T22:08:42.721459,arXiv_1108.1619,INTRODUCTION,"for Nb-Ti based magnets, which is a well assessed technology for accelerators, the experience gained","According to the introduction, how does the development timeline for Nb-Ti based magnets compare to that of Nb3Sn and HTS technologies?",useful
2025-07-15T22:08:42.721459,arXiv_1108.1619,INTRODUCTION,"For more performing and complex technology, like the one based on Nb3Sn technology, the time is long","According to the introduction, how does the development timeline for Nb-Ti based magnets compare to that of Nb3Sn and HTS technologies?",useful
2025-07-15T22:08:42.722462,arXiv_1108.1619,INTRODUCTION,"In the case of high temperature superconductors (HTS), substantial improvement of the basic performa","According to the introduction, how does the development timeline for Nb-Ti based magnets compare to that of Nb3Sn and HTS technologies?",useful
2025-07-15T22:09:19.977770,arXiv_1108.1869,INTRODUCTION,Nb3Sn accelerator magnets can provide operating fields up to 15 T and significantly increase the coi,"What is the maximum field reached in an accelerator-type dipole using Nb3Sn conductor, and what operating field is considered for the HE-LHC after applying a margin?",useful
2025-07-15T22:09:19.977770,arXiv_1108.1619,Abstract,"To reach 20 T, HTS conductors capable to carry 400 A/mm2 at 15-20 T under transverse stress of 150-2","What is the maximum field reached in an accelerator-type dipole using Nb3Sn conductor, and what operating field is considered for the HE-LHC after applying a margin?",useful
2025-07-15T22:09:19.977770,arXiv_1108.1619,CONCLUSION,"if ... new results will not be available, the HE-LHC should be reduced its target to 15 T (may be 16","What is the maximum field reached in an accelerator-type dipole using Nb3Sn conductor, and what operating field is considered for the HE-LHC after applying a margin?",useful
2025-07-15T22:10:03.829777,arXiv_1504.00594,I. INTRODUCTION,"CERN is planning to make a high luminosity upgrade (HL-LHC) to get 3000 fb-1 in 10 years [1], or 400",What is the expected beam luminosity increase proposed for the HL-LHC upgrade compared to the present LHC?,useful
2025-07-15T22:10:03.830780,arXiv_2405.18530,Abstract,"The High-Luminosity LHC Upgrade, HL-LHC is a CERN project with a world-wide collaboration... utilize",What is the expected beam luminosity increase proposed for the HL-LHC upgrade compared to the present LHC?,useful
2025-07-15T22:10:03.830780,arXiv_1108.1626,INTRODUCTION,"Recently, future upgrade of the LHC has been lively discussed.",What is the expected beam luminosity increase proposed for the HL-LHC upgrade compared to the present LHC?,not useful
2025-07-15T22:10:03.830780,arXiv_1803.09723,1 Introduction,Circular hadron colliders are known as discovery machines.,What is the expected beam luminosity increase proposed for the HL-LHC upgrade compared to the present LHC?,not useful
2025-07-15T22:10:03.830780,arXiv_2301.09537,"2. MQXF, the Nb3Sn low-β quadrupole for HL-LHC",MQXF low-β quadrupole magnets for HL-LHC are designed to produce a gradient of 132 T/m in a 150 mm s,What is the expected beam luminosity increase proposed for the HL-LHC upgrade compared to the present LHC?,not useful
2025-07-15T22:10:49.904596,arXiv_1111.0747,## 1 Introduction,Nb3Al has advantages of better tolerance to strain/stress for stoichiometric composition over Nb3Sn.,What are the properties of the Nb3Al superconductor that make it preferable over Nb3Sn for high field applications?,useful
2025-07-15T22:10:49.904596,arXiv_1108.1626,### *Nb3Al Superconductor Development*,"In contrary, Nb3Al has a much better stress and strain tolerance.",What are the properties of the Nb3Al superconductor that make it preferable over Nb3Sn for high field applications?,useful
2025-07-15T22:10:49.904596,arXiv_1111.0747,## 1 Introduction,Rapid Heating/Quenching and transformation (RHQ) process enables to form stoichiometric Nb3Al with f,What are the properties of the Nb3Al superconductor that make it preferable over Nb3Sn for high field applications?,useful
2025-07-15T22:11:27.258770,arXiv_1108.1626,INTRODUCTION,KEK has launched a new research subject on stress/strain sensitivity of HTS and A15 superconductors.,What is the main objective of the new research subject launched by KEK regarding superconductors?,useful
2025-07-15T22:11:27.258770,arXiv_1108.1626,INTRODUCTION,Comprehension of these effects is definitely necessary to realize high field superconducting magnet ,What is the main objective of the new research subject launched by KEK regarding superconductors?,useful
2025-07-15T22:12:10.304779,arXiv_1108.1640,# **BI-2212 WIRE: STALLED AT 200 A/mm<sup>2</sup>**,"We need an engineering current density (averaged over wire cross section) of *je*~600 /mm2 at 24 T, ",What engineering current density is required for the LHC Tripler dipole when using Bi-2212/Ag inner windings?,useful
2025-07-15T22:12:10.305779,arXiv_2203.10564,2. Superconducting Accelerator Magnets: Requirements and Challenges,"The widely used superconducting accelerator magnet technology is based on a two-layer, cosine-theta ",What engineering current density is required for the LHC Tripler dipole when using Bi-2212/Ag inner windings?,not useful
2025-07-15T22:12:10.305779,arXiv_1108.1619,### **THE HYBRID COIL LAY-OUT**,"In the lower field region, the first 8 T are obtained with Nb-Ti conductor as in the LHC coils.",What engineering current density is required for the LHC Tripler dipole when using Bi-2212/Ag inner windings?,not useful
2025-07-15T22:12:52.974758,arXiv_1108.1640,BI-2212 WIRE: STALLED AT 200 A/mm²,The state-of-art short-sample performance of Bi-2212/Ag wire is *je*~320 A/mm2...,What advances in the performance of Bi-2212/Ag wire have been reported since Miao's 2004 study?,useful
2025-07-15T22:12:52.975760,arXiv_1501.07146,4.1 Conclusions for Bi-2212 wires,"Bi-2212 is the only HTS material available in round wires... at 4.2 K, Bi-2212 exhibits the highest ",What advances in the performance of Bi-2212/Ag wire have been reported since Miao's 2004 study?,useful
2025-07-15T22:12:52.975760,arXiv_2204.01072,3.2. Bi2212 Rutherford Cable,"Whereas the best wire performance is usually obtained by O2 pre-annealing... However, the present Bi",What advances in the performance of Bi-2212/Ag wire have been reported since Miao's 2004 study?,useful
2025-07-15T22:12:52.975760,arXiv_1501.07146,4 The system Bi-2212,On the condition that the recent progress made will lead to the fabrication of homogeneous round wir,What advances in the performance of Bi-2212/Ag wire have been reported since Miao's 2004 study?,useful
2025-07-15T22:13:40.601221,arXiv_2204.01072,# **3.3. Bi2212 Insert Coil Designs**,"For a 2-layer insert coil design within a 60 mm diameter space, the inner winding requires a very lo",How does the cross-sectional design of the Bi-2212 inner winding contribute to the coil's stability under high fields?,useful
2025-07-15T22:13:40.601221,arXiv_1108.1640,## **STRUCTURED CABLE AND 20 T DIPOLE**,"Even with the necessary current density in long-length wire and cable, it will still be necessary to",How does the cross-sectional design of the Bi-2212 inner winding contribute to the coil's stability under high fields?,useful
2025-07-15T22:13:40.601221,arXiv_2008.07403,#### *2.1 2D Magnetic Design and Parameters*,"The coil uses a Rutherford cable with rectangular cross-section 7.8 mm wide and 1.44 mm thick, wrapp",How does the cross-sectional design of the Bi-2212 inner winding contribute to the coil's stability under high fields?,useful
2025-07-15T22:13:40.601221,arXiv_1108.1640,# **BI-2212 WIRE: STALLED AT 200 A/mm<sup>2</sup>**,Yet six years later the state-of-art short-sample performance of Bi-2212/Ag wire is *je*~320 A/mm2.,How does the cross-sectional design of the Bi-2212 inner winding contribute to the coil's stability under high fields?,not useful
2025-07-15T22:13:40.602227,arXiv_1305.1269,"#### **April 9, 2013**",First is that overpressure processing for Bi-2212 generates a conductor with very broad applications,How does the cross-sectional design of the Bi-2212 inner winding contribute to the coil's stability under high fields?,not useful
2025-07-15T22:14:28.760881,arXiv_2406.00817,3.1 A-15 and other Nb based superconductors,"Nb3Sn is a brittle material, and mechanical stress has a degrading effect on the superconducting pro",What are the main challenges associated with Nb3Sn superconductors compared to high-temperature superconductors like BSCCO and YBCO as mentioned in the introduction?,useful
2025-07-15T22:14:28.760881,arXiv_1108.1869,INTRODUCTION,A hybrid approach with Nb3Sn superconductor in fields below 15 T is a quite attractive option even t,What are the main challenges associated with Nb3Sn superconductors compared to high-temperature superconductors like BSCCO and YBCO as mentioned in the introduction?,useful
2025-07-15T22:14:28.761883,arXiv_1501.07164,6 Novel construction technology: Nb3Sn and high-temperature superconductors,The wind and react route is very demanding: all coils components...must withstand the 650°C reaction,What are the main challenges associated with Nb3Sn superconductors compared to high-temperature superconductors like BSCCO and YBCO as mentioned in the introduction?,useful
2025-07-15T22:14:28.761883,arXiv_1901.03819,# I. INTRODUCTION,"...it is necessary to consider other superconductors and Nb3Sn is a potential candidate... However, ",What are the main challenges associated with Nb3Sn superconductors compared to high-temperature superconductors like BSCCO and YBCO as mentioned in the introduction?,useful
2025-07-15T22:14:28.761883,arXiv_2005.12133,### 1. Introduction,...Nb3Sn offers the potential to operate both at higher fields and temperatures... Despite its super,What are the main challenges associated with Nb3Sn superconductors compared to high-temperature superconductors like BSCCO and YBCO as mentioned in the introduction?,useful
2025-07-15T22:15:11.675216,arXiv_1108.1869,INTRODUCTION,The most important of them include the development and demonstration of high-performance Nb3Sn stran,"Which breakthroughs in Nb3Sn accelerator magnet technologies were highlighted in the paper, and why are they significant?",useful
2025-07-15T22:15:53.658806,arXiv_1108.1869,Dipole and quadrupole models,The magnet design is based on a two-layer shell-type coil and a cold iron yoke.,"Can you describe the structural elements of the HFDA dipole magnet as illustrated in Figure 1, and how do they contribute to its performance?",useful
2025-07-15T22:15:53.658806,arXiv_1108.1869,Dipole and quadrupole models,"To reduce the magnet cost, a compact collarless mechanical structure with Al clamps, a 400 mm iron y","Can you describe the structural elements of the HFDA dipole magnet as illustrated in Figure 1, and how do they contribute to its performance?",useful
2025-07-15T22:15:53.659805,arXiv_1108.1869,Dipole and quadrupole models,This magnet was designed to provide a nominal field of 10-11 T (Bmax~12 T) in a 43.5 mm aperture at ,"Can you describe the structural elements of the HFDA dipole magnet as illustrated in Figure 1, and how do they contribute to its performance?",useful
2025-07-15T22:16:39.216716,arXiv_1110.3205,Abstract,The selection of the twist pitch lengths has major implications for the performance of the cable...,What are the implications of twist pitch lengths on the performance of Nb3Sn conductors in ITER CICCs?,useful
2025-07-15T22:16:39.216716,arXiv_cond-mat_0607345,Abstract,The model gives an accurate description for the mechanical response of the strands to a transverse l,What are the implications of twist pitch lengths on the performance of Nb3Sn conductors in ITER CICCs?,useful
2025-07-15T22:16:39.216716,arXiv_1110.3205,9 Conclusions,We succeeded in developing detailed models and guidelines that can be used for the optimisation of N,What are the implications of twist pitch lengths on the performance of Nb3Sn conductors in ITER CICCs?,useful
2025-07-15T22:16:39.216716,arXiv_1305.1688,1. Introduction,The twist pitch mainly influences the coupling loss of the conductor...,What are the implications of twist pitch lengths on the performance of Nb3Sn conductors in ITER CICCs?,useful
2025-07-15T22:16:39.217716,arXiv_1110.3205,5 Strand to strand contact length,The combination of cabling sequence ratio and first stage twist pitch that leads to mechanically goo,What are the implications of twist pitch lengths on the performance of Nb3Sn conductors in ITER CICCs?,useful
2025-07-15T22:17:24.008882,arXiv_cond-mat_0607345,# Conclusions,"The model gives a good description for the mechanical response of the strands to a transverse load, ",How does the TEMLOP model and the newly developed models JackPot-ACDC and CORD contribute to the improvement of CICC design?,useful
2025-07-15T22:17:24.009885,arXiv_1110.3205,## 4.1 JackPot-ACDC cable model and validation,Predicting the amount of coupling loss reduction that can be achieved by optimizing the cable twist ,How does the TEMLOP model and the newly developed models JackPot-ACDC and CORD contribute to the improvement of CICC design?,useful
2025-07-15T22:17:24.009885,arXiv_1110.3205,# Conclusions,We succeeded in developing detailed models and guidelines that can be used for the optimisation of N,How does the TEMLOP model and the newly developed models JackPot-ACDC and CORD contribute to the improvement of CICC design?,useful
2025-07-15T22:17:24.009885,arXiv_cond-mat_0607345,# Conclusions,We developed a model that describes the design optimisation of cabled superconductors for transverse,How does the TEMLOP model and the newly developed models JackPot-ACDC and CORD contribute to the improvement of CICC design?,useful
2025-07-15T22:17:24.009885,arXiv_1110.3205,### Abstract,Increasing the twist pitch can lead to a gain of the effective axial compressive strain of more than,How does the TEMLOP model and the newly developed models JackPot-ACDC and CORD contribute to the improvement of CICC design?,useful
2025-07-15T22:18:06.128864,arXiv_1110.3205,1 Introduction,The TFPRO2 long pitch cable layout was not fully adopted but a twist scheme with somewhat shorter pi,What experimental evidence supports the performance of the long pitch TFPRO2-OST2 cable in comparison to other ITER type cables?,useful
2025-07-15T22:18:06.128864,arXiv_1110.3205,"3 Axial stiffness, cable patterns and void fraction",The effective axial strain is the only free parameter left in the model for matching the simulations,What experimental evidence supports the performance of the long pitch TFPRO2-OST2 cable in comparison to other ITER type cables?,useful
2025-07-15T22:18:06.128864,arXiv_1110.3205,Abstract,"For reduction of the coupling loss, specific choices of the cabling twist sequence are needed with t",What experimental evidence supports the performance of the long pitch TFPRO2-OST2 cable in comparison to other ITER type cables?,useful
2025-07-15T22:18:06.128864,arXiv_1110.3205,5 Strand to strand contact length,"For a reduction of the AC loss, we know now that the pitch ratio must be close to 1. ... In conclusi",What experimental evidence supports the performance of the long pitch TFPRO2-OST2 cable in comparison to other ITER type cables?,useful
2025-07-15T22:18:50.813045,arXiv_1110.3208,Abstract,The transport properties of the superconducting Nb3Sn layers in the strands strongly depend on the s,"What are the effects of transverse load on the critical current (Ic) and n-value of Nb3Sn strands, as discussed in the introduction?",useful
2025-07-15T22:18:50.813045,arXiv_1110.3205,Introduction,"The conductors are carrying more than 40 kA in a magnetic field locally exceeding 12 T, hence subjec","What are the effects of transverse load on the critical current (Ic) and n-value of Nb3Sn strands, as discussed in the introduction?",useful
2025-07-15T22:18:50.813045,arXiv_2302.06718,Introduction,"The maximum transverse Lorentz force is ~280 kN/m. For the currently designed conduit size, the maxi","What are the effects of transverse load on the critical current (Ic) and n-value of Nb3Sn strands, as discussed in the introduction?",useful
2025-07-15T22:18:50.813045,arXiv_0812.4463,Introduction,"In the case of Nb3Sn strands, owing to the dependence of its superconducting properties on strain, t","What are the effects of transverse load on the critical current (Ic) and n-value of Nb3Sn strands, as discussed in the introduction?",useful
2025-07-15T22:19:32.209045,arXiv_1110.3208,Abstract,The transport properties of the superconducting Nb3Sn layers in the strands strongly depend on the s,"What experimental setup was used to evaluate the differences between spatial stress and homogeneous load along the Nb3Sn wire, according to the abstract?",useful
2025-07-15T22:19:32.209045,arXiv_1110.3208,II. EXPERIMENTAL SET UP,The advantage of the TARSIS setup is that besides precise measurement of the strand amplitude of def,"What experimental setup was used to evaluate the differences between spatial stress and homogeneous load along the Nb3Sn wire, according to the abstract?",useful
2025-07-15T22:19:32.209045,arXiv_1110.3208,Abstract,Recently we have made the setup suitable for application of homogeneous load along the length of the,"What experimental setup was used to evaluate the differences between spatial stress and homogeneous load along the Nb3Sn wire, according to the abstract?",useful
2025-07-15T22:19:32.210050,arXiv_1212.2879,IV. CONCLUSION,A new experimental set-up specifically designed for studying thermal properties of superconducting w,"What experimental setup was used to evaluate the differences between spatial stress and homogeneous load along the Nb3Sn wire, according to the abstract?",not useful
2025-07-15T22:19:32.210050,arXiv_1711.07022,Abstract,"The knowledge of the temperature induced changes of the superconductor volume, and of the thermomech","What experimental setup was used to evaluate the differences between spatial stress and homogeneous load along the Nb3Sn wire, according to the abstract?",not useful
2025-07-15T22:20:08.921056,arXiv_1110.3208,I. INTRODUCTION,The impact of local transverse loads at strand crossings has not received much attention worldwide s,"How do the findings regarding local transverse loads at strand crossings contribute to our understanding of the mechanical protection of strands in the context of large ITER type cables, based on the introduction?",useful
2025-07-15T22:20:08.921056,arXiv_cond-mat_0607345,Abstract,"The transverse load on strand crossings and line contacts, abbreviated as contact load, can reach lo","How do the findings regarding local transverse loads at strand crossings contribute to our understanding of the mechanical protection of strands in the context of large ITER type cables, based on the introduction?",useful
2025-07-15T22:20:08.921056,arXiv_1110.3205,1 Introduction,The conductors have a void fraction (*vf*) of about 30 % and the strand bundle is cooled by helium f,"How do the findings regarding local transverse loads at strand crossings contribute to our understanding of the mechanical protection of strands in the context of large ITER type cables, based on the introduction?",useful
2025-07-15T22:21:01.023241,arXiv_1110.4388,Current driven pinning strength in the vortex lattice of Nb3Sn aided by a small oscillating magnetic field,By the application of a small oscillating magnetic field parallel to the main magnetic field and per,"What was the observed effect on the I-V curves of Nb3Sn when a small oscillating magnetic field was applied, and how does this relate to previous findings?",useful
2025-07-15T22:21:01.023241,arXiv_1110.4388,Current driven pinning strength in the vortex lattice of Nb3Sn aided by a small oscillating magnetic field,The critical current for the measurement without shaking field is about 38 mA... a distinct voltage-,"What was the observed effect on the I-V curves of Nb3Sn when a small oscillating magnetic field was applied, and how does this relate to previous findings?",useful
2025-07-15T22:21:01.023241,arXiv_0910.1270,CONCLUSION,We have reported on the observation of the manifestation of the peak effect in resistivity data that,"What was the observed effect on the I-V curves of Nb3Sn when a small oscillating magnetic field was applied, and how does this relate to previous findings?",useful
2025-07-15T22:21:01.023241,arXiv_0910.1270,CONCLUSION,"We believe that such resistivity measurements, in combination with an oscillating magnetic field, ma","What was the observed effect on the I-V curves of Nb3Sn when a small oscillating magnetic field was applied, and how does this relate to previous findings?",useful
2025-07-15T22:21:42.230490,arXiv_1110.4388,Current driven pinning strength in the vortex lattice of Nb3Sn aided by a small oscillating magnetic field,While Uksusman et al. (...) described their data and the peak effect with a two-phase model in line ,Can you explain the two-phase model proposed by Marchevsky et al. and its relevance to the peak effect in type-II superconductors?,useful
2025-07-15T22:21:42.230490,arXiv_cond-mat_0604176,# **I. INTRODUCTION**,"Although various models have been suggested, there is currently no consensus regarding the underlyin",Can you explain the two-phase model proposed by Marchevsky et al. and its relevance to the peak effect in type-II superconductors?,useful
2025-07-15T22:21:42.231490,arXiv_cond-mat_0507658,"## (Dated August 3, 2005)",The Peak Effect has been evidenced in various classes of type II superconductors (...) when the Diso,Can you explain the two-phase model proposed by Marchevsky et al. and its relevance to the peak effect in type-II superconductors?,useful
2025-07-15T22:22:23.339743,arXiv_1203.1848,### EXPERIMENT,"The Nb3Sn single crystal (mass m ≈ 11.9 mg, thickness d ≈ 0.4 mm, and cross section A ≈ 0.44 mm2 ) u","What characteristics of the Nb3Sn single crystal were reported, including its mass, thickness, and cross-sectional area, and why are these parameters significant for the study?",useful
2025-07-15T22:22:23.339743,arXiv_0910.1270,## EXPERIMENT,"The Nb3Sn single crystal used for this study (mass m ≈ 11.9 mg, thickness d ≈ 0.4 mm, and cross sect","What characteristics of the Nb3Sn single crystal were reported, including its mass, thickness, and cross-sectional area, and why are these parameters significant for the study?",useful
2025-07-15T22:22:23.339743,arXiv_0907.0411,#### II. EXPERIMENTAL DETAILS,The Nb3Sn samples were grown over a period of four months by closed-tube vapor transport with iodine,"What characteristics of the Nb3Sn single crystal were reported, including its mass, thickness, and cross-sectional area, and why are these parameters significant for the study?",useful
2025-07-15T22:23:06.893740,arXiv_1701.00446,5. Acknowledgement,The authors from NHMFL thank financial supports in part by the U.S. Department of Energy...,What support was acknowledged by the authors and how does it relate to the funding of the research?,useful
2025-07-15T22:23:06.895242,arXiv_2006.01457,5.2 Experiment,"This work was supported in part by Fermi Research Alliance, LLC, under Contract no. DE-AC02-07CH1135",What support was acknowledged by the authors and how does it relate to the funding of the research?,useful
2025-07-15T22:23:06.895242,arXiv_2412.09514,ACKNOWLEDGEMENTS,The research work was primarily funded by the grant number DE-SC0012083 from the US Department of En,What support was acknowledged by the authors and how does it relate to the funding of the research?,useful
2025-07-15T22:23:06.895242,arXiv_1811.08867,Acknowledgements,"This work is funded by the U.S. Department of Energy, Office of Science, and Office of High Energy P",What support was acknowledged by the authors and how does it relate to the funding of the research?,useful
2025-07-15T22:23:06.896246,arXiv_2008.07403,5. Conclusions,"Work is funded by Fermi Research Alliance, LLC, under contract No. DE-AC02-07CH11359 with the U.S. D",What support was acknowledged by the authors and how does it relate to the funding of the research?,useful
2025-07-15T22:23:51.679519,arXiv_2403.03729,## V. Conclusions,"Due to their unique electromagnetic properties, superconductors continue to attract considerable aca","What is the significance of the study described in the paper, and how does it contribute to the field of superconductors?",useful
2025-07-15T22:23:51.679519,arXiv_cond-mat_0605195,# 1 Introduction,Investigation of the nonlinear microwave response of superconductors is of great interest for both f,"What is the significance of the study described in the paper, and how does it contribute to the field of superconductors?",useful
2025-07-15T22:23:51.679519,arXiv_0903.3286,## I. INTRODUCTION,Superconductivity is one of the most vividly investigated research fields in solid state physics...,"What is the significance of the study described in the paper, and how does it contribute to the field of superconductors?",useful
2025-07-15T22:23:51.680520,arXiv_1501.07169,### **5 Conclusion**,Important developments have been made in the technology over the last 40 years for the large-scale a,"What is the significance of the study described in the paper, and how does it contribute to the field of superconductors?",useful
2025-07-15T22:23:51.680520,arXiv_2204.02536,#### 6.1.1 Theoretical and material studies,To gain in-depth understanding of the fundamental limitations of thin film superconductors under rad,"What is the significance of the study described in the paper, and how does it contribute to the field of superconductors?",useful
2025-07-15T22:24:38.482771,arXiv_cond-mat_0601656,### 2 Experim entalm ethod and data processing,The scattering from a vanadium rod was also measured to allow the data to be normalized for the inci,What issues are highlighted about the PDF availability and how might that impact the dissemination of the research findings?,useful
2025-07-15T22:24:38.482771,arXiv_cond-mat_0601656,### 2 Experim entalm ethod and data processing,"Fundamental lattice information, such as the average crystal structure, the lattice constants, a sca",What issues are highlighted about the PDF availability and how might that impact the dissemination of the research findings?,useful
2025-07-15T22:24:38.482771,arXiv_0805.1388,#### **1.0. Introduction**,"With upper critical fields, Hc20, no higher than about 18 T in single crystals, bulks, and wires, an",What issues are highlighted about the PDF availability and how might that impact the dissemination of the research findings?,useful
2025-07-15T22:24:38.483772,arXiv_cond-mat_0601656,### 2 Experim entalm ethod and data processing,"However, due to the geometry of these compounds, the two boron atoms for the unit cell are equivalen",What issues are highlighted about the PDF availability and how might that impact the dissemination of the research findings?,useful
2025-07-15T22:24:38.483772,arXiv_0805.1388,#### **1.0. Introduction**,In addressing this issue we must recognize two classes of properties (what might be termed 'intrinsi,What issues are highlighted about the PDF availability and how might that impact the dissemination of the research findings?,useful
2025-07-15T22:25:14.926110,arXiv_1111.0747,Abstract,We prepared three types of non-Cu RHQ-Nb3Al wire samples with different matrix structures: an all-Ta,"What types of matrix structures were used for the RHQ-Nb3Al wire samples, and how do they relate to the obtained residual strains?",useful
2025-07-15T22:25:14.926110,arXiv_1111.0747,Conclusion,"By comparing the all-Nb matrix and the composite matrix samples, the residual strains is greatly aff","What types of matrix structures were used for the RHQ-Nb3Al wire samples, and how do they relate to the obtained residual strains?",useful
2025-07-15T22:25:14.926110,arXiv_1111.0747,3.4 Residual strains in wire with different matrix,the residual strains of Nb3Al filament in the axial direction were larger than that in the transvers,"What types of matrix structures were used for the RHQ-Nb3Al wire samples, and how do they relate to the obtained residual strains?",useful
2025-07-15T22:25:53.370069,arXiv_1111.0747,4 Conclusion,The residual strains of ... were compared.,"How was the residual strain in the Nb3Al filament estimated, and what were the differences found between the analysis methods used?",useful
2025-07-15T22:25:53.370069,arXiv_1111.0747,Abstract,We prepared three types ... and results for residual strain in the three types of non-Cu RHO-Nb3Al w,"How was the residual strain in the Nb3Al filament estimated, and what were the differences found between the analysis methods used?",useful
2025-07-15T22:25:53.370069,arXiv_1111.0747,3.2 Multi-peak analysis and results,"To obtain the residual strain, ... in the composite wires.","How was the residual strain in the Nb3Al filament estimated, and what were the differences found between the analysis methods used?",useful
2025-07-15T22:25:53.371069,arXiv_1111.0747,3.5 Model calculation of residual strain induced by thermal contraction,We calculated residual strains ... in the axial direction.,"How was the residual strain in the Nb3Al filament estimated, and what were the differences found between the analysis methods used?",useful
2025-07-15T22:26:50.728244,arXiv_1111.0747,1 Introduction,"The rapidheating, quenching and transformation annealing (RHQ) process enables to form a stoichiomet","What is the significance of the rapid-heating, quenching and transformation annealing (RHQ) process in the context of this study on RHQ-Nb3Al wires?",useful
2025-07-15T22:26:50.728244,arXiv_1108.1626,Nb3Al Superconductor Development,"However, Nb3Al has a much better stress and strain tolerance.","What is the significance of the rapid-heating, quenching and transformation annealing (RHQ) process in the context of this study on RHQ-Nb3Al wires?",useful
2025-07-15T22:26:50.729244,arXiv_1108.1626,Nb3Al Superconductor Development,"thanks to a Rapid Heating/Quenching and transformation (RHQ) process developed by NIMS, *Jc* has bee","What is the significance of the rapid-heating, quenching and transformation annealing (RHQ) process in the context of this study on RHQ-Nb3Al wires?",useful
2025-07-15T22:26:50.729244,arXiv_1801.02195,G1.1.2.3 Transformation HT of rapidly quenched Nb3Al precursor,The Nb3Al phase in superconducting wires is produced during a Rapid Heating Quenching and Transforma,"What is the significance of the rapid-heating, quenching and transformation annealing (RHQ) process in the context of this study on RHQ-Nb3Al wires?",useful
2025-07-15T22:26:50.729244,arXiv_cond-mat_0109088,2.3 Transformation Processing,"The most common method of transformation processing is known as the rapid-heating, quenching and tra","What is the significance of the rapid-heating, quenching and transformation annealing (RHQ) process in the context of this study on RHQ-Nb3Al wires?",useful
2025-07-15T22:27:45.213268,arXiv_1112.3412,# Boson gas in a periodic array of tubes,It is shown that there exists a finite Bose-Einstein condensation (BEC) critical temperature Tc that,"What are the conditions under which the BEC critical temperature T<sup>c</sup> decreases as described in the paper, and how is it affected by the confinement strength P<sup>0</sup>?",useful
2025-07-15T22:27:45.213268,arXiv_1112.3412,# B. Critical temperature,The critical temperature as a function of the parameter P0 is shown in Fig. 2 for different values o,"What are the conditions under which the BEC critical temperature T<sup>c</sup> decreases as described in the paper, and how is it affected by the confinement strength P<sup>0</sup>?",useful
2025-07-15T22:27:45.214269,arXiv_2307.13067,Superconducting properties of La4H23,"The scheme of the electrical DAC H1 prepared for the transport measurements is shown in Figures 1b, ","What are the conditions under which the BEC critical temperature T<sup>c</sup> decreases as described in the paper, and how is it affected by the confinement strength P<sup>0</sup>?",not useful
2025-07-15T22:27:45.214269,arXiv_1112.3412,### I. INTRODUCTION,In the following section we describe our system model. In Sec. III we calculate the Bose-Einstein co,"What are the conditions under which the BEC critical temperature T<sup>c</sup> decreases as described in the paper, and how is it affected by the confinement strength P<sup>0</sup>?",not useful
2025-07-15T22:27:45.214269,arXiv_1606.00430,#### I. INTRODUCTION,The weak coupling Bardeen-Cooper-Schrieffer (BCS) expression for the superconducting transition temp,"What are the conditions under which the BEC critical temperature T<sup>c</sup> decreases as described in the paper, and how is it affected by the confinement strength P<sup>0</sup>?",not useful
2025-07-15T22:28:26.274137,arXiv_1112.3412,Boson gas in a periodic array of tubes,the specific heat exhibits a set of maxima and minima. The minimum located at the highest temperatur,"How does the specific heat behavior reflect the confinement effect in the boson gas system, and what is indicated by the minima located at higher temperatures?",useful
2025-07-15T22:28:26.274137,arXiv_1112.3412,DISCUSSION AND CONCLUSIONS,we summarize our main results in the following list: ... such results shown in Fig. [7](#page-5-0) c,"How does the specific heat behavior reflect the confinement effect in the boson gas system, and what is indicated by the minima located at higher temperatures?",useful
2025-07-15T22:29:05.427924,arXiv_1112.3412,INTRODUCTION,"some of these features in the specific heat obtained from this simple model can be related, qualitat","What experimental situations are qualitatively related to the features observed in the ideal boson gas confined in channels, according to the paper?",useful
2025-07-15T22:29:05.428924,arXiv_1112.3412,DISCUSSION AND CONCLUSIONS,we summarize our main results in the following list: ... the complexity of the environment can lead ,"What experimental situations are qualitatively related to the features observed in the ideal boson gas confined in channels, according to the paper?",useful
2025-07-15T22:29:45.769466,arXiv_1112.3483,Calculation conditions,"For fcc Cs3C60, the three samples are specified with the C3−60 volume and corresponds to those in th",What are the specific lattice constants used for the three different types of C60 compounds studied in this paper?,useful
2025-07-15T22:29:45.769466,arXiv_1112.3483,Calculation conditions,The basic property of fcc and A15 alkali-doped C60 compounds; the lattice parameter a...| | | | K | ,What are the specific lattice constants used for the three different types of C60 compounds studied in this paper?,useful
2025-07-15T22:30:22.914061,arXiv_1112.3483,V. SUMMARY,it was found that a clear difference between the C60 and aromatic compounds in the relation between ,How does the correlation between electronic correlation strength and superconducting transition temperature differ between C60 compounds and aromatic compounds?,useful
2025-07-15T22:30:22.915061,arXiv_1112.3483,## B. Relation between electronic correlation and superconductivity,"Therefore, it seems that electronic correlation does not favor superconductivity in these aromatic s",How does the correlation between electronic correlation strength and superconducting transition temperature differ between C60 compounds and aromatic compounds?,useful
2025-07-15T22:30:59.428410,arXiv_1703.03350,# **Abstract**,"Unique among alkali-doped *A*3C60 fullerene compounds, the A15 and fcc forms of Cs3C60 exhibit super","What synthesis method was used for highly crystalline samples of A15/fcc Cs3C60, and what were the observed superconducting transition temperatures for these samples?",useful
2025-07-15T22:30:59.428410,arXiv_2208.09429,## Methods,The polycrystalline Cs3C60 samples grown by a modified wet chemistry method using tetrahydrofuran ?T,"What synthesis method was used for highly crystalline samples of A15/fcc Cs3C60, and what were the observed superconducting transition temperatures for these samples?",useful
2025-07-15T22:31:36.508674,arXiv_1202.0270,Abstract,Conceptual designs of superconducting magnets for the storage ring of a Muon Collider...designed to ,"What is the required operating field for the storage ring magnets according to the paper, and how does it relate to the design of the magnet cross-sections?",useful
2025-07-15T22:31:36.508674,arXiv_1202.0270,Storage Ring Dipole,Both designs have practically the same conductor volume and provide the maximum field in an aperture,"What is the required operating field for the storage ring magnets according to the paper, and how does it relate to the design of the magnet cross-sections?",useful
2025-07-15T22:32:17.271380,arXiv_1202.2380,## I. INTRODUCTION,the dipoles for the Muon Collider should be able to handle ~0.5 kW/m of dynamic heat load from the m,"How do the requirements for muon decay products differ from those in proton machines, and what implications does this have for the design of the ring dipole magnets?",useful
2025-07-15T22:32:17.271380,arXiv_1202.2380,## I. INTRODUCTION,the dipole magnets should allow the muon decay products to escape the magnet helium volume in order ,"How do the requirements for muon decay products differ from those in proton machines, and what implications does this have for the design of the ring dipole magnets?",useful
2025-07-15T22:32:17.271380,arXiv_1202.2380,# Conceptual Designs of Dipole Magnet for Muon Collider Storage Ring,this paper summarizes the results of conceptual design studies of superconducting magnets for the St,"How do the requirements for muon decay products differ from those in proton machines, and what implications does this have for the design of the ring dipole magnets?",useful
2025-07-15T22:32:17.271380,arXiv_1202.0270,## **INTRODUCTION**,they should allow the muon decay products to escape the magnet helium volume.,"How do the requirements for muon decay products differ from those in proton machines, and what implications does this have for the design of the ring dipole magnets?",useful
2025-07-15T22:32:17.272381,arXiv_1202.0270,## **MAGNET REQUIREMENTS**,the MC storage ring is based on 10 T dipole magnets.,"How do the requirements for muon decay products differ from those in proton machines, and what implications does this have for the design of the ring dipole magnets?",useful
2025-07-15T22:32:57.155879,arXiv_1202.2380,II. MAGNET REQUIREMENTS,"However, electrons from the muon decays produce a 0.5 kW/m dynamic heat load localized in the horizo","What is the significance of the 0.5 kW/m dynamic heat load in the context of the magnet design, particularly concerning the location of intercepting muon decay particles?",useful
2025-07-15T22:32:57.156879,arXiv_1202.0270,Abstract,The magnets and corresponding protective measures are designed to handle about 0.5 kW/m of dynamic h,"What is the significance of the 0.5 kW/m dynamic heat load in the context of the magnet design, particularly concerning the location of intercepting muon decay particles?",useful
2025-07-15T22:32:57.156879,arXiv_1202.3979,Abstract,Shadow masks in the interconnect regions and liners inside the magnets are used to mitigate the unpr,"What is the significance of the 0.5 kW/m dynamic heat load in the context of the magnet design, particularly concerning the location of intercepting muon decay particles?",useful
2025-07-15T22:33:47.127860,arXiv_1202.0293,INTRODUCTION,Low-beta quadrupoles used in interaction regions (IRs) of hadron colliders are exposed to a strong r,What is the significance of using low-Z materials in the construction of the Nb3Sn quadrupole magnet as discussed in the Introduction?,useful
2025-07-15T22:33:47.128859,arXiv_1202.0293,INTRODUCTION,Taking into account the fact that radiation heat deposition in IR low-beta quadrupoles is localized ,What is the significance of using low-Z materials in the construction of the Nb3Sn quadrupole magnet as discussed in the Introduction?,useful
2025-07-15T22:33:47.128859,arXiv_1202.0293,Abstract,Magnetic and mechanical designs of a Nb3Sn quadrupole magnet with 120-mm aperture suitable for inter,What is the significance of using low-Z materials in the construction of the Nb3Sn quadrupole magnet as discussed in the Introduction?,useful
2025-07-15T22:34:30.295640,arXiv_1202.0293,QUADRUPOLE DESIGN,The quadrupole design is based on a two-layer shelltype coil and a cold iron yoke. The magnetic desi,"How does the design of the quadrupole magnet differ with the integration of mid-plane spacers, according to the Quadruple Design section?",useful
2025-07-15T22:34:30.295640,arXiv_1202.0293,SUMMARY,It was found that the design with the Al mid-plane spacers can operate at the nominal gradient up to,"How does the design of the quadrupole magnet differ with the integration of mid-plane spacers, according to the Quadruple Design section?",useful
2025-07-15T22:34:30.295640,arXiv_1202.0293,SUMMARY,The reduction of the total dynamic heat load on the cryogenic system is about 5%.,"How does the design of the quadrupole magnet differ with the integration of mid-plane spacers, according to the Quadruple Design section?",useful
2025-07-15T22:34:30.295640,arXiv_1202.0293,RADIATION HEAT DEPOSITIONS,The power dissipation in the Al collar is also almost a factor of two lower than in the SS collar. M,"How does the design of the quadrupole magnet differ with the integration of mid-plane spacers, according to the Quadruple Design section?",useful
2025-07-15T22:35:07.597631,arXiv_1202.0293,QUADRUPOLE DESIGN,The magnetic design optimization was performed using ROXIE code with nonlinear properties of the iro,"What optimization objectives were considered in the magnetic design of the quadrupole, as mentioned in the Quadruple Design section?",useful
2025-07-15T22:35:49.325035,arXiv_1202.2380,INTRODUCTION,The dipole magnets should provide a relatively high magnetic field to reduce the Storage Ring circum,What are the unique challenges posed by muon decay products for the design of dipole magnets in a Muon Collider Storage Ring?,useful
2025-07-15T22:35:49.326040,arXiv_1202.2380,CONCLUSION,The magnets are designed to operate at 4.5 K and provide the specified nominal operating field of 10,What are the unique challenges posed by muon decay products for the design of dipole magnets in a Muon Collider Storage Ring?,useful
2025-07-15T22:35:49.326040,arXiv_2203.10431,Storage Ring magnets,Besides the structural issues related to handling the large vertical forces in the coils with OM gap,What are the unique challenges posed by muon decay products for the design of dipole magnets in a Muon Collider Storage Ring?,useful
2025-07-15T22:35:49.326040,arXiv_1202.2380,CONCLUSION,"The study and optimization of magnet operating margin, field quality and other key parameters for bo",What are the unique challenges posed by muon decay products for the design of dipole magnets in a Muon Collider Storage Ring?,useful
2025-07-15T22:36:28.342026,arXiv_1202.2380,II. MAGNET REQUIREMENTS,"Beam energy | TeV | 0.75 
Nominal dipole field | T | 10",How do the operational parameters such as beam energy and nominal dipole field contribute to the design specifications outlined in Table I?,useful
2025-07-15T22:36:28.343026,arXiv_1202.2380,II. MAGNET REQUIREMENTS,The MC Storage Ring is based on dipole magnets with a nominal field of 10 T.,How do the operational parameters such as beam energy and nominal dipole field contribute to the design specifications outlined in Table I?,useful
2025-07-15T22:36:28.343026,arXiv_1202.2380,B. Magnet Designs and Parameters,The dipole requirements and operating conditions call for either an open mid-plane design approach w,How do the operational parameters such as beam energy and nominal dipole field contribute to the design specifications outlined in Table I?,useful
2025-07-15T22:37:10.890288,arXiv_2208.14323,Abstract,"Nb3Sn can achieve field levels of 15-16 T, significantly higher than the practical limit of 8-9 T fo","What materials are used in the construction of the dipole magnets, and why are they chosen over traditional alternatives like NbTi?",useful
2025-07-15T22:37:10.891289,arXiv_1501.07169,1 Overview of large-scale applications of superconductivity,The materials used in the design of superconducting magnets for physics are metallic alloys such as ,"What materials are used in the construction of the dipole magnets, and why are they chosen over traditional alternatives like NbTi?",useful
2025-07-15T22:37:10.891289,arXiv_2208.14323,Abstract,"Superconducting magnets performance comes with a significantly higher cost. Therefore, an economical","What materials are used in the construction of the dipole magnets, and why are they chosen over traditional alternatives like NbTi?",useful
2025-07-15T22:37:50.924648,arXiv_1202.3979,Abstract,"To provide the required momentum acceptance, dynamic aperture and chromaticity, an innovative approa","What innovative approach was used for the IR optics to achieve the required momentum acceptance, dynamic aperture, and chromaticity?",useful
2025-07-15T22:37:50.925648,arXiv_2203.10431,3.1 Earlier findings and new studies,"A consistent design now exists for a compact 1.5 TeV *µ+µ-* collider ring, IR, MDI and chromatic cor","What innovative approach was used for the IR optics to achieve the required momentum acceptance, dynamic aperture, and chromaticity?",useful
2025-07-15T22:38:33.646189,arXiv_1202.2380,Abstract,Conceptual designs of a superconducting dipole magnet for a Storage Ring of a Muon Collider...dynami,What are the key features of the conceptual designs for the dipole and quadrupole magnets based on Nb3Sn superconductor?,useful
2025-07-15T22:38:33.647196,arXiv_1202.2380,Conceptual Designs of Dipole Magnet for Muon Collider Storage Ring,The magnets are based on Nb3Sn superconductor and designed to provide an operating field of 10 T...c,What are the key features of the conceptual designs for the dipole and quadrupole magnets based on Nb3Sn superconductor?,useful
2025-07-15T22:38:33.647196,arXiv_1202.2380,Conclusion,Conceptual designs of the Nb3Sn dipole magnet for the Storage Ring of a Muon Collider...challenges o,What are the key features of the conceptual designs for the dipole and quadrupole magnets based on Nb3Sn superconductor?,useful
2025-07-15T22:38:33.647196,arXiv_2301.09537,1.2. Nb3Sn Accelerator Magnets,The importance of the coil pre-stress increases as we move towards higher field magnets...Nb3Sn cond,What are the key features of the conceptual designs for the dipole and quadrupole magnets based on Nb3Sn superconductor?,useful
2025-07-15T22:39:12.062669,arXiv_1202.3979,MDI AND DETECTOR BACKGROUNDS,"With sophisticated tungsten, iron, concrete and borated polyethylene shielding in the MDI region, to",How does the machine-detector interface aim to suppress background rates in the Muon Collider detector?,useful
2025-07-15T22:39:12.062669,arXiv_2203.10431,3.1 Earlier findings and new studies,"Tungsten nozzles, starting at a few cm from the IP with a ±20 degree outer angle, are the most effec",How does the machine-detector interface aim to suppress background rates in the Muon Collider detector?,useful
2025-07-15T22:39:12.062669,arXiv_2203.10431,Executive summary,"In the assumed IR designs, the dipoles close to the Interaction Point (IP) and tungsten masks in eac",How does the machine-detector interface aim to suppress background rates in the Muon Collider detector?,useful
2025-07-15T22:39:54.979908,arXiv_1203.1848,INTRODUCTION,The Ginzburg number is a measure of the importance of thermal effects for the respective superconduc,What is the significance of the Ginzburg number in relation to thermal fluctuations in superconductors as described in the Introduction section?,useful
2025-07-15T22:39:54.980912,arXiv_1203.1848,INTRODUCTION,"A quantity for the estimation of the width of the critical region, where fluctuations are of importa",What is the significance of the Ginzburg number in relation to thermal fluctuations in superconductors as described in the Introduction section?,useful
2025-07-15T22:39:54.980912,arXiv_cond-mat_0604098,A. Thermal fluctuations,"While Gi is enhanced in HTSCs to ~10-1 -10-3, small values are found in bulk classical superconducto",What is the significance of the Ginzburg number in relation to thermal fluctuations in superconductors as described in the Introduction section?,useful
2025-07-15T22:40:34.681588,arXiv_cond-mat_0604098,II. EXPERIMENTS,The specific heat was measured with a new type of quasi-isothermal calorimeter.,"What experimental method did the authors use to measure specific heat in Nb3Sn, and how is it relevant to the study's findings?",useful
2025-07-15T22:40:34.682589,arXiv_cond-mat_0604176,II. EXPERIMENTAL TECHNIQUES,To measure the specific heat under similar conditions to the isothermal magnetization a thin-film he,"What experimental method did the authors use to measure specific heat in Nb3Sn, and how is it relevant to the study's findings?",useful
2025-07-15T22:40:34.682589,arXiv_0907.0411,II. EXPERIMENTAL DETAILS,specific heat measurements show the corrected values for all samples.,"What experimental method did the authors use to measure specific heat in Nb3Sn, and how is it relevant to the study's findings?",useful
2025-07-15T22:41:17.009657,arXiv_1203.1848,# Presence of a fluctuation related peak but absence of vortex-lattice melting in Nb3Sn in high resolution specific-heat measurements,We report on the absence of any sign of vortex-lattice melting in our data...,"What discrepancy do the authors discuss regarding their findings on vortex-lattice melting in Nb3Sn compared to previous claims, and what reason do they provide for this?",useful
2025-07-15T22:41:17.010657,arXiv_1203.1848,# CONCLUSION,"However, we were not able to observe the by Lortz et al. reported melting of the vortex lattice in t","What discrepancy do the authors discuss regarding their findings on vortex-lattice melting in Nb3Sn compared to previous claims, and what reason do they provide for this?",useful
2025-07-15T22:41:17.010657,arXiv_1203.1848,# B. Absence of vortex-lattice melting,"According to their interpretation, Lortz et al. observed the first sign of vortex-lattice melting at","What discrepancy do the authors discuss regarding their findings on vortex-lattice melting in Nb3Sn compared to previous claims, and what reason do they provide for this?",useful
2025-07-15T22:41:17.010657,arXiv_1203.1848,# B. Absence of vortex-lattice melting,"However, Lortz et al. applied a small shaking field hac ≈ 1 mT and a higher frequency of f = 1 kHz..","What discrepancy do the authors discuss regarding their findings on vortex-lattice melting in Nb3Sn compared to previous claims, and what reason do they provide for this?",useful
2025-07-15T22:42:02.072063,arXiv_1204.0253,Electronic correlations stabilize the antiferromagnetic Mott state in Cs3C60,"Even more interestingly, the critical temperature has a bell-shaped behavior as a function of pressu",What is the critical temperature of Cs3C60 as a function of pressure and how does it compare to its antiferromagnetic transition temperature?,useful
2025-07-15T22:42:02.072063,arXiv_1703.03350,Abstract,The A15 and fcc forms of Cs3C60 exhibit superconducting states varying under hydrostatic pressure wi,What is the critical temperature of Cs3C60 as a function of pressure and how does it compare to its antiferromagnetic transition temperature?,useful
2025-07-15T22:42:02.072063,arXiv_2208.09429,Superconductivity of Cs3C60 at atmosphere pressure,The electronic ground state of A15 Cs3C60 was determined to be an antiferromagnetic insulator with t,What is the critical temperature of Cs3C60 as a function of pressure and how does it compare to its antiferromagnetic transition temperature?,useful
2025-07-15T22:42:02.072063,arXiv_1310.5529,NMR Study of the Superconducting Gap Variation near the Mott Transition in Cs3C60,...The SC transition temperature T_c displays a dome shape with decreasing cell volume. From the T d,What is the critical temperature of Cs3C60 as a function of pressure and how does it compare to its antiferromagnetic transition temperature?,useful
2025-07-15T22:42:41.973446,arXiv_1204.0253,## Electronic correlations stabilize the antiferromagnetic Mott state in Cs3C60,...the properties of this compound can be understood as the result of the interplay between electron,"What electron correlation mechanism stabilizes the antiferromagnetic state of Cs3C60, and how does it relate to its electronic properties?",useful
2025-07-15T22:42:41.973446,arXiv_1204.0253,## Electronic correlations stabilize the antiferromagnetic Mott state in Cs3C60,...the AFM state of Cs3C60 can be interpreted as a Mott insulator...Dynamical Mean-Field Theory (DMF,"What electron correlation mechanism stabilizes the antiferromagnetic state of Cs3C60, and how does it relate to its electronic properties?",useful
2025-07-15T22:42:41.973446,arXiv_1310.6969,## Email: [alloul@lps.u-psud.fr](mailto:alloul@lps.u-psud.fr),...deviations from BCS expectations linked with electronic correlations are found near the Mott tran,"What electron correlation mechanism stabilizes the antiferromagnetic state of Cs3C60, and how does it relate to its electronic properties?",useful
2025-07-15T22:42:41.973446,arXiv_2208.09429,## Universal phase diagram of superconductivity,...the emergence of superconductivity by suppressing the neighbouring antiferromagnetic order highli,"What electron correlation mechanism stabilizes the antiferromagnetic state of Cs3C60, and how does it relate to its electronic properties?",useful
2025-07-15T22:43:22.736444,arXiv_1703.03350,Abstract,Unique among alkali-doped *A*3C60 fullerene compounds...,In what ways do the structural differences between the fcc and A15 crystal structures of Cs3C60 influence its superconducting properties?,useful
2025-07-15T22:43:22.736444,arXiv_1703.03350,4. Conclusion,It is argued that the A15 and fcc forms of Cs3C60...,In what ways do the structural differences between the fcc and A15 crystal structures of Cs3C60 influence its superconducting properties?,useful
2025-07-15T22:43:22.736444,arXiv_1703.03350,*3.1. A15 Cs3C60*,"In the A15 form, modeled interacting charges and Coulomb potential...",In what ways do the structural differences between the fcc and A15 crystal structures of Cs3C60 influence its superconducting properties?,useful
2025-07-15T22:43:22.737444,arXiv_1204.0253,Electronic correlations stabilize the antiferromagnetic Mott state in Cs3C60,Comparing density-functional calculations...,In what ways do the structural differences between the fcc and A15 crystal structures of Cs3C60 influence its superconducting properties?,useful
2025-07-15T22:43:22.737444,arXiv_1112.3483,I. INTRODUCTION,Superconductivity in π-electron systems...,In what ways do the structural differences between the fcc and A15 crystal structures of Cs3C60 influence its superconducting properties?,not useful
2025-07-15T22:44:06.855364,arXiv_1210.3705,# Strain sensitivity and superconducting properties of Nb3Sn from first principles calculations,Using calculations from first principles based on density functional theory we have studied the stra,What methods were used to calculate the strain sensitivity of Nb3Sn and what relationship did the study find between strain and the critical temperature Tc?,useful
2025-07-15T22:44:06.855364,arXiv_1210.3705,# Strain sensitivity and superconducting properties of Nb3Sn from first principles calculations,"The characteristic bell-shaped Tc vs. ε curve, with a maximum at zero intrinsic strain, has been obt",What methods were used to calculate the strain sensitivity of Nb3Sn and what relationship did the study find between strain and the critical temperature Tc?,useful
2025-07-15T22:44:06.855364,arXiv_1401.2843,#### I. INTRODUCTION,"Our model yields the functional form 1/(1 + AU˜), where A is a constant. Since U˜ is an increasing f",What methods were used to calculate the strain sensitivity of Nb3Sn and what relationship did the study find between strain and the critical temperature Tc?,useful
2025-07-15T22:44:44.425472,arXiv_1210.3705,I. INTRODUCTION,The A15 phase Nb3Sn compound is currently being used in a variety of large-scale scientific projects,What significant applications of the A15 phase Nb3Sn compound are mentioned in the introduction of the paper?,useful
2025-07-15T22:45:28.183869,arXiv_1210.3705,C. Comparison with experimental results,the strain sensitivity of the composite wire is enhanced when compared to the theoretical prediction,"How does the strain sensitivity of multi-filamentary, composite wires compare to theoretical predictions of the bulk Nb3Sn according to the study's findings?",useful
2025-07-15T22:45:28.184874,arXiv_2205.12864,Introduction,the strain sensitivity of Nb3Sn is more than one order of magnitude higher than in other Nb-based su,"How does the strain sensitivity of multi-filamentary, composite wires compare to theoretical predictions of the bulk Nb3Sn according to the study's findings?",useful
2025-07-15T22:45:28.184874,arXiv_1210.3705,Strain sensitivity and superconducting properties of Nb3Sn from first principles calculations,these first-principle calculations thus show that the strain sensitivity of Nb3Sn has a microscopic ,"How does the strain sensitivity of multi-filamentary, composite wires compare to theoretical predictions of the bulk Nb3Sn according to the study's findings?",useful
2025-07-15T22:47:05.354792,arXiv_2306.10866,## **2.1. Experimental procedure**,The internal-oxidation-type Nb3Sn wire used in this work was fabricated...,"What experimental methods were employed in the study, as detailed in the methodology section?",useful
2025-07-15T22:47:05.354792,arXiv_2307.13067,## **Experimental details**,"In this work, we used powder LaH3-x (x ≈ 0.1–0.2) with metallic conductivity...","What experimental methods were employed in the study, as detailed in the methodology section?",useful
2025-07-15T22:47:05.354792,arXiv_2305.02467,## 2.2. XPS and STEM/EELS characterizations,"Quantitative determination of chemical states, elemental compositions, and valence distributions was","What experimental methods were employed in the study, as detailed in the methodology section?",useful
2025-07-15T22:47:05.355793,arXiv_1701.00446,#### **2. Experimental methods**,Nb3Sn strands used in this experiment are designed for the ITER Toroidal Field (TF) coils...,"What experimental methods were employed in the study, as detailed in the methodology section?",useful
2025-07-15T22:47:05.355793,arXiv_2302.02054,#### Author contributions,Z.S. independently developed the methodology; conducted experiments...,"What experimental methods were employed in the study, as detailed in the methodology section?",not useful
2025-07-15T22:47:50.892957,arXiv_2402.15500,IV. DISCUSSION,the theoretical framework for superconducting multilayers [14]...,Which theoretical framework do the authors use to explain their results in the discussion section?,useful
2025-07-15T22:47:50.892957,arXiv_2410.20078,A Time-Dependent Ginzburg-Landau Framework for Sample-Specific Simulation of Superconductors for SRF Applications,we outline a Time-Dependent Ginzburg-Landau (TDGL) framework...,Which theoretical framework do the authors use to explain their results in the discussion section?,useful
2025-07-15T22:47:50.892957,arXiv_2103.04960,Discussion,the orbital moment is not for a usual electron...,Which theoretical framework do the authors use to explain their results in the discussion section?,not useful
2025-07-15T22:47:50.892957,arXiv_2301.09537,1.6. Content of this Manuscript,Results on short model magnets and long prototypes...,Which theoretical framework do the authors use to explain their results in the discussion section?,not useful
2025-07-15T22:47:50.892957,arXiv_1311.3420,RESULTS AND DISCUSSION,we consider the agreement between single-band theory and experiment...,Which theoretical framework do the authors use to explain their results in the discussion section?,not useful
2025-07-15T22:48:32.025974,arXiv_1212.2879,## IV. CONCLUSION,A new experimental set-up specifically designed for studying thermal properties of superconducting w,"What experimental setup was developed for measuring thermal conductivity in Nb3Sn wires, and what temperature range and magnetic field strengths does it accommodate?",useful
2025-07-15T22:48:32.025974,arXiv_1212.2879,## III. RESULTS AND DISCUSSION,Thermal conductivity of the three Nb3Sn conductors has been investigated as a function of temperatur,"What experimental setup was developed for measuring thermal conductivity in Nb3Sn wires, and what temperature range and magnetic field strengths does it accommodate?",useful
2025-07-15T22:48:32.025974,arXiv_1212.2879,## *A. The New Experimental Setup*,The new experimental setup allows measuring thermal conductivity by means of the steady-state axial ,"What experimental setup was developed for measuring thermal conductivity in Nb3Sn wires, and what temperature range and magnetic field strengths does it accommodate?",useful
2025-07-15T22:49:15.481094,arXiv_1311.6901,### I. INTRODUCTION,"Various production techniques such as the Bronze Route, the Powder-In-Tube (PIT) process, and the Re","Which three fabrication techniques were used to produce the Nb3Sn wires examined in the study, and how might these affect thermal stability?",useful
2025-07-15T22:49:15.481094,arXiv_1501.07146,## **2 Multifilamentary Nb3Sn wires: preparation techniques**,"The most common ones are (a) the 'bronze route', (b) the Powder-In-Tube (PIT) technique, and (c) the","Which three fabrication techniques were used to produce the Nb3Sn wires examined in the study, and how might these affect thermal stability?",useful
2025-07-15T22:49:15.482596,arXiv_2203.09718,# **6.1. Thick Nb3Sn Layers via Bronze Route at NIMS**,NIMS methods reproduce the fabrication model of Nb3Sn wires...,"Which three fabrication techniques were used to produce the Nb3Sn wires examined in the study, and how might these affect thermal stability?",useful
2025-07-15T22:49:56.887597,arXiv_1212.2879,## I. INTRODUCTION,The length of the MPZ in a superconducting wire can be estimated by the following formula: l_{MPZ} \,"What is the formula provided in the paper for estimating the length of the minimum propagation zone (MPZ) in superconducting wires, and what parameters does it depend on?",useful
2025-07-15T22:50:41.594320,arXiv_1301.5251,Formation and upper critical fields of the two distinct A15 phases in the subelements of Powder-In-Tube Nb3Sn wires,the fine grains region a lower Tc and a higher Bc2. ... marked increase of Jc to 2'700 A/cm2 at 4.2K,What are the effects of prolonged reaction treatment on the grain morphology and superconducting parameters of the PIT Nb3Sn wires?,useful
2025-07-15T22:50:41.594320,arXiv_1301.5251,Formation and upper critical fields of the two distinct A15 phases in the subelements of Powder-In-Tube Nb3Sn wires,reacted at lower temperature for longer duration ... reflect the influence of reaction kinetics on t,What are the effects of prolonged reaction treatment on the grain morphology and superconducting parameters of the PIT Nb3Sn wires?,useful
2025-07-15T22:51:23.609129,arXiv_1301.5251,Formation and upper critical fields of the two distinct A15 phases in the subelements of Powder-In-Tube Nb3Sn wires,"the large grains region exhibiting a higher Tc and a lower Bc2, the fine grains region a lower Tc an",How do the critical temperature (Tc) and upper critical field (Bc2) values differ between the fine and large grain regions within the A15 phases?,useful
2025-07-15T22:51:23.609129,arXiv_1301.5251,Formation and upper critical fields of the two distinct A15 phases in the subelements of Powder-In-Tube Nb3Sn wires,the Bc2(0K) value of the former being raised from 28.8 to 31.7 T.,How do the critical temperature (Tc) and upper critical field (Bc2) values differ between the fine and large grain regions within the A15 phases?,useful
2025-07-15T22:51:23.609129,arXiv_1301.5251,Formation and upper critical fields of the two distinct A15 phases in the subelements of Powder-In-Tube Nb3Sn wires,"the Tc distribution with a maximum at 17.6K is correlated to the fine grains, whose average content ",How do the critical temperature (Tc) and upper critical field (Bc2) values differ between the fine and large grain regions within the A15 phases?,useful
2025-07-15T22:52:04.160038,arXiv_1108.1869,# *Nb3Sn strands*,"The strand for the last three dipole models, HFDA05-07, was made using the Powder-in-Tube (PIT) proc",What advancements have been made in the critical current density (Jc) of the PIT Nb3Sn wires for the next generation of accelerator magnets?,useful
2025-07-15T22:52:04.161041,arXiv_2306.13071,## **1. Introduction**,To create high-field large-aperture quadrupole MQXF... the development of a new generation of high-f,What advancements have been made in the critical current density (Jc) of the PIT Nb3Sn wires for the next generation of accelerator magnets?,useful
2025-07-15T22:52:04.161041,arXiv_1706.10253,## **Abstract**,It is seen that the only opportunity for further significantly improving *Jc* lies in improving the ,What advancements have been made in the critical current density (Jc) of the PIT Nb3Sn wires for the next generation of accelerator magnets?,useful
2025-07-15T22:52:45.355004,arXiv_1301.5797,Conclusion,The design of advanced technological setup for the Nb3Sn tape synthesis allowed us to fabricate the ,"What record magnitude of critical current density was achieved in the synthesized Nb3Sn tape, and how does it relate to the limiting magnitude J0?",useful
2025-07-15T22:52:45.355004,arXiv_1301.5797,Introduction,"where J0 = 1,8·10^8 А⋅сm-2 is the limiting magnitude of density of critical current, corresponding t","What record magnitude of critical current density was achieved in the synthesized Nb3Sn tape, and how does it relate to the limiting magnitude J0?",useful
2025-07-15T22:53:26.218539,arXiv_1301.5797,# **gical set up for Nb3Sn tape synthesis**,The fabrication of the thin ribbon of pure Niobium included a number of functional operations... the,"What method was used to synthesize the superconducting tape, and what specific materials were involved in the process?",useful
2025-07-15T22:53:26.218539,arXiv_1301.5797,# **The advanced setup for synthesis of composite long-length superconducting tape of Nb3Sn**,The design of the setup has allowed us to produce the Nb3Sn tape with the record magnitudes of densi,"What method was used to synthesize the superconducting tape, and what specific materials were involved in the process?",useful
2025-07-15T22:53:26.218539,arXiv_2208.12379,#### Basic requirements at small-sample scale,Superconducting materials that could eventually become important conductors start out from discoveri,"What method was used to synthesize the superconducting tape, and what specific materials were involved in the process?",not useful
2025-07-15T22:54:37.891701,arXiv_1301.5797,Introduction,the high magnitudes of critical current density *Jc* can be reached in the composite long-length sup,"How does the thickness of the superconducting tape layer affect the density of critical current Jc at high magnitudes of current, according to the paper?",useful
2025-07-15T22:54:37.891701,arXiv_1301.5797,Conclusion,the produced *Nb3Sn* tape was used for the design of series of superconducting solenoids with the hi,"How does the thickness of the superconducting tape layer affect the density of critical current Jc at high magnitudes of current, according to the paper?",useful
2025-07-15T22:54:37.891701,arXiv_1301.5797,Conclusion,the design of advanced technological setup for the *Nb3Sn* tape synthesis allowed us to fabricate th,"How does the thickness of the superconducting tape layer affect the density of critical current Jc at high magnitudes of current, according to the paper?",useful
2025-07-15T22:54:37.892701,arXiv_2403.06389,Acknowledgement,The critical current density Jc is generally dependent on the temperature and local magnetic field..,"How does the thickness of the superconducting tape layer affect the density of critical current Jc at high magnitudes of current, according to the paper?",not useful
2025-07-15T22:54:37.892701,arXiv_2403.03729,III. Critical current density of polycrystalline Nb3Sn,"the critical current describes the dissipation-free currentcarrying capacity, which is the most impo","How does the thickness of the superconducting tape layer affect the density of critical current Jc at high magnitudes of current, according to the paper?",not useful
2025-07-15T22:54:37.892701,arXiv_2403.03729,III. Critical current density of polycrystalline Nb3Sn,"Fortunately, the interaction between non-superconducting defects and vortices can immobilize the vor","How does the thickness of the superconducting tape layer affect the density of critical current Jc at high magnitudes of current, according to the paper?",not useful
2025-07-15T22:55:21.127498,arXiv_1304.4744,# **Ac-magnetic susceptibility in the peak-effect region of Nb3Sn**,"In external magnetic fields above 0 μ *H* ≈ 3 T , the peak effect manifests itself in a single, dist",What are the key differences in the behavior of the real part χ′(T) and the imaginary part χ′′(T) of the ac susceptibility as the magnetic field H increases?,useful
2025-07-15T22:55:21.127498,arXiv_1304.4744,# **Ac-magnetic susceptibility in the peak-effect region of Nb3Sn**,"the imaginary part χ′′( ) *T* of the ac susceptibility, on the other hand, a single peak initially g",What are the key differences in the behavior of the real part χ′(T) and the imaginary part χ′′(T) of the ac susceptibility as the magnetic field H increases?,useful
2025-07-15T22:55:21.128498,arXiv_1304.4744,# **III. Ac susceptibility in the peak-effect region of Nb3Sn**,Depending on the magnitude of this peak which is determined by the pinning strength in the peak-effe,What are the key differences in the behavior of the real part χ′(T) and the imaginary part χ′′(T) of the ac susceptibility as the magnetic field H increases?,useful
2025-07-15T22:55:21.128498,arXiv_1304.4744,## **IV. Conclusion**,a single peak in the critical-current density always produces a single peak in the real part χ′( ) *,What are the key differences in the behavior of the real part χ′(T) and the imaginary part χ′′(T) of the ac susceptibility as the magnetic field H increases?,useful
2025-07-15T22:56:46.046724,arXiv_1304.4744,## **I. Introduction**,The peak effect in superconductors was first discovered in 1961...,"What historical significance does the peak effect in superconductors, particularly in Nb3Sn, hold as mentioned in the introduction?",useful
2025-07-15T22:56:46.046724,arXiv_1110.4388,## Current driven pinning strength in the vortex lattice of Nb3Sn aided by a small oscillating magnetic field,The peak effect is the term used for the sudden increase of the critical current due to increased pi,"What historical significance does the peak effect in superconductors, particularly in Nb3Sn, hold as mentioned in the introduction?",useful
2025-07-15T22:56:46.046724,arXiv_1901.03819,# I. INTRODUCTION,Nb3Sn is the most interesting technological superconductor... in applications like superconductive p,"What historical significance does the peak effect in superconductors, particularly in Nb3Sn, hold as mentioned in the introduction?",useful
2025-07-15T22:56:46.046724,arXiv_cond-mat_0604176,# **Thermodynamic origin of the magnetization peak effect in the superconductor Nb3Sn**,We report a pronounced peak effect in the magnetization and the magnetocaloric coefficient in a sing,"What historical significance does the peak effect in superconductors, particularly in Nb3Sn, hold as mentioned in the introduction?",useful
2025-07-15T22:57:26.968747,arXiv_1304.6025,Abstract,While Tube Type strands had smaller magnetizations and thus better stabilities in the low field regi,What are the main differences in magnetization and stability between Rod-in-Tube and Tube Type strands as described in the abstract?,useful
2025-07-15T22:57:26.968747,arXiv_1304.6025,Conclusions,"In spite of similar layer *Jc*s, the 12 T non-Cu *Jc* of the present Tube Type strand is less than t",What are the main differences in magnetization and stability between Rod-in-Tube and Tube Type strands as described in the abstract?,useful
2025-07-15T22:58:04.755683,arXiv_1304.6025,5. Conclusions,"The average Sn concentrations in the FG areas are the same, ~23 ± 0.3%. The average grain sizes are ",How does the grain size and stoichiometry of the microstructures compare between Rod-in-Tube and Tube Type strands according to the findings in the paper?,useful
2025-07-15T22:58:04.757185,arXiv_1304.6025,4. Discussion,the Sn contents in Tube Type strands are more or less at the same level with the best RIT strands.,How does the grain size and stoichiometry of the microstructures compare between Rod-in-Tube and Tube Type strands according to the findings in the paper?,useful
2025-07-15T22:58:47.900745,arXiv_1304.6025,## **1. Introduction**,A small *Jcdeff* product is also very important in multi-pole magnets for improving field quality at,"What is the significance of achieving a small *Jcdeff* product in the context of Nb3Sn applications, particularly in high field magnets, as mentioned in the introduction?",useful
2025-07-15T22:58:47.900745,arXiv_1304.6025,## **1. Introduction**,"In the past two decades the 4.2 K, 12 T non-Cu critical current density (*Jc*) values have doubled..","What is the significance of achieving a small *Jcdeff* product in the context of Nb3Sn applications, particularly in high field magnets, as mentioned in the introduction?",useful
2025-07-15T22:58:47.900745,arXiv_1706.10253,# **1. Introduction**,Small filament size and high RRR are desired for Nb3Sn stability.,"What is the significance of achieving a small *Jcdeff* product in the context of Nb3Sn applications, particularly in high field magnets, as mentioned in the introduction?",useful
2025-07-15T22:59:25.988359,arXiv_1305.1269,"April 9, 2013","We report here that magnetic fields of almost 34 T, far above the upper 24 T limit of Nb3Sn, can be ",What is the maximum magnetic field strength that can be generated using the Bi2Sr2CaCu2O8-x conductor as reported in the study?,useful
2025-07-15T23:00:03.488761,arXiv_1305.1269,"April 9, 2013",A remarkable attribute of this Bi-2212 conductor is that it does not exhibit macroscopic texture and,How does the grain boundary behavior in the Bi2Sr2CaCu2O8-x conductor contribute to its superconducting critical current densities?,useful
2025-07-15T23:00:03.488761,arXiv_1305.1269,"April 9, 2013",This demonstration that grain boundary limits to high *Jc* can be practically overcome suggests the ,How does the grain boundary behavior in the Bi2Sr2CaCu2O8-x conductor contribute to its superconducting critical current densities?,useful
2025-07-15T23:00:41.036940,arXiv_1501.07146,4 The system Bi-2212,Bi-2212 is the only HTS that allows the fabrication of round wires with isotropic properties. This l,What advantages does the isotropic round wire multifilament design of the Bi-2212 conductor provide over other types of superconductors mentioned in the paper?,useful
2025-07-15T23:00:41.037940,arXiv_1808.02864,Conclusions,We have demonstrated that the exceptionally high wire current density of 1000 A/mm2 can be reached i,What advantages does the isotropic round wire multifilament design of the Bi-2212 conductor provide over other types of superconductors mentioned in the paper?,useful
2025-07-15T23:00:41.037940,arXiv_2203.10564,Submitted to the Proceedings of the US Community Study on the Future of Particle Physics (Snowmass 2021),"As the only high-temperature superconducting (HTS) material available as an isotropic, twisted, mult",What advantages does the isotropic round wire multifilament design of the Bi-2212 conductor provide over other types of superconductors mentioned in the paper?,useful
2025-07-15T23:00:41.037940,arXiv_2208.12379,Bi-2212 round wire conductor,Bi-2212 offers the potential to displace Nb3Sn above about 15 T field...,What advantages does the isotropic round wire multifilament design of the Bi-2212 conductor provide over other types of superconductors mentioned in the paper?,useful
2025-07-15T23:01:19.390613,arXiv_1305.1688,Abstract,The technical requirements are 15mm±2mm for twist pitch length and right hand twist for direction fo,What are the technical requirements for twist pitch length and direction according to ITER Procurement Arrangement?,useful
2025-07-15T23:01:19.390613,arXiv_1305.1688,1. Introduction,"The twist pitch mainly influences the coupling loss of the conductor, which is generated within the ",What are the technical requirements for twist pitch length and direction according to ITER Procurement Arrangement?,useful
2025-07-15T23:02:02.015235,arXiv_1305.1688,1. Introduction,Two strand manufacturing routes for Nb3Sn-based composite strands are typically used for ITER: the B,Describe the manufacturing routes for Nb3Sn-based composite strands used in ITER.,useful
2025-07-15T23:02:02.015235,arXiv_1305.1688,Fig.1.,"For Nb3Sn strand, the un-reacted multifilament composite strand is made up of Nb filaments embedded ",Describe the manufacturing routes for Nb3Sn-based composite strands used in ITER.,useful
2025-07-15T23:02:02.015235,arXiv_1701.08681,1. Introduction,The Nb3Sn strands used in this study are made by Japan Superconductor Technology Inc. (JASTEC) and K,Describe the manufacturing routes for Nb3Sn-based composite strands used in ITER.,useful
2025-07-15T23:02:02.015235,arXiv_1701.00446,2. Experimental methods,Nb3Sn strands used in this experiment are designed for the ITER Toroidal Field (TF) coils and manufa,Describe the manufacturing routes for Nb3Sn-based composite strands used in ITER.,useful
2025-07-15T23:02:38.132474,arXiv_1305.1688,5. Conclusion,Several methods can be used for twist pitch determination.,"Which three methods for twist pitch measurement are discussed in the paper, and which two are similar to those instructed in ITER PA?",useful
2025-07-15T23:02:38.132474,arXiv_1305.1688,1. Introduction,"A new method, i.e. rotation method, which is suitable for NbTi strand is also described.","Which three methods for twist pitch measurement are discussed in the paper, and which two are similar to those instructed in ITER PA?",useful
2025-07-15T23:02:38.132474,arXiv_1305.1688,5. Conclusion,"For Nb3Sn strands, all of the three methods were used to measure the twist pitch.","Which three methods for twist pitch measurement are discussed in the paper, and which two are similar to those instructed in ITER PA?",useful
2025-07-15T23:02:38.133474,arXiv_1305.1688,3.1 Method A: repetition of filament bundles,The twist pitch can be measured on polished longitudinal sections of strand.,"Which three methods for twist pitch measurement are discussed in the paper, and which two are similar to those instructed in ITER PA?",useful
2025-07-15T23:02:38.133474,arXiv_1305.1688,3.2 Method B: angle of the filaments,"By method B, the twist pitch can be measured from the twist angle of filaments.","Which three methods for twist pitch measurement are discussed in the paper, and which two are similar to those instructed in ITER PA?",useful
2025-07-15T23:03:22.983246,arXiv_1308.6727,I. BACKGROUND,"In 2011, the EFDA Power Plant Physics and Technology group launched a Call for Participation in DEMO","What are the primary advantages and disadvantages of a pulsed DEMO reactor compared to steady state reactors, as discussed in the Background section?",useful
2025-07-15T23:03:22.983246,arXiv_1308.6727,II. LITERATURE SURVEY (ENEA Frascati),One driving force for a pulsed DEMO is the large recirculating power necessary to support the curren,"What are the primary advantages and disadvantages of a pulsed DEMO reactor compared to steady state reactors, as discussed in the Background section?",useful
2025-07-15T23:03:22.984805,arXiv_1308.6727,X. CONCLUSIONS,Interest in pulsed versions of a DEMO tokamak reactor is being driven by concerns about the large re,"What are the primary advantages and disadvantages of a pulsed DEMO reactor compared to steady state reactors, as discussed in the Background section?",useful
2025-07-15T23:03:22.984805,arXiv_1308.6727,III. FIRST WALL HEATING AND EROSION (KIT),"It is universally accepted that disruptions must be vanishingly rare in DEMO, but it is unlikely tha","What are the primary advantages and disadvantages of a pulsed DEMO reactor compared to steady state reactors, as discussed in the Background section?",useful
2025-07-15T23:04:02.597824,arXiv_1308.6727,II. LITERATURE SURVEY (ENEA Frascati),One driving force for a pulsed DEMO is the large recirculating power necessary to support the curren,How does the literature survey in the paper justify the need for a pulsed DEMO regarding current drive efficiency and electrical input power requirements?,useful
2025-07-15T23:04:02.597824,arXiv_1308.6727,X. CONCLUSIONS,Interest in pulsed versions of a DEMO tokamak reactor is being driven by concerns about the large re,How does the literature survey in the paper justify the need for a pulsed DEMO regarding current drive efficiency and electrical input power requirements?,useful
2025-07-15T23:04:44.812759,arXiv_1308.6727,X. CONCLUSIONS,The Nb3Sn conductor-in-conduit cable intended to be used for ITER (in its 2011 version) seems unlike,"What key findings regarding fatigue life improvements in Nb3Sn CICC superconductors were highlighted in the study, and how do they impact the design of a pulsed DEMO?",useful
2025-07-15T23:04:44.812759,arXiv_1308.6727,X. CONCLUSIONS,"Improved conductors may be of the React & Wind or Wind & React approach, but would benefit from lowe","What key findings regarding fatigue life improvements in Nb3Sn CICC superconductors were highlighted in the study, and how do they impact the design of a pulsed DEMO?",useful
2025-07-15T23:04:44.812759,arXiv_1308.6727,X. CONCLUSIONS,Fatigue in the CS and TF coils and their support structures has not yet been studied in detail...,"What key findings regarding fatigue life improvements in Nb3Sn CICC superconductors were highlighted in the study, and how do they impact the design of a pulsed DEMO?",useful
2025-07-15T23:04:44.812759,arXiv_1308.6727,X. CONCLUSIONS,Future work should include the effects of irradiation and creep fatigue in the first wall and blanke,"What key findings regarding fatigue life improvements in Nb3Sn CICC superconductors were highlighted in the study, and how do they impact the design of a pulsed DEMO?",useful
2025-07-15T23:05:35.566061,arXiv_1310.5529,NMR Study of the Superconducting Gap Variation near the Mott Transition in Cs3C60,"Using pressure (p) as a single control parameter of the C60 balls lattice spacing, one can now study",What experimental methods were used to study the superconducting properties of Cs3C60 near the Mott transition?,useful
2025-07-15T23:05:35.566061,arXiv_1003.2937,NMR study of the Mott transitions to superconductivity in the two Cs3C60 phases,The importance of electron correlations in AnC60 compounds has been suggested first from the detecti,What experimental methods were used to study the superconducting properties of Cs3C60 near the Mott transition?,useful
2025-07-15T23:05:35.566061,arXiv_1003.2937,NMR study of the Mott transitions to superconductivity in the two Cs3C60 phases,We report an NMR and magnetometry study on the expanded intercalated fulleride Cs3C60 in both its A1,What experimental methods were used to study the superconducting properties of Cs3C60 near the Mott transition?,useful
2025-07-15T23:05:35.566061,arXiv_1310.6969,Abstract,"NMR data do permit us to conclude that well above the critical pressure, the singlet superconductivi",What experimental methods were used to study the superconducting properties of Cs3C60 near the Mott transition?,useful
2025-07-15T23:07:00.116376,arXiv_1310.6969,Abstract,"NMR data do permit us to conclude that well above the critical pressure, the singlet superconductivi",What implications do the findings suggest about the role of electronic correlations in enhancing superconductivity near the Mott transition?,useful
2025-07-15T23:07:00.116376,arXiv_1310.5529,Abstract,These results bring clear evidence that the increasing correlations near the Mott transition are not,What implications do the findings suggest about the role of electronic correlations in enhancing superconductivity near the Mott transition?,useful
2025-07-15T23:07:00.116880,arXiv_1204.0253,Abstract,The proximity between superconductivity and antiferromagnetism and the existence of a maximum remind,What implications do the findings suggest about the role of electronic correlations in enhancing superconductivity near the Mott transition?,useful
2025-07-15T23:07:00.116880,arXiv_1204.0253,Electronic correlations stabilize the antiferromagnetic Mott state in Cs3C60,The role of electron-electron correlations has been underlined well before Cs3C60 was known. The syn,What implications do the findings suggest about the role of electronic correlations in enhancing superconductivity near the Mott transition?,useful
2025-07-15T23:07:44.224481,arXiv_1310.6729,# **Examination of the tradeoff between intrinsic and extrinsic properties in the optimization of a modern internal tin Nb3Sn conductor**,"maximum non-Cu Jc 12 T, 4.2 K requires preventing A15 grain growth, rather than by optimizing the su",What are the intrinsic properties associated with the A15 phase of Nb3Sn that are optimized for superconducting performance?,useful
2025-07-15T23:07:44.225483,arXiv_1701.08681,# **1. Introduction**,the superconducting properties of a Nb3Sn strand is strongly influenced by heat treatment schedule.,What are the intrinsic properties associated with the A15 phase of Nb3Sn that are optimized for superconducting performance?,useful
2025-07-15T23:07:44.225483,arXiv_1210.3705,#### I. INTRODUCTION,the A15 phase Nb3Sn compound is currently being used in a variety of large-scale scientific projects,What are the intrinsic properties associated with the A15 phase of Nb3Sn that are optimized for superconducting performance?,useful
2025-07-15T23:07:44.225483,arXiv_1912.07576,#### **CONCLUSIONS**,Our DFT study of antisite defects has given us a valuable new perspective on their thermodynamic beh,What are the intrinsic properties associated with the A15 phase of Nb3Sn that are optimized for superconducting performance?,useful
2025-07-15T23:08:27.688917,arXiv_1310.6729,# **Examination of the tradeoff between intrinsic and extrinsic properties in the optimization of a modern internal tin Nb3Sn conductor**,"maximum non-Cu Jc(12 T, 4.2 K) requires preventing A15 grain growth,...",How does the composition of the non-Cu cross-section in modern Nb3Sn wires affect their performance and A15 phase formation according to the study's findings?,useful
2025-07-15T23:08:27.688917,arXiv_1310.6729,## **1. Introduction**,the distribution of properties developed during the A15 phase reaction...,How does the composition of the non-Cu cross-section in modern Nb3Sn wires affect their performance and A15 phase formation according to the study's findings?,useful
2025-07-15T23:08:27.688917,arXiv_1310.6729,#### *6.2 Summary of results and layout of discussion*,"the non-Cu Jc(12 T, 4.2 K) properties are still strongly coupled to the A15 grain size...",How does the composition of the non-Cu cross-section in modern Nb3Sn wires affect their performance and A15 phase formation according to the study's findings?,useful
2025-07-15T23:08:27.688917,arXiv_1408.0353,## **5. Composition gradient effect on practical Nb3Sn wires**,we will apply our descriptions for the superconducting properties variation with tin content...,How does the composition of the non-Cu cross-section in modern Nb3Sn wires affect their performance and A15 phase formation according to the study's findings?,useful
2025-07-15T23:09:10.461934,arXiv_1701.08681,Abstract,"Residual resistance ratio, however, decreases with increasing heat treatment temperature and time. T",What challenges are presented by the degradation of the residual resistance ratio (RRR) when heat treatment temperatures are increased during the fabrication of Nb3Sn conductors?,useful
2025-07-15T23:09:10.461934,arXiv_1701.08681,1. Introduction,Deviation from the optimized heat treatment schedule may lead to performance degradation. For large ,What challenges are presented by the degradation of the residual resistance ratio (RRR) when heat treatment temperatures are increased during the fabrication of Nb3Sn conductors?,useful
2025-07-15T23:09:10.461934,arXiv_1310.6729,7. Conclusions,"Higher temperature reactions raise the in-field superfluid fraction, the irreversibility field and t",What challenges are presented by the degradation of the residual resistance ratio (RRR) when heat treatment temperatures are increased during the fabrication of Nb3Sn conductors?,useful
2025-07-15T23:09:52.495795,arXiv_1310.6969,Abstract,NMR experiments allowed us to establish that the bipartite A15 phase displays Néel order at 47K...,What experimental evidence supports the role of strong correlations and Jahn-Teller distortions in the superconducting properties of A3C60 compounds?,useful
2025-07-15T23:09:52.496314,arXiv_1310.6969,Discussion,We have recalled here that electronic correlations and on ball Jahn-Teller effects have significant ,What experimental evidence supports the role of strong correlations and Jahn-Teller distortions in the superconducting properties of A3C60 compounds?,useful
2025-07-15T23:09:52.496890,arXiv_1703.03350,Conclusion,"It is argued that the A15 and fcc forms of Cs3C60, with transition temperatures maximized under hydr",What experimental evidence supports the role of strong correlations and Jahn-Teller distortions in the superconducting properties of A3C60 compounds?,useful
2025-07-15T23:09:52.496890,arXiv_1703.03350,Conclusion,By analyzing NMR measurements of A15 Cs3C60... evidence of the Coulomb potential e2 /ζ...,What experimental evidence supports the role of strong correlations and Jahn-Teller distortions in the superconducting properties of A3C60 compounds?,useful
2025-07-15T23:10:31.867784,arXiv_1003.2937,Summary and discussion,The magnetic ground states of the Cs3C60 phases are quite distinct at ambient pressure. The reductio,How do the NMR experiments differentiate between the Néel order in the bipartite A15 phase and the magnetic freezing in the fcc phase of Cs3C60?,useful
2025-07-15T23:10:31.868786,arXiv_1003.2937,Magnetic ordering at ambient pressure,For all samples the SQUID data exhibits a sharp increase of magnetization at T = 47 K due to the AF ,How do the NMR experiments differentiate between the Néel order in the bipartite A15 phase and the magnetic freezing in the fcc phase of Cs3C60?,useful
2025-07-15T23:10:31.868786,arXiv_1003.2937,SC phases under pressure and phase diagram,The fcc phase displays a transition to a SC state at 3.9 kbar... The abrupt loss of magnetism above ,How do the NMR experiments differentiate between the Néel order in the bipartite A15 phase and the magnetic freezing in the fcc phase of Cs3C60?,useful
2025-07-15T23:11:11.501347,arXiv_1310.6969,Discussion,The Mott state is found to correspond to low spin as could be expected for a Jahn-Teller distorted g,What are the implications of the DMFT calculations on the electronic properties of Cs3C60 near the Mott transition?,useful
2025-07-15T23:11:11.501347,arXiv_1310.6969,Discussion,"The phase diagram displays a SC dome, reminiscent of that found in many other correlated electron sy",What are the implications of the DMFT calculations on the electronic properties of Cs3C60 near the Mott transition?,useful
2025-07-15T23:11:11.502348,arXiv_1310.5529,Abstract,The increasing correlations near the Mott transition are not significantly detrimental to supercondu,What are the implications of the DMFT calculations on the electronic properties of Cs3C60 near the Mott transition?,useful
2025-07-15T23:11:11.502348,arXiv_1204.0253,Electronic correlations stabilize the antiferromagnetic Mott state in Cs3C<sup>60</sup>,"In light of the significant value of the intramolecular Coulomb interaction, electron correlations c",What are the implications of the DMFT calculations on the electronic properties of Cs3C60 near the Mott transition?,useful
2025-07-15T23:11:11.502348,arXiv_1310.6969,Discussion,DMFT has allowed to evidence that the Coulomb repulsion is at least not that detrimental to this on ,What are the implications of the DMFT calculations on the electronic properties of Cs3C60 near the Mott transition?,useful
2025-07-15T23:11:53.603840,arXiv_1311.3420,EXPERIMENT AND EVALUATION,"Using a SQUID magnetometer, we measured the magnetic moment of sample VB at temperatures from 2 to 1",What experimental methods were used to probe the magnetic properties of V3Si in the study?,useful
2025-07-15T23:11:53.603840,arXiv_1311.3420,EXPERIMENT AND EVALUATION,"Sample VA was analyzed with a noncommercial rotating sample magnetometer, where the sample is glued ",What experimental methods were used to probe the magnetic properties of V3Si in the study?,useful
2025-07-15T23:11:53.604840,arXiv_1311.3420,Testing V3Si for two-band superconductivity,we probe for temperature dependent two-band effects by analyzing the superfluid density obtained by ,What experimental methods were used to probe the magnetic properties of V3Si in the study?,useful
2025-07-15T23:12:31.927850,arXiv_1311.3420,## INTRODUCTION,"V3Si is a type II superconductor with a Ginzburg-Landau parameter of about 20, a transition temperat","What are the reported characteristics of V3Si, such as its transition temperature and Ginzburg-Landau parameter?",useful
2025-07-15T23:12:31.929353,arXiv_2109.12446,#### I. INTRODUCTION,"the highest superconducting transition temperature, around 17 K.","What are the reported characteristics of V3Si, such as its transition temperature and Ginzburg-Landau parameter?",useful
2025-07-15T23:12:31.929353,arXiv_2503.05124,# 1. Introduction,V3Si has a critical temperature (T*c*) of 17.1 K.,"What are the reported characteristics of V3Si, such as its transition temperature and Ginzburg-Landau parameter?",useful
2025-07-15T23:12:31.929353,arXiv_2304.10766,## **Introduction:**,V3Si is a typical A3B compound superconductor with a rather high *TC* of ~16K among conventional sup,"What are the reported characteristics of V3Si, such as its transition temperature and Ginzburg-Landau parameter?",useful
2025-07-15T23:13:15.977405,arXiv_1311.3420,RESULTS AND DISCUSSION,"In MgB2, the differences in the condensation energies of the high-field fit and the experimental dat",How do the findings of the irreversible magnetization measurements relate to the two-band effects observed in MgB2?,useful
2025-07-15T23:13:15.978409,arXiv_cond-mat_0403590,Introduction,"This material consists of the near-isotropic π-band and the anisotropic σ-band, having similar elect",How do the findings of the irreversible magnetization measurements relate to the two-band effects observed in MgB2?,useful
2025-07-15T23:13:15.978409,arXiv_cond-mat_0403590,Introduction,"One may wonder if two-gap superconductivity only occurs as an exception in nature, being limited to ",How do the findings of the irreversible magnetization measurements relate to the two-band effects observed in MgB2?,useful
2025-07-15T23:13:15.978409,arXiv_1311.3420,RESULTS AND DISCUSSION,"Yet the superconducting properties of the π-band are heavily suppressed above a particular field, wh",How do the findings of the irreversible magnetization measurements relate to the two-band effects observed in MgB2?,useful
2025-07-15T23:13:59.462561,arXiv_1311.6901,### I. INTRODUCTION,"Various production techniques such as the Bronze Route, the Powder-In-Tube (PIT) process, and the Re","What production techniques for Nb3Sn wires are mentioned in the Introduction section, and how do they contribute to the wire's properties?",useful
2025-07-15T23:13:59.463973,arXiv_2306.13071,## **1. Introduction**,"Superconducting wires based on Nb3Sn are produced by one of the following methods: bronze route, int","What production techniques for Nb3Sn wires are mentioned in the Introduction section, and how do they contribute to the wire's properties?",useful
2025-07-15T23:13:59.463973,arXiv_2306.13071,## **1. Introduction**,...the RRP strands...achieved approximately 3000 A/mm2 critical current density.,"What production techniques for Nb3Sn wires are mentioned in the Introduction section, and how do they contribute to the wire's properties?",useful
2025-07-15T23:13:59.463973,arXiv_1504.05366,## INTRODUCTION,"The former were limited to non-matrix critical current densities below 10^9 A/m2 at 4.2 K and 12 T, ","What production techniques for Nb3Sn wires are mentioned in the Introduction section, and how do they contribute to the wire's properties?",useful
2025-07-15T23:14:34.425687,arXiv_1504.05366,### RESULTS,Transport critical current data obtained on the examined wire in the unirradiated state as well as a,"What range of fast neutron fluence was used in the irradiation study, and what were the temperature and magnetic field conditions during the assessment of volume pinning force?",useful
2025-07-15T23:14:34.425687,arXiv_1311.6901,# Effects of Neutron Irradiation on Pinning Force Scaling in State-of-the-Art Nb3Sn Wires,The volume pinning force of short wire samples was assessed in the temperature range from 4.2 to 15 ,"What range of fast neutron fluence was used in the irradiation study, and what were the temperature and magnetic field conditions during the assessment of volume pinning force?",useful
2025-07-15T23:15:12.360363,arXiv_1311.6901,# IV. CONCLUSIONS,The pinning force function of irradiated wires was found to be in good agreement with a two-componen,"How does the model presented in the paper describe the pinning force function of irradiated Nb3Sn wires, and what contribution does fast neutron irradiation make to this model?",useful
2025-07-15T23:15:12.360363,arXiv_1311.6901,# Effects of Neutron Irradiation on Pinning Force Scaling in State-of-the-Art Nb3Sn Wires,Fast neutron irradiation causes a substantial change in the functional dependence of the volume pinn,"How does the model presented in the paper describe the pinning force function of irradiated Nb3Sn wires, and what contribution does fast neutron irradiation make to this model?",useful
2025-07-15T23:15:12.361363,arXiv_1311.6901,# C. Effects of irradiation on pinning force scaling,Radiation induced defects have a higher pinning efficiency in ternary Nb3Sn than in binary material.,"How does the model presented in the paper describe the pinning force function of irradiated Nb3Sn wires, and what contribution does fast neutron irradiation make to this model?",useful
2025-07-15T23:15:12.361363,arXiv_1311.6901,# IV. CONCLUSIONS,The dependence of this point-pinning contribution on fast neutron fluence appears to be a universal ,"How does the model presented in the paper describe the pinning force function of irradiated Nb3Sn wires, and what contribution does fast neutron irradiation make to this model?",useful
2025-07-15T23:15:51.247393,arXiv_1401.2843,"A theory of the strain-dependent critical field in Nb3Sn, based on anharmonic phonon generation",We propose a theory to explain the strain dependence of the critical properties in A15 superconducto,What is the proposed theory linking strain dependence to the electron-phonon function in Nb3Sn as described in the Introduction?,useful
2025-07-15T23:15:51.247393,arXiv_1401.2843,IV. CONCLUSION,The theory emphasizes the importance of anharmonicity in the deformation potential... The strain fun,What is the proposed theory linking strain dependence to the electron-phonon function in Nb3Sn as described in the Introduction?,useful
2025-07-15T23:15:51.248396,arXiv_cond-mat_0606303,A. Microscopic origins of strain dependence,Strain induced changes in N(EF) in the full invariant analysis for Tc are only accounted for ...,What is the proposed theory linking strain dependence to the electron-phonon function in Nb3Sn as described in the Introduction?,not useful
2025-07-15T23:15:51.248396,arXiv_1210.3705,I. INTRODUCTION,The A15 phase Nb3Sn compound is currently being used in a variety of large-scale scientific projects,What is the proposed theory linking strain dependence to the electron-phonon function in Nb3Sn as described in the Introduction?,not useful
2025-07-15T23:16:33.104826,arXiv_1401.2843,IV. CONCLUSION,The theory emphasizes the importance of anharmonicity in the deformation potential...,How does the nonlinear generation of phonons contribute to the widening of the alpha squared F function according to the proposed theory?,useful
2025-07-15T23:16:33.104826,arXiv_1401.2843,B. Broadening of the phonon spectrum by nonlinear wave generation,Phonon-phonon interactions are present in materials even at equilibrium...,How does the nonlinear generation of phonons contribute to the widening of the alpha squared F function according to the proposed theory?,useful
2025-07-15T23:16:33.105380,arXiv_1401.2843,A. Strong-coupling superconductivity and strain-dependent critical temperature,The interactions between phonons... produce secondary vibrational modes...,How does the nonlinear generation of phonons contribute to the widening of the alpha squared F function according to the proposed theory?,useful
2025-07-15T23:16:33.105380,arXiv_1904.08611,IV. Results – Theory,Figure 1 shows the calculated lattice dynamics...,How does the nonlinear generation of phonons contribute to the widening of the alpha squared F function according to the proposed theory?,not useful
2025-07-15T23:17:08.255256,arXiv_1401.2843,IV. CONCLUSION,"The theory can fit critical-field data measured on Nb3Sn wires, and allowed us to extract the anharm","What comparisons are made between the anharmonic energy extracted from model fits and other methods, as mentioned in the Conclusion?",useful
2025-07-15T23:17:57.517260,arXiv_1401.3931,Abstract,Several projects around the planet aim at building a new generation of superconducting magnets for p,What are the unique challenges posed by the new generation of Nb3Sn superconducting magnets in terms of energy densities and current densities?,useful
2025-07-15T23:17:57.517260,arXiv_1909.13543,Introduction,To reach a field level that is almost twice that of the magnets installed in the Large Hadron Collid,What are the unique challenges posed by the new generation of Nb3Sn superconducting magnets in terms of energy densities and current densities?,useful
2025-07-15T23:17:57.517260,arXiv_2301.09537,1.2. Nb3Sn Accelerator Magnets,"The importance of the coil pre-stress increases as we move towards higher field magnets, with larger",What are the unique challenges posed by the new generation of Nb3Sn superconducting magnets in terms of energy densities and current densities?,useful
2025-07-15T23:17:57.517260,arXiv_2203.10564,2. Superconducting Accelerator Magnets: Requirements and Challenges,"The widely used superconducting accelerator magnet technology is based on a two-layer, cosine-theta ",What are the unique challenges posed by the new generation of Nb3Sn superconducting magnets in terms of energy densities and current densities?,useful
2025-07-15T23:18:41.355326,arXiv_1401.3931,CONCLUSIONS,We first considered the case of short magnets individually powered... The time margin allows to comp,How is the time margin for protection defined and what factors influence its estimation in the context of superconducting magnets?,useful
2025-07-15T23:18:41.355326,arXiv_1401.3931,Definition,we define a margin for protection... defining an ideal protection system that is able to quench the ,How is the time margin for protection defined and what factors influence its estimation in the context of superconducting magnets?,useful
2025-07-15T23:18:41.356326,arXiv_1401.3931,INTRODUCTION,the time margin is consumed by different operations of the protection system: we discuss here the de,How is the time margin for protection defined and what factors influence its estimation in the context of superconducting magnets?,useful
2025-07-15T23:18:41.356326,arXiv_1401.3931,Dependence on magnet features,"An important variable is also the current density, which plays a major role... The time margin scale",How is the time margin for protection defined and what factors influence its estimation in the context of superconducting magnets?,useful
2025-07-15T23:19:21.409393,arXiv_2212.02396,Abstract,The classical Bardeen-Cooper-Schrieffer and Eliashberg theories of the electron–phonon-mediated supe,"What is the adiabatic approximation, and how does it relate to the analysis of hotspot temperatures in superconducting magnets?",useful
2025-07-15T23:19:21.409393,arXiv_1401.3931,INTRODUCTION,Protection of superconducting magnet is a fascinating subject that involves different branches of ph,"What is the adiabatic approximation, and how does it relate to the analysis of hotspot temperatures in superconducting magnets?",useful
2025-07-15T23:19:21.409393,arXiv_1512.00845,VII. CONCLUSION,The hot spot temperature and the maximum helium pressure are within the design criteria.,"What is the adiabatic approximation, and how does it relate to the analysis of hotspot temperatures in superconducting magnets?",useful
2025-07-15T23:19:21.409393,arXiv_1401.3931,What to include in the capital,In the adiabatic approximation one has to make a hypothesis about the elementary cell that takes the,"What is the adiabatic approximation, and how does it relate to the analysis of hotspot temperatures in superconducting magnets?",useful
2025-07-15T23:20:08.486550,arXiv_1401.3939,INTRODUCTION,The heater insulation thickness (typically between 0.025 and 0.100 mm) required for electrical integ,What are the main design parameters that affect the heater delay in superconducting Nb3Sn magnets according to the introduction?,useful
2025-07-15T23:20:08.486550,arXiv_1401.3939,CONCLUSION,"A parametric analysis using the HQ01e data showed the heater delay dependence on heater power, polyi",What are the main design parameters that affect the heater delay in superconducting Nb3Sn magnets according to the introduction?,useful
2025-07-15T23:20:08.486550,arXiv_2006.01457,1. Introduction,Superconducting magnets quench when their temperature increases above the current sharing temperatur,What are the main design parameters that affect the heater delay in superconducting Nb3Sn magnets according to the introduction?,not useful
2025-07-15T23:20:08.486550,arXiv_1501.07149,1 Introduction,We consider this for both dipoles and quadrupoles: the aim is to understand the trade-offs between t,What are the main design parameters that affect the heater delay in superconducting Nb3Sn magnets according to the introduction?,not useful
2025-07-15T23:20:08.487553,arXiv_1401.3931,INTRODUCTION,Protection of superconducting magnet is a fascinating subject that involves different branches of ph,What are the main design parameters that affect the heater delay in superconducting Nb3Sn magnets according to the introduction?,not useful
2025-07-15T23:20:52.151497,arXiv_1401.3939,*Thermal model*,The heat transfer between the heater and the cable is simulated using a numerical two-dimensional he,How does the numerical modeling tool simulate heat transfer between the heater and the coil as described in the computational model section?,useful
2025-07-15T23:20:52.152500,arXiv_1401.3939,**CONCLUSION**,A computational tool based on a two-dimensional heat conduction model is developed to calculate the ,How does the numerical modeling tool simulate heat transfer between the heater and the coil as described in the computational model section?,useful
2025-07-15T23:20:52.152500,arXiv_1401.3931,*Heater delay*,"...negligible, and the only way to have a fast dump is to quench most of the magnet rapidly through ",How does the numerical modeling tool simulate heat transfer between the heater and the coil as described in the computational model section?,not useful
2025-07-15T23:20:52.152500,arXiv_2403.07666,Numerical Algorithm,method with variable time step is implemented to solve the electromagnetic equations...,How does the numerical modeling tool simulate heat transfer between the heater and the coil as described in the computational model section?,not useful
2025-07-15T23:21:38.031466,arXiv_1401.3939,*Comparison with experimental data*,"The simulation agrees with experimental data within 20%, as shown in Fig. 6...","What experimental data is used to validate the simulated delays in the LARP HQ magnet, and what comparison is made with the heater design?",useful
2025-07-15T23:21:38.031466,arXiv_1401.3939,**INTRODUCTION**,"The model is first applied to the LARP HQ magnet [4]. First, the real heater geometry is simulated a","What experimental data is used to validate the simulated delays in the LARP HQ magnet, and what comparison is made with the heater design?",useful
2025-07-15T23:21:38.032469,arXiv_1401.3939,**CONCLUSION**,This modeling approach... can be useful in understanding the effect of various parameters on the que,"What experimental data is used to validate the simulated delays in the LARP HQ magnet, and what comparison is made with the heater design?",useful
2025-07-15T23:22:34.216445,arXiv_1401.3950,INTRODUCTION,Acoustic sensing of mechanical events in solids has a long history and has also been used in the pas,What are the advantages of using acoustic sensing techniques for detecting mechanical vibrations in superconducting magnets compared to conventional methods?,useful
2025-07-15T23:22:34.216445,arXiv_1401.3950,INTRODUCTION,Sound propagation velocity of several km/s is typically faster than the quench propagation velocity;,What are the advantages of using acoustic sensing techniques for detecting mechanical vibrations in superconducting magnets compared to conventional methods?,useful
2025-07-15T23:22:34.216445,arXiv_1401.3950,INTRODUCTION,"Using acoustic sensor arrays, sound sources can be localized through triangulation with centimetre a",What are the advantages of using acoustic sensing techniques for detecting mechanical vibrations in superconducting magnets compared to conventional methods?,useful
2025-07-15T23:22:34.217976,arXiv_1401.3950,Acoustic sensors and data acquisition,"Piezoelectric transducers are widely used for acoustic sensing. In superconducting magnets, they are",What are the advantages of using acoustic sensing techniques for detecting mechanical vibrations in superconducting magnets compared to conventional methods?,useful
2025-07-15T23:22:34.217976,arXiv_1401.3950,CONCLUSIONS,"Further development of the acoustic technique is needed, focusing on improving sensitivity and selec",What are the advantages of using acoustic sensing techniques for detecting mechanical vibrations in superconducting magnets compared to conventional methods?,useful
2025-07-15T23:23:24.502156,arXiv_1401.3950,## **INTRODUCTION**,"Sound in magnets can be generated by different mechanisms, most notably: - sudden mechanical motion ","What mechanisms can generate sound in superconducting magnets, and how does this affect the interpretation of acoustic data?",useful
2025-07-15T23:23:24.502156,arXiv_1401.3950,## **CONCLUSIONS**,we have shown that acoustic signals generated by flux jumps and mechanical motion events in the supe,"What mechanisms can generate sound in superconducting magnets, and how does this affect the interpretation of acoustic data?",useful
2025-07-15T23:23:24.502156,arXiv_1904.08611,# **VII. Conclusion**,"In summary, we have made an inelastic x-ray scattering investigation of the lattice dynamics of V3Si","What mechanisms can generate sound in superconducting magnets, and how does this affect the interpretation of acoustic data?",not useful
2025-07-15T23:23:24.502156,arXiv_1904.08611,# **VII. Conclusion**,Analysis of a long-time published data set showing - induced effects for phonons in the A15 compound,"What mechanisms can generate sound in superconducting magnets, and how does this affect the interpretation of acoustic data?",not useful
2025-07-15T23:24:17.730841,arXiv_1401.3950,Acoustic sensors and data acquisition,"Piezoelectric transducers are widely used for acoustic sensing. In superconducting magnets, they are",How does the acoustic sensing system developed for the LARP HQ01e magnet utilize piezoelectric transducers and cryogenic amplifiers?,useful
2025-07-15T23:24:17.730841,arXiv_1401.3950,Acoustic sensors and data acquisition,"In order to improve signal-to-noise ratio and eliminate need for using coaxial lines, we have combin",How does the acoustic sensing system developed for the LARP HQ01e magnet utilize piezoelectric transducers and cryogenic amplifiers?,useful
2025-07-15T23:24:17.730841,arXiv_1401.3950,Installation on the magnet,"After the successful test at room temperature, two sensors were installed at the LARP HQ01 quadrupol",How does the acoustic sensing system developed for the LARP HQ01e magnet utilize piezoelectric transducers and cryogenic amplifiers?,useful
2025-07-15T23:24:17.731842,arXiv_1401.3950,CONCLUSIONS,"Amplified piezo-sensors, in combination with fast data acquisition and processing techniques show go",How does the acoustic sensing system developed for the LARP HQ01e magnet utilize piezoelectric transducers and cryogenic amplifiers?,useful
2025-07-15T23:25:05.350688,arXiv_2306.10866,Effects of Zr oxide precipitates on the microstructure of Nb3Sn layers,"There is a noticeable grain refinement observed at both 625 oC and 700 oC, relative to Nb3Sn wires w",What temperature range was found to be optimal for the Nb3Sn grain size refinement using ZrO2 precipitates according to the study?,useful
2025-07-15T23:25:05.350688,arXiv_1411.5397,Internally Oxidized Nb3Sn Strands with Fine Grain Size and High Critical Current Density,"The grain size distribution of the strand with SnO2... is mainly within 20-50 nm, with an average of",What temperature range was found to be optimal for the Nb3Sn grain size refinement using ZrO2 precipitates according to the study?,useful
2025-07-15T23:25:53.921686,arXiv_1706.10253,6. Prospects to improve pinning capacity,"Many studies have shown that *Fp,max* is inversely proportional to grain size.",How does the grain size of Nb3Sn conductors impact the peak of the pinning force vs. field curve?,useful
2025-07-15T23:25:53.922201,arXiv_1706.10253,6. Prospects to improve pinning capacity,"Experiments on Nb3Sn thin films showed that if Nb3Sn grain sizes were reduced to 15-30 nm, the peaks",How does the grain size of Nb3Sn conductors impact the peak of the pinning force vs. field curve?,useful
2025-07-15T23:25:53.922201,arXiv_1706.10253,6. Prospects to improve pinning capacity,"However, as grain size drops below ~50 nm, not only does *Fp,max* increase, but also the *Fp*(*B*) c",How does the grain size of Nb3Sn conductors impact the peak of the pinning force vs. field curve?,useful
2025-07-15T23:25:53.922201,arXiv_1706.10253,6. Prospects to improve pinning capacity,"With such a grain size, we estimate that the *Fp*(*B*) curve might reach a peak at ~0.5*Bc2*.",How does the grain size of Nb3Sn conductors impact the peak of the pinning force vs. field curve?,useful
2025-07-15T23:26:44.558938,arXiv_1411.5397,Internally Oxidized Nb3Sn Strands with Fine Grain Size and High Critical Current Density,The grain size distribution of the strand with SnO2 (calculated from Figure 1d) is mainly within 20-,"What experimental evidence supports the role of oxygen in reducing the grain size of Nb3Sn, as shown in the SEM images?",useful
2025-07-15T23:26:44.558938,arXiv_2306.10866,3.1. The microstructures of Nb3Sn layers heat treated at 625 oC and 700 oC,The average grain diameter throughout the entire Nb3Sn layer after heat treatment at 625 oC for 740 ,"What experimental evidence supports the role of oxygen in reducing the grain size of Nb3Sn, as shown in the SEM images?",useful
2025-07-15T23:26:44.558938,arXiv_1807.03898,3.2.2 Normal Nb3Sn grain regions (average growth rate: 12 nm/min),"0.034–0.085 cm and 0.215–0.28 cm long sample lengths were used, the grain size before dehydration wa","What experimental evidence supports the role of oxygen in reducing the grain size of Nb3Sn, as shown in the SEM images?",not useful
2025-07-15T23:27:31.690429,arXiv_1408.0353,6. Conclusions,the dependence of superconductivity with inhomogeneous composition is established incompletely in th,How does the variation of Sn content in Nb3Sn affect the upper critical field H*c2 according to the abstract?,useful
2025-07-15T23:27:31.690429,arXiv_1102.5118,Abstract,We show surprising µ0Hc2 data on highly homogeneous bulk samples ... identical upper critical field ,How does the variation of Sn content in Nb3Sn affect the upper critical field H*c2 according to the abstract?,useful
2025-07-15T23:27:31.690429,arXiv_cond-mat_0402206,I. Introduction,the variation of the upper critical field Hc2 with composition is less certain but also significant.,How does the variation of Sn content in Nb3Sn affect the upper critical field H*c2 according to the abstract?,useful
2025-07-15T23:28:29.447430,arXiv_0907.0411,I. INTRODUCTION,"The cubic to tetragonal transformation must be a first order thermodynamic transition, showing a hys",What are the implications of the phase transformation from cubic to tetragonal lattice on superconducting properties as mentioned in the introduction?,useful
2025-07-15T23:28:29.448433,arXiv_0907.0411,I. INTRODUCTION,The martensitic transformation initiates at a temperature above the superconducting transition tempe,What are the implications of the phase transformation from cubic to tetragonal lattice on superconducting properties as mentioned in the introduction?,useful
2025-07-15T23:28:29.448433,arXiv_1408.0353,1. Introduction,"In a Nb3Sn conductor, the Sn gradient across the A15 layer has a remarkable impact on the local vari",What are the implications of the phase transformation from cubic to tetragonal lattice on superconducting properties as mentioned in the introduction?,useful
2025-07-15T23:28:29.448433,arXiv_2309.11055,# Introduction,Strong evidence exists that a martensitic cubic to tetragonal phase transition occurs at about 18.9 ,What are the implications of the phase transformation from cubic to tetragonal lattice on superconducting properties as mentioned in the introduction?,useful
2025-07-15T23:28:29.448433,arXiv_2204.03729,## Introduction,The structural change can be linked to superconductivity as high-quality samples exhibiting this tra,What are the implications of the phase transformation from cubic to tetragonal lattice on superconducting properties as mentioned in the introduction?,useful
2025-07-15T23:29:24.882463,arXiv_1408.0353,## **6. Conclusions**,"Although Nb3Sn has been extensively used in fusion engineering area like ITER, the dependence of sup",How do the theoretical formulas applied to technical Nb3Sn wires help in understanding the inhomogeneous-composition effects on superconducting properties?,useful
2025-07-15T23:29:24.883966,arXiv_1408.0353,## **5. Composition gradient effect on practical Nb3Sn wires**,In the following we will apply our descriptions for the superconducting properties variation with ti,How do the theoretical formulas applied to technical Nb3Sn wires help in understanding the inhomogeneous-composition effects on superconducting properties?,useful
2025-07-15T23:29:24.883966,arXiv_1408.0353,# **1. Introduction**,"At present, conventional low-temperature superconductors such as Nb3Sn have been extensively applied",How do the theoretical formulas applied to technical Nb3Sn wires help in understanding the inhomogeneous-composition effects on superconducting properties?,useful
2025-07-15T23:29:24.884564,arXiv_cond-mat_0410463,#### **I. INTRODUCTION**,"description for the µ0*H*c2(*T*) behavior of Nb3Sn is possible, independent of measuring technique, ",How do the theoretical formulas applied to technical Nb3Sn wires help in understanding the inhomogeneous-composition effects on superconducting properties?,useful
2025-07-15T23:29:24.884564,arXiv_1707.09025,#### *Abstract*,We present theoretical studies of SRF materials from the Center for Bright Beams...,How do the theoretical formulas applied to technical Nb3Sn wires help in understanding the inhomogeneous-composition effects on superconducting properties?,not useful
2025-07-15T23:30:15.007702,arXiv_1409.8358,Abstract,We present high-resolution specific heat data from a high-purity single crystal of the classical sup,"What specific heat anomalies were observed in V3Si at magnetic fields of 2 T and higher, according to the findings presented in the abstract?",useful
2025-07-15T23:30:15.007702,arXiv_1409.8358,# **3. Results**,"In a field of 2 T, a tiny peak appears on top of the mean field jump, indicating a lambda anomaly,..","What specific heat anomalies were observed in V3Si at magnetic fields of 2 T and higher, according to the findings presented in the abstract?",useful
2025-07-15T23:30:15.007702,arXiv_1311.3420,INTRODUCTION,Superconductivity in V3Si has been studied since 1953...,"What specific heat anomalies were observed in V3Si at magnetic fields of 2 T and higher, according to the findings presented in the abstract?",not useful
2025-07-15T23:30:15.007702,arXiv_1311.3420,EXPERIMENT AND EVALUATION,A V3Si single crystal was cut into two pieces...,"What specific heat anomalies were observed in V3Si at magnetic fields of 2 T and higher, according to the findings presented in the abstract?",not useful
2025-07-15T23:31:06.604671,arXiv_1409.8358,Abstract,The appearance of these anomalies is accompanied by a magnetic-field-induced broadening of the super,How do the critical fluctuations in V3Si's superconducting transition relate to the theoretical models of the 3d-XY and 3d-Lowest-Landau-Level universality class as discussed in the introduction?,useful
2025-07-15T23:31:06.605673,arXiv_1409.8358,3. Results,in V3Si the fluctuations disappear in such small fields. Since these superconductors are quite simil,How do the critical fluctuations in V3Si's superconducting transition relate to the theoretical models of the 3d-XY and 3d-Lowest-Landau-Level universality class as discussed in the introduction?,useful
2025-07-15T23:31:06.605673,arXiv_1409.8358,4. Concluding remarks,With our high-resolution specific heat data we could demonstrate that the observation of fluctuation,How do the critical fluctuations in V3Si's superconducting transition relate to the theoretical models of the 3d-XY and 3d-Lowest-Landau-Level universality class as discussed in the introduction?,useful
2025-07-15T23:31:06.605673,arXiv_1311.3420,INTRODUCTION,Superconductivity in V3Si has been studied since 1953 and was considered to be of conventional s-wav,How do the critical fluctuations in V3Si's superconducting transition relate to the theoretical models of the 3d-XY and 3d-Lowest-Landau-Level universality class as discussed in the introduction?,not useful
2025-07-15T23:31:58.166383,arXiv_1409.8358,Abstract,"We demonstrate, using scaling relations predicted by the fluctuation models of the 3d-XY and the 3d-",What role does the effective dimensionality play in the observed effect of magnetic field-induced enlargement of the regime of critical fluctuations in V3Si?,useful
2025-07-15T23:31:58.166383,arXiv_1409.8358,3. Results,Since these superconductors are quite similar and the 3d-LLL model was applicable in Nb3Sn in fields,What role does the effective dimensionality play in the observed effect of magnetic field-induced enlargement of the regime of critical fluctuations in V3Si?,useful
2025-07-15T23:31:58.166383,arXiv_1409.8358,4. Concluding remarks,"The observation of fluctuation effects is not limited to HTSCs and Nb3Sn, but are a rather universal",What role does the effective dimensionality play in the observed effect of magnetic field-induced enlargement of the regime of critical fluctuations in V3Si?,useful
2025-07-15T23:31:58.166383,arXiv_1311.3420,EXPERIMENT AND EVALUATION,"Both samples, named VA and VB, became superconducting below 16.7 K with a transition width of 0.2 K ",What role does the effective dimensionality play in the observed effect of magnetic field-induced enlargement of the regime of critical fluctuations in V3Si?,not useful
2025-07-15T23:31:58.166383,arXiv_cond-mat_0604098,A. Thermal fluctuations,A measure of the width of the critical regime is the Ginzburg number Gi=0.5(kBTc) 2 /Hc 2 (0)x0 3 ; ,What role does the effective dimensionality play in the observed effect of magnetic field-induced enlargement of the regime of critical fluctuations in V3Si?,not useful
2025-07-15T23:33:34.851577,arXiv_2409.01569,Analysis of Thermal Grooving Effects on Vortex Penetration in Vapor-Diffused Nb3Sn2,"This model predicts a superheating field suppression factor based on the slope angle of the groove, ",What geometric parameters are used to define the groove in the model section of the paper?,useful
2025-07-15T23:33:34.851577,arXiv_2409.01569,Analysis of Thermal Grooving Effects on Vortex Penetration in Vapor-Diffused Nb3Sn2,The distribution of θ(r) and δ(r) is shown in Fig. [5](#page-8-0) (a) and (b). No discernible trend ,What geometric parameters are used to define the groove in the model section of the paper?,useful
2025-07-15T23:35:13.236137,arXiv_1411.5397,Internally Oxidized Nb3Sn Strands with Fine Grain Size and High Critical Current Density,"For Nb3Sn, improvement in critical current density Jc can be realized by refining grain size.",What is the significance of grain size reduction in the context of critical current density improvement for Nb3Sn superconductors?,useful
2025-07-15T23:35:13.236137,arXiv_1402.3001,Refinement of Nb3Sn grain size by the generation of ZrO2 precipitates in Nb3Sn wires,The results showed that such a design could supply sufficient oxygen to internally oxidize the Zr in,What is the significance of grain size reduction in the context of critical current density improvement for Nb3Sn superconductors?,useful
2025-07-15T23:35:13.236640,arXiv_1706.10253,Abstract,The non-matrix Jc of Nb3Sn conductors is mainly determined by three factors: ... the flux-line pinni,What is the significance of grain size reduction in the context of critical current density improvement for Nb3Sn superconductors?,useful
2025-07-15T23:35:13.236640,arXiv_1504.05366,INTRODUCTION,Multifilamentary Nb3Sn wires ... have been known to be the dominant pinning sites in Nb3Sn for a lon,What is the significance of grain size reduction in the context of critical current density improvement for Nb3Sn superconductors?,useful
2025-07-15T23:35:57.975259,arXiv_1411.5397,Internally Oxidized Nb3Sn Strands with Fine Grain Size and High Critical Current Density,The grain size refinement is due to formation of ZrO2 particles: as oxygen diffuses into the Nb-Zr a,"How does the internal oxidation method contribute to the reduction of grain size in Nb3Sn strands, and what is the average grain size achieved using this method?",useful
2025-07-15T23:35:57.975259,arXiv_1411.5397,Internally Oxidized Nb3Sn Strands with Fine Grain Size and High Critical Current Density,"At a reaction temperature of 625 °C, grain size down to 20-50 nm (36 nm on average) has been achieve","How does the internal oxidation method contribute to the reduction of grain size in Nb3Sn strands, and what is the average grain size achieved using this method?",useful
2025-07-15T23:35:57.975259,arXiv_1706.10253,Prospects to improve pinning capacity,"It is interesting to note that if Nb3Sn grain sizes were reduced to 15-30 nm, the peaks of their *Fp","How does the internal oxidation method contribute to the reduction of grain size in Nb3Sn strands, and what is the average grain size achieved using this method?",useful
2025-07-15T23:36:44.627616,arXiv_1411.5397,Internally Oxidized Nb3Sn Strands with Fine Grain Size and High Critical Current Density,"To apply this method to a Nb3Sn strand, commercially available Nb-1wt.%Zr alloy (in place of the usu","Which alloy is used as a starting material in the internal oxidation method for Nb3Sn strands, and what is the role of oxygen in this process?",useful
2025-07-15T23:36:44.629128,arXiv_1411.5397,Internally Oxidized Nb3Sn Strands with Fine Grain Size and High Critical Current Density,The grain size refinement is due to formation of ZrO2 particles: as oxygen diffuses into the Nb-Zr a,"Which alloy is used as a starting material in the internal oxidation method for Nb3Sn strands, and what is the role of oxygen in this process?",useful
2025-07-15T23:37:39.103681,arXiv_1501.01512,II. INTRODUCTION,The maximum magnetic field H which can be screened by a superconductor in the vortex-free Meissner s,What is the relationship between the thickness of the superconducting layers and the maximum Meissner field achieved in multilayer structures?,useful
2025-07-15T23:37:39.105183,arXiv_1501.01512,III. PENETRATION OF VORTICES AT DEFECTS AND THERMOMAGNETIC STABILITY OF MULTILAYERS.,The maximum screening field Hm at which the Messier state becomes absolutely unstable... in the mult,What is the relationship between the thickness of the superconducting layers and the maximum Meissner field achieved in multilayer structures?,useful
2025-07-15T23:37:39.105183,arXiv_1705.06383,I. INTRODUCTION,The use of multilayers of superconductors with a larger critical temperature Tc on top of Nb to incr,What is the relationship between the thickness of the superconducting layers and the maximum Meissner field achieved in multilayer structures?,not useful
2025-07-15T23:37:39.105183,arXiv_1010.4695,## Anomalous Meissner effect in pnictide superconductors,"The Meissner effect has been studied in Ba(Fe0.926Co0.074)2As2... However, in stark contrast with th",What is the relationship between the thickness of the superconducting layers and the maximum Meissner field achieved in multilayer structures?,not useful
2025-07-15T23:38:26.423998,arXiv_1501.01512,Maximum screening fields of superconducting multilayer structures.,a dirty layer of thickness ∼ 0.1 µm at the Nb surface could increase Hs ≃ 240 mT of a clean Nb up to,How does the introduction of a dirty layer at the Nb surface affect the superheating field H^s of clean Nb?,useful
2025-07-15T23:38:26.424998,arXiv_2402.15500,V. CONCLUSION,the introduction of a thin superconducting overlayer on Nb can effectively push the onset of vortex ,How does the introduction of a dirty layer at the Nb surface affect the superheating field H^s of clean Nb?,useful
2025-07-15T23:39:21.674024,arXiv_1501.01512,# Maximum screening fields of superconducting multilayer structures.,a multilayer comprised of alternating thin superconducting and insulating layers on a thick substrat,What effect do multilayers of alloys like Nb3Sn and NbN have on the rf breakdown field and the peak accelerating electric fields in resonator cavities?,useful
2025-07-15T23:39:21.674537,arXiv_2409.01569,## Analysis of Thermal Grooving Effects on Vortex Penetration in Vapor-Diffused Nb3Sn,While Nb3Sn theoretically offers better superconducting radio-frequency cavity performance (Q0 and E,What effect do multilayers of alloys like Nb3Sn and NbN have on the rf breakdown field and the peak accelerating electric fields in resonator cavities?,useful
2025-07-15T23:39:21.674537,arXiv_2204.02536,#### 6.1.2 Theoretical studies for multilayered structures,Calculations of the dynamic superheating field and maximum accelerating gradient for the cavity SIS ,What effect do multilayers of alloys like Nb3Sn and NbN have on the rf breakdown field and the peak accelerating electric fields in resonator cavities?,useful
2025-07-15T23:39:21.675051,arXiv_2008.00599,## **Advances in Nb3Sn superconducting radiofrequency cavities towards first practical accelerator applications**,"Results are also presented from the first ever Nb3Sn-coated 1.3 GHz 9-cell cavity, a full-scale demo",What effect do multilayers of alloys like Nb3Sn and NbN have on the rf breakdown field and the peak accelerating electric fields in resonator cavities?,useful
2025-07-15T23:39:21.675051,arXiv_2403.03729,## IV. Superconducting radio-frequency cavities,Vortices nucleate and annihilate once per RF cycle. They estimated the losses associated to this pro,What effect do multilayers of alloys like Nb3Sn and NbN have on the rf breakdown field and the peak accelerating electric fields in resonator cavities?,useful
2025-07-15T23:40:06.512003,arXiv_1501.05988,# Tapering studies for Terawatt level X-ray FELs with a superconducting undulator,"We study the tapering optimization scheme for a short period, less than two cm, superconducting undu",What are the peak power levels achieved with the superconducting undulator using LCLS electron beam parameters?,useful
2025-07-15T23:40:06.512003,arXiv_1501.05988,# III. CONCLUSION,This work has demonstrated numerically that peak power levels over 1 TW can be achieved in a 120 m u,What are the peak power levels achieved with the superconducting undulator using LCLS electron beam parameters?,useful
2025-07-15T23:40:55.040761,arXiv_1501.05988,# D. Time dependent effects. Sideband growth and sideband induced detrapping,the performance of tapered hard X-ray FELs is also limited by particle detrapping due to time depend,What are the major factors limiting the maximum output power in the tapered FEL system?,useful
2025-07-15T23:40:55.040761,arXiv_1501.05988,#### A. Section length study,Since the ideal tapering profile is a smoothly varying function of z... the maximum output power is ,What are the major factors limiting the maximum output power in the tapered FEL system?,useful
2025-07-15T23:40:55.040761,arXiv_1501.05988,# III. CONCLUSION,We have also outlined the effects which limit the growth of the power in the tapered undulator and h,What are the major factors limiting the maximum output power in the tapered FEL system?,useful
2025-07-15T23:41:45.805944,arXiv_1501.05988,# Tapering studies for Terawatt level X-ray FELs with a superconducting undulator,"We study the tapering optimization scheme for a short period, less than two cm, superconducting undu",How does the undulator module length affect the performance of the FEL for both NbTi and Nb3Sn technologies?,useful
2025-07-15T23:41:45.805944,arXiv_1501.05988,#### A. Section length study,We determine that to obtain a reasonable filling factor and large output power a 1.5 m section lengt,How does the undulator module length affect the performance of the FEL for both NbTi and Nb3Sn technologies?,useful
2025-07-15T23:41:45.805944,arXiv_1501.05988,#### A. Section length study,The 1 m undulator sections are thus optimal for minimizing oscillations in the beam size and approxi,How does the undulator module length affect the performance of the FEL for both NbTi and Nb3Sn technologies?,useful
2025-07-15T23:41:45.805944,arXiv_1501.05988,### B. FEL evolution with 1.5 m undulator sections,For our optimal choice of section length...the optimal functional form of the tapering law is very c,How does the undulator module length affect the performance of the FEL for both NbTi and Nb3Sn technologies?,useful
2025-07-15T23:42:41.464083,arXiv_2301.09537,# *1.2. Nb3Sn Accelerator Magnets*,"For the High Luminosity LHC (HL-LHC) upgrade project, the minimal critical current requirement is 12",What are the critical current density values reported for Nb3Sn and MgB2 in the context of high field accelerator magnets?,useful
2025-07-15T23:42:41.464083,arXiv_1501.07146,### **3.6 Present state of** *J*c vs.** *B* **in MgB2 wires**,"Based on the present data, it is expected that at 20 K magnets producing fields up to 5 T could also",What are the critical current density values reported for Nb3Sn and MgB2 in the context of high field accelerator magnets?,useful
2025-07-15T23:42:41.465088,arXiv_1501.07146,### **3.6 Present state of** *J*c vs.** *B* **in MgB2 wires**,"The highest value is *J*c = 1.1 × 10^5 A·cm−2 , corresponding to... at 10 T, where *J*c,eng is the o",What are the critical current density values reported for Nb3Sn and MgB2 in the context of high field accelerator magnets?,useful
2025-07-15T23:42:41.465088,arXiv_1501.07146,### **3.6 Present state of** *J*c vs.** *B* **in MgB2 wires**,"For a round, alloyed MgB2 wire at high field, e.g. 16 T, will not exceed 1 × 10^4 A·cm−2.",What are the critical current density values reported for Nb3Sn and MgB2 in the context of high field accelerator magnets?,useful
2025-07-15T23:42:41.465088,arXiv_1501.07146,### **2.3 Conclusions about Nb3Sn wires**,"As for Nb3Sn wires, the achievable field is limited to 13–15 T, due to the limited available space, ",What are the critical current density values reported for Nb3Sn and MgB2 in the context of high field accelerator magnets?,useful
2025-07-15T23:43:34.601349,arXiv_1311.6901,I. INTRODUCTION,"Various production techniques such as the Bronze Route, the Powder-In-Tube (PIT) process, and the Re",Which fabrication techniques are used for Nb3Sn multifilamentary wires and what are the key differences between them?,useful
2025-07-15T23:43:34.602852,arXiv_1501.07146,2 Multifilamentary Nb3Sn wires: preparation techniques,"The most common ones are (a) the 'bronze route'..., (b) the Powder-In-Tube (PIT) technique..., and (",Which fabrication techniques are used for Nb3Sn multifilamentary wires and what are the key differences between them?,useful
2025-07-15T23:43:34.602852,arXiv_1212.2879,B. Samples,"We have investigated three Nb3Sn multifilamentary wires produced by different techniques, namely pow",Which fabrication techniques are used for Nb3Sn multifilamentary wires and what are the key differences between them?,useful
2025-07-15T23:43:34.602852,arXiv_2004.10921,1. Introduction,Magnetron sputtering is considered as one of the fabrication methods used to synthesize Nb3Sn films.,Which fabrication techniques are used for Nb3Sn multifilamentary wires and what are the key differences between them?,not useful
2025-07-15T23:43:34.602852,arXiv_2203.09718,6.1. Thick Nb3Sn Layers via Bronze Route at NIMS,"NIMS methods reproduce the fabrication model of Nb3Sn wires, which includes billet assembly, electro",Which fabrication techniques are used for Nb3Sn multifilamentary wires and what are the key differences between them?,not useful
2025-07-15T23:44:25.411963,arXiv_2203.10564,Abstract,"As the only high-temperature superconducting (HTS) material available as an isotropic, twisted, mult",What are the expected future applications for Bi-2212 and R.E.-123 superconducting systems as discussed in the paper?,useful
2025-07-15T23:44:25.411963,arXiv_2204.01072,ABSTRACT,Developing HTS dipole inserts producing fields larger than 5 T within 15 T Nb3Sn outserts is necessa,What are the expected future applications for Bi-2212 and R.E.-123 superconducting systems as discussed in the paper?,useful
2025-07-15T23:44:25.411963,arXiv_2204.01072,# **1.1. Summary**,"This white paper reviews Bi2212 properties and coil technologies, and proposes new ideas to face the",What are the expected future applications for Bi-2212 and R.E.-123 superconducting systems as discussed in the paper?,useful
2025-07-15T23:44:25.412967,arXiv_2204.01072,# **1.1. Summary**,"Bi-2212 is a most promising conductor to achieve higher magnetic fields. However, there are still se",What are the expected future applications for Bi-2212 and R.E.-123 superconducting systems as discussed in the paper?,useful
2025-07-15T23:44:25.412967,arXiv_1305.1269,Abstract,Bi-2212 wires can be wound or cabled into almost any type of superconducting magnet and will be espe,What are the expected future applications for Bi-2212 and R.E.-123 superconducting systems as discussed in the paper?,useful
2025-07-15T23:45:15.937767,arXiv_1501.07149,# **3.2 Peak field in the coil**,"Because of this, an estimate of the peak field in the coil is required... a rough estimate based on ","What are the approximated equations governing the relationship between the field/gradient and various parameters for superconducting magnets, as discussed in the abstract?",useful
2025-07-15T23:45:15.938767,arXiv_1501.07149,# **3 Superconducting magnets**,the intersection of the electromagnet loadline *B*(*j*) with the superconductor characteristics allo,"What are the approximated equations governing the relationship between the field/gradient and various parameters for superconducting magnets, as discussed in the abstract?",useful
2025-07-15T23:45:15.938767,arXiv_1202.0270,## *Abstract*,Conceptual designs of superconducting magnets for the storage ring of a Muon Collider ... are design,"What are the approximated equations governing the relationship between the field/gradient and various parameters for superconducting magnets, as discussed in the abstract?",useful
2025-07-15T23:45:57.905087,arXiv_1501.07149,2 Electromagnets based on sector coils,we derive the conditions for field quality that must be imposed on the wedges and on the angles of a,"What conditions must be imposed on the wedges and angles of a sector coil to satisfy accelerator field quality constraints, as detailed in Section 2?",useful
2025-07-15T23:45:57.905087,arXiv_1501.07149,2.2 Dipoles based on sector coils,the conditions for a perfect dipole are reduced from a two-dimensional vectorial field to a few real,"What conditions must be imposed on the wedges and angles of a sector coil to satisfy accelerator field quality constraints, as detailed in Section 2?",useful
2025-07-15T23:45:57.905087,arXiv_1501.07149,6 Putting it all together,One has to satisfy field quality conditions using the material presented in Section 2.,"What conditions must be imposed on the wedges and angles of a sector coil to satisfy accelerator field quality constraints, as detailed in Section 2?",useful
2025-07-15T23:46:40.784785,arXiv_1501.07149,4 The role of iron,"Iron has several functions: (i) to keep the magnetic flux within the magnet,... typical gains are in","How does the inclusion of iron benefit the superconducting magnet design in terms of current density and magnetic flux, as analyzed in Section 4?",useful
2025-07-15T23:47:29.530229,arXiv_1501.07164,Abstract,Manufacturing of superconducting magnet for accelerators is a quite complex process that is not yet ,"What are the main characteristics of accelerator magnets that impact construction technology, as discussed in the abstract?",useful
2025-07-15T23:47:29.531228,arXiv_2301.11278,Abstract,Superconducting magnet training is one of the accelerator related issues attracting attention due to,"What are the main characteristics of accelerator magnets that impact construction technology, as discussed in the abstract?",useful
2025-07-15T23:47:29.531228,arXiv_1501.07164,8 Conclusions,Manufacturing a SC magnet of accelerator quality is a unique challenge.,"What are the main characteristics of accelerator magnets that impact construction technology, as discussed in the abstract?",useful
2025-07-15T23:47:29.531228,arXiv_1401.3931,Abstract,Several projects around the planet aim at building a new generation of superconducting magnets for p,"What are the main characteristics of accelerator magnets that impact construction technology, as discussed in the abstract?",useful
2025-07-15T23:47:29.532499,arXiv_1108.1619,Abstract,Availability of 20 T operational field dipole magnets would open the way for a 16.5 TeV beam energy ,"What are the main characteristics of accelerator magnets that impact construction technology, as discussed in the abstract?",not useful
2025-07-15T23:48:18.617237,arXiv_1501.07164,# **2 A short history of the manufacturing of SC magnets**,the newly discovered Nb–Ti became rapidly the option of preference; the use of SC magnets for synchr,How did the transition from NbZr and Nb3Sn to Nb–Ti influence the preference for SC magnets in synchrotrons according to the history section?,useful
2025-07-15T23:48:18.617237,arXiv_1501.07164,# **2 A short history of the manufacturing of SC magnets**,"despite the success of the ISR quads, the spotlight on the development of accelerator magnets passed",How did the transition from NbZr and Nb3Sn to Nb–Ti influence the preference for SC magnets in synchrotrons according to the history section?,useful
2025-07-15T23:49:06.810899,arXiv_1501.07164,7 Testing,During R&D the scope of the test is to assess the limit of the design and the merits of the various ,"What is the significance of the testing procedure for accelerator superconducting magnets in relation to design validation, as described in the conclusion of the paper?",useful
2025-07-15T23:49:06.810899,arXiv_1501.07164,7 Testing,"In the construction phase, and particularly with a massive production series, the test has two main ","What is the significance of the testing procedure for accelerator superconducting magnets in relation to design validation, as described in the conclusion of the paper?",useful
2025-07-15T23:49:06.810899,arXiv_1501.07164,8 Conclusions,Manufacturing a SC magnet of accelerator quality is a unique challenge. ... the main lessons we can ,"What is the significance of the testing procedure for accelerator superconducting magnets in relation to design validation, as described in the conclusion of the paper?",useful
2025-07-15T23:49:58.667804,arXiv_1501.07169,Overview of large-scale applications of superconductivity,the electrical resistance below a critical temperature is zero.,"What are the advantages of using superconducting magnets in particle accelerators compared to conventional magnets, as discussed in the overview section?",useful
2025-07-15T23:49:58.667804,arXiv_1501.07169,Overview of large-scale applications of superconductivity,by using superconducting magnets ... the size of the magnets is decreased ...,"What are the advantages of using superconducting magnets in particle accelerators compared to conventional magnets, as discussed in the overview section?",useful
2025-07-15T23:49:58.667804,arXiv_1501.07169,Abstract,the dipole field by up to 10 T compared with the maximum field of 2 T in a conventional magnet.,"What are the advantages of using superconducting magnets in particle accelerators compared to conventional magnets, as discussed in the overview section?",useful
2025-07-15T23:49:58.668808,arXiv_1501.07169,Overview of large-scale applications of superconductivity,the complexity leads to reduced operating costs of the machine ...,"What are the advantages of using superconducting magnets in particle accelerators compared to conventional magnets, as discussed in the overview section?",useful
2025-07-15T23:50:49.528929,arXiv_2208.14323,Abstract,In dipole magnets using Nb-Ti superconductor the practical field limit is considered to be 8-9 T. Wh,Which superconducting materials are mentioned in the abstract as being suitable for higher dipole fields and what field range do they enable?,useful
2025-07-15T23:50:49.528929,arXiv_2302.04940,Abstract,Hybrid magnets are currently under consideration as an economically viable option towards 20 T dipol,Which superconducting materials are mentioned in the abstract as being suitable for higher dipole fields and what field range do they enable?,useful
2025-07-15T23:50:49.528929,arXiv_2203.07551,Abstract,We propose a targeted attack to make the Fe-based superconductor (FBS) AEFe2As2 (122) (AE = alkaline,Which superconducting materials are mentioned in the abstract as being suitable for higher dipole fields and what field range do they enable?,useful
2025-07-15T23:50:49.529929,arXiv_2204.01072,Abstract,Developing HTS dipole inserts producing fields larger than 5 T within 15 T Nb3Sn outserts is necessa,Which superconducting materials are mentioned in the abstract as being suitable for higher dipole fields and what field range do they enable?,useful
2025-07-15T23:51:36.617035,arXiv_1501.07169,## **1 Overview of large-scale applications of superconductivity**,The first complete superconducting synchrotron was the Tevatron built at FNAL near Chicago [8]. The ,"What historical significance does the Tevatron hold in the context of large-scale superconducting magnet applications, and what major discovery is associated with the LHC?",useful
2025-07-15T23:51:36.617035,arXiv_1501.07169,## **1 Overview of large-scale applications of superconductivity**,The recent discovery of the Higgs boson at the Large Hadron Collider (LHC) highlights the role of su,"What historical significance does the Tevatron hold in the context of large-scale superconducting magnet applications, and what major discovery is associated with the LHC?",useful
2025-07-15T23:52:20.310057,arXiv_1501.07624,Abstract,A sophisticated radiation protection system was designed for the entire collider ring to bring the p,"What is the purpose of the radiation protection system designed for the Higgs Factory muon collider, and what specific components does it include?",useful
2025-07-15T23:52:20.310057,arXiv_1501.07624,CONCLUSION,A sophisticated radiation protection system based on tight tungsten masks in the magnet interconnect,"What is the purpose of the radiation protection system designed for the Higgs Factory muon collider, and what specific components does it include?",useful
2025-07-15T23:52:20.310057,arXiv_1501.07624,MAGNET PROTECTION SYSTEM,The described radiation protection system concept allows reaching the following goals. It provides r,"What is the purpose of the radiation protection system designed for the Higgs Factory muon collider, and what specific components does it include?",useful
2025-07-15T23:53:09.276324,arXiv_1202.3979,ENERGY DEPOSITION IN IR MAGNETS,"The peak power density in the IR dipoles is about 2.5 mW/g, being safely below the quench limit for ","How does the power density in the superconducting coils relate to the quench limit, according to the simulations conducted?",useful
2025-07-15T23:53:09.276324,arXiv_1501.07624,Abstract,A sophisticated radiation protection system was designed for the entire collider ring to bring the p,"How does the power density in the superconducting coils relate to the quench limit, according to the simulations conducted?",useful
2025-07-15T23:53:09.276324,arXiv_2006.01457,1. Introduction,A major focus of Nb3Sn high field accelerator magnets for High Energy Physics (HEP)...,"How does the power density in the superconducting coils relate to the quench limit, according to the simulations conducted?",not useful
2025-07-15T23:53:09.276324,arXiv_2006.01457,4.1 Quench Origin Mechanisms,"Critical current, temperature and magnetic field define a critical surface...","How does the power density in the superconducting coils relate to the quench limit, according to the simulations conducted?",not useful
2025-07-15T23:53:55.845891,arXiv_1202.0270,INTRODUCTION,the IR quadrupoles must have a large aperture to accommodate the large decay deposition and large be,What design features of the superconducting magnets are emphasized in the introduction to address the challenges posed by muon decay?,useful
2025-07-15T23:53:55.845891,arXiv_1202.2380,I. INTRODUCTION,the dipole magnets should provide a relatively high magnetic field to reduce the Storage Ring circum,What design features of the superconducting magnets are emphasized in the introduction to address the challenges posed by muon decay?,useful
2025-07-15T23:53:55.845891,arXiv_2203.10431,4. Conclusion,the SC magnets and detector protection considerations impose strict limitations on the lattice choic,What design features of the superconducting magnets are emphasized in the introduction to address the challenges posed by muon decay?,useful
2025-07-15T23:53:55.847396,arXiv_1501.07624,INTRODUCTION,superconducting magnets... require a very large aperture of SC magnets in both the Interaction Regio,What design features of the superconducting magnets are emphasized in the introduction to address the challenges posed by muon decay?,useful
2025-07-15T23:53:55.847396,arXiv_1202.0270,CONCLUSIONS,both components need to be supported by adequate mechanical structures to minimize turn motion which,What design features of the superconducting magnets are emphasized in the introduction to address the challenges posed by muon decay?,useful
2025-07-15T23:54:46.520061,arXiv_2306.10866,1. Introduction,Nb3Sn is a superconducting material with a critical temperature Tc = 18.3 K...,"What is the superconducting critical temperature (Tc) observed for the Nb3Sn surface layers, and how does this compare to the maximum Tc reported for Nb3Sn?",useful
2025-07-15T23:54:46.520061,arXiv_2007.07103,1. Introduction,Nb3Sn is of interest as a coating for superconducting radiofrequency (SRF) cavities due to its highe,"What is the superconducting critical temperature (Tc) observed for the Nb3Sn surface layers, and how does this compare to the maximum Tc reported for Nb3Sn?",useful
2025-07-15T23:54:46.521060,arXiv_cond-mat_0512196,INTRODUCTION,Nb3Sn is one of the most attractive materials for the manufacture of high-field superconducting magn,"What is the superconducting critical temperature (Tc) observed for the Nb3Sn surface layers, and how does this compare to the maximum Tc reported for Nb3Sn?",not useful
2025-07-15T23:54:46.521060,arXiv_2109.07066,1. Introduction,"Nb3Sn is an intermetallic, type II superconductor of A15 crystal structure that, in the bulk form, h","What is the superconducting critical temperature (Tc) observed for the Nb3Sn surface layers, and how does this compare to the maximum Tc reported for Nb3Sn?",not useful
2025-07-15T23:54:46.521060,arXiv_2502.00566,INTRODUCTION,Nb3Sn is a superconductor with high critical temperature Tc(∼ 18 K) and high critical field Hc2(∼ 30,"What is the superconducting critical temperature (Tc) observed for the Nb3Sn surface layers, and how does this compare to the maximum Tc reported for Nb3Sn?",not useful
2025-07-15T23:55:34.497598,arXiv_1807.03898,2.1 Experimental procedures,Nb3Sn coatings were prepared at the Fermi National Accelerator Laboratory (FNAL) and Cornell Univers,"How was the Nb3Sn surface layer produced on the bulk niobium coupon, and what temperature range was used during the vapor diffusion process?",useful
2025-07-15T23:55:34.497598,arXiv_1907.00476,# 2.1. Experimental procedure,The Sn vapor-diffusion process was utilized to coat the Nb substrate ... and a SnCl2 nucleating agen,"How was the Nb3Sn surface layer produced on the bulk niobium coupon, and what temperature range was used during the vapor diffusion process?",useful
2025-07-15T23:56:29.254488,arXiv_2304.06112,INTRODUCTION,The initial experiments were carried out to evaluate the chemical composition by crosssection EDS ma,"What experimental techniques were used to analyze the Nb3Sn surface layers, and what were the key findings from these analyses regarding the elemental composition and structure?",useful
2025-07-15T23:56:29.255458,arXiv_2008.00599,III. Microscopy of Nb3Sn coatings,"Nb3Sn samples were analyzed using optical, laser confocal, scanning electron (SEM), and transmission","What experimental techniques were used to analyze the Nb3Sn surface layers, and what were the key findings from these analyses regarding the elemental composition and structure?",useful
2025-07-15T23:56:29.255458,arXiv_2003.03362,II. EXPERIMENTAL AND THEORETICAL STUDY OF NB3SN DEFECT SEGREGATION,We have systematically investigated the composition of GBs in Nb3Sn coatings and the origin of Sn-se,"What experimental techniques were used to analyze the Nb3Sn surface layers, and what were the key findings from these analyses regarding the elemental composition and structure?",useful
2025-07-15T23:56:29.255458,arXiv_1503.03410,Analysis of Nb3Sn surface layers for superconducting RF cavity applications,"Tunneling spectroscopy reveals a well-developed, homogeneous superconducting density of states at th","What experimental techniques were used to analyze the Nb3Sn surface layers, and what were the key findings from these analyses regarding the elemental composition and structure?",useful
2025-07-15T23:56:29.255458,arXiv_1807.03898,3.2 Transmission electron microscopy analyses of Nb3Sn grains,"The results displayed significant variations in the microstructures with respect to the net Sn-flux,","What experimental techniques were used to analyze the Nb3Sn surface layers, and what were the key findings from these analyses regarding the elemental composition and structure?",useful
2025-07-15T23:57:17.462783,arXiv_1504.00594,I. INTRODUCTION,"Assumed design limits [3-5] are 13 and 4 mW/cm3 for Nb3Sn and NbTi coils, respectively, including a ",What are the design limits for radiation damage in Nb3Sn and NbTi coils mentioned in the introduction?,useful
2025-07-15T23:58:01.759397,arXiv_1504.00594,III. MONTE CARLO MODELING WITH FLUKA AND MARS CODES,coherent investigations have been undertaken with two independent Monte Carlo codes benchmarked up t,Which software codes were used to model the High Luminosity LHC inner triplet region?,useful
2025-07-15T23:58:01.760396,arXiv_1504.00594,VII. CONCLUSIONS,Results of simulations with the two independent codes were found to be in a good agreement.,Which software codes were used to model the High Luminosity LHC inner triplet region?,useful
2025-07-15T23:58:46.877566,arXiv_1504.00594,Abstract,the peak dose in the innermost magnet insulator ranges from 20 to 35 MGy.,What is the peak dose range in the innermost magnet insulator for an integrated luminosity of 3000 fb-1 as described in the abstract?,useful
2025-07-15T23:59:38.045775,arXiv_1504.05366,# Performance Boost in Industrial Multifilamentary Nb3Sn Wires due to Radiation Induced Pinning Centers,We report non-Cu critical current densities of 4.09 · 10^9 A/m² at 12 T and 2.27 · 10^9 A/m² at 15 T,"What were the critical current densities achieved for the Ti-alloyed RRP Nb3Sn wire after neutron irradiation, and how do these compare to previous values for multifilamentary Nb3Sn?",useful
2025-07-15T23:59:38.046778,arXiv_1504.05366,## INTRODUCTION,Through extensive research efforts in the fields of materials science and superconductor technology ,"What were the critical current densities achieved for the Ti-alloyed RRP Nb3Sn wire after neutron irradiation, and how do these compare to previous values for multifilamentary Nb3Sn?",useful
2025-07-16T00:00:26.455293,arXiv_1504.05366,INTRODUCTION,"The former were limited to non-matrix critical current densities below 109 A/m2 at 4.2 K and 12 T, w",What strategies have been employed previously to improve the critical current density Jc in Nb3Sn wires?,useful
2025-07-16T00:00:26.456787,arXiv_1311.6901,I. INTRODUCTION,It was discovered a long time ago that the properties of Nb3Sn can be improved by adjusting the heat,What strategies have been employed previously to improve the critical current density Jc in Nb3Sn wires?,useful
2025-07-16T00:00:26.456787,arXiv_1411.5397,Internally Oxidized Nb3Sn Strands with Fine Grain Size and High Critical Current Density,"Here, however, by applying an internal oxidation method, we reduce the grain size by a factor of thr",What strategies have been employed previously to improve the critical current density Jc in Nb3Sn wires?,useful
2025-07-16T00:00:26.456787,arXiv_1803.07025,# Evidence from EXAFS for Different Ta/Ti Site Occupancy in High Critical Current Density Nb3Sn Superconductor Wires,These new results suggest an important role for dopant and antisite disorder in minimizing supercond,What strategies have been employed previously to improve the critical current density Jc in Nb3Sn wires?,useful
2025-07-16T00:00:26.457795,arXiv_1706.10253,Abstract,significant improvement of critical current density (*Jc*) is needed for future accelerator magnets.,What strategies have been employed previously to improve the critical current density Jc in Nb3Sn wires?,useful
2025-07-16T00:01:17.987055,arXiv_1504.05366,# Performance Boost in Industrial Multifilamentary Nb3Sn Wires due to Radiation Induced Pinning Centers,We report non-Cu critical current densities of 4.09 · 10^9A/m^2 at 12 T and 2.27 · 10^9A/m^2 at 15 T,How do the authors attribute the observed enhancement in Jc to radiation induced pinning centers rather than an increase in the upper critical field?,useful
2025-07-16T00:01:17.987055,arXiv_1504.05366,### RESULTS,this minor change in Bc2 cannot explain the large Jc enhancement discussed above. The smallness of t,How do the authors attribute the observed enhancement in Jc to radiation induced pinning centers rather than an increase in the upper critical field?,useful
2025-07-16T00:01:17.988056,arXiv_1504.05366,### RESULTS,a few earlier neutron irradiation studies suggested changes in the pinning behavior as the cause of ,How do the authors attribute the observed enhancement in Jc to radiation induced pinning centers rather than an increase in the upper critical field?,useful
2025-07-16T00:01:17.988056,arXiv_1311.6901,### I. INTRODUCTION,"In general an increase of the critical current density Jc was observed at low fluences, followed by ",How do the authors attribute the observed enhancement in Jc to radiation induced pinning centers rather than an increase in the upper critical field?,useful
2025-07-16T00:02:56.262203,arXiv_1505.06393,Abstract,"However, the focus in superconductivity research partially shifted with the advent of heavy Fermion ",What shift in research focus occurred in superconductivity studies after the discovery of heavy Fermion superconductors?,useful
2025-07-16T00:02:56.262203,arXiv_1505.06393,Abstract,The discovery in 2008 of Tc=38 K at 7 kbar in A15 Cs3C60 ... will be briefly discussed.,What shift in research focus occurred in superconductivity studies after the discovery of heavy Fermion superconductors?,useful
2025-07-16T00:02:56.263207,arXiv_1505.06393,I. Introduction,The study of the A15's led to important insights ... succeeding classes of superconductors.,What shift in research focus occurred in superconductivity studies after the discovery of heavy Fermion superconductors?,useful
2025-07-16T00:03:39.877827,arXiv_1505.06393,Abstract,the discovery in 2008 of Tc=38 K at 7 kbar in A15 Cs3C60 (properly a member of the fullerene superco,What notable discovery related to A15 superconductors was made in 2008?,useful
2025-07-16T00:04:29.010758,arXiv_1506.08751,## Comparison of pressurized sulfur hydride with conventional superconductors,"In this Rapid Communications, we demonstrate that H3S is a very highly optimized electron-phonon sup",What are the key differences in the superconducting state of sulfur hydride compared to conventional superconductors as mentioned in the paper?,useful
2025-07-16T00:04:29.011758,arXiv_1506.08751,## Comparison of pressurized sulfur hydride with conventional superconductors,By contrast sulfur hydride will be in the clean limit because of its large energy gap scale,What are the key differences in the superconducting state of sulfur hydride compared to conventional superconductors as mentioned in the paper?,useful
2025-07-16T00:04:29.012322,arXiv_1506.08751,## Comparison of pressurized sulfur hydride with conventional superconductors,...H3S operates in the clean limit and shows strong Holstein structure.,What are the key differences in the superconducting state of sulfur hydride compared to conventional superconductors as mentioned in the paper?,useful
2025-07-16T00:05:19.193020,arXiv_1506.08751,Comparison of pressurized sulfur hydride with conventional superconductors,a number of papers based on density functional theory for sulfur hydride have already provided detai,How did the authors utilize density functional theory to analyze the electron-phonon spectral density function α^2F(ω) for sulfur hydride?,useful
2025-07-16T00:05:19.194020,arXiv_1506.08751,Comparison of pressurized sulfur hydride with conventional superconductors,"using the α²F(ω), one can calculate the electron-phonon mass renormalization parameter, λ, and other",How did the authors utilize density functional theory to analyze the electron-phonon spectral density function α^2F(ω) for sulfur hydride?,useful
2025-07-16T00:05:19.194020,arXiv_1506.08751,Comparison of pressurized sulfur hydride with conventional superconductors,all calculations support the idea of phonon-mediated superconductivity in H₃S with a Tᶜ of order 200,How did the authors utilize density functional theory to analyze the electron-phonon spectral density function α^2F(ω) for sulfur hydride?,useful
2025-07-16T00:05:19.194020,arXiv_1506.08751,Comparison of pressurized sulfur hydride with conventional superconductors,Using three different electron-phonon spectral densities now available in the literature that are ba,How did the authors utilize density functional theory to analyze the electron-phonon spectral density function α^2F(ω) for sulfur hydride?,useful
2025-07-16T00:06:03.174491,arXiv_1506.08751,Comparison of pressurized sulfur hydride with conventional superconductors,"The verification that it is definitely superconducting, for example through the observation of a Mei",What experimental observations are suggested to confirm the superconducting nature of sulfur hydride according to the findings in the paper?,useful
2025-07-16T00:06:03.175491,arXiv_1506.08751,Comparison of pressurized sulfur hydride with conventional superconductors,We suggest that optical measurements could be a useful tool to establish the existence and nature of,What experimental observations are suggested to confirm the superconducting nature of sulfur hydride according to the findings in the paper?,useful
2025-07-16T00:07:53.831383,arXiv_1509.02791,Experimental Determination of the Fermi Surface of Sr3Ir4Sn13,Here we report the first experimental study of the electronic structure of a member of this material,"How did the authors compare their experimental measurements of quantum oscillations to density functional theory calculations, and what conclusions were drawn from this comparison?",useful
2025-07-16T00:07:53.832386,arXiv_1509.02791,Experimental Determination of the Fermi Surface of Sr3Ir4Sn13,Our measurements reveal good agreement with theory using the lattice parameters consistent with a bo,"How did the authors compare their experimental measurements of quantum oscillations to density functional theory calculations, and what conclusions were drawn from this comparison?",useful
2025-07-16T00:07:53.832386,arXiv_1509.02791,Experimental Determination of the Fermi Surface of Sr3Ir4Sn13,Understanding the subtle interplay between structural degrees of freedom and electronic and magnetic,"How did the authors compare their experimental measurements of quantum oscillations to density functional theory calculations, and what conclusions were drawn from this comparison?",useful
2025-07-16T00:07:53.832386,arXiv_cond-mat_0301491,IV . D ISC U SSIO N,"O bservation of quantum oscillations in dHvA experiments provides the information about the bands, t","How did the authors compare their experimental measurements of quantum oscillations to density functional theory calculations, and what conclusions were drawn from this comparison?",not useful
2025-07-16T00:07:53.832386,arXiv_1210.3705,II. DETAILS OF CALCULATIONS AND COMPUTATIONAL METHOD,We used density functional theory and density-functional perturbation theory as implemented in the Q,"How did the authors compare their experimental measurements of quantum oscillations to density functional theory calculations, and what conclusions were drawn from this comparison?",not useful
2025-07-16T00:07:53.833390,arXiv_2005.14348,III. Computational Details and Results,"Various approximations were considered for the exchange-correlation (XC) energy, such as the local d","How did the authors compare their experimental measurements of quantum oscillations to density functional theory calculations, and what conclusions were drawn from this comparison?",not useful
2025-07-16T00:08:45.153153,arXiv_1509.02791,Experimental Determination of the Fermi Surface of Sr3Ir4Sn13,Studies of Sr3Ir4Sn13 have shown that the material undergoes a continuous second order phase transit,"What role do structural distortions play in the electronic properties of materials such as Sr3Ir4Sn13, and how is this related to Mott insulating transitions in similar compounds?",useful
2025-07-16T00:08:45.154662,arXiv_1310.6969,Discussion,The expanded Cs3C60 compounds are unique inasmuch as they are Mott insulators at p=1 bar and can be ,"What role do structural distortions play in the electronic properties of materials such as Sr3Ir4Sn13, and how is this related to Mott insulating transitions in similar compounds?",useful
2025-07-16T00:08:45.154662,arXiv_1609.08774,I. INTRODUCTION,"In the Mott state, intersite charge fluctuations are suppressed by the large on-site Coulomb repulsi","What role do structural distortions play in the electronic properties of materials such as Sr3Ir4Sn13, and how is this related to Mott insulating transitions in similar compounds?",useful
2025-07-16T00:08:45.154662,arXiv_2103.04960,I. INTRODUCTION,Strongly correlated electron systems with multiple orbital degrees of freedom show a variety of intr,"What role do structural distortions play in the electronic properties of materials such as Sr3Ir4Sn13, and how is this related to Mott insulating transitions in similar compounds?",useful
2025-07-16T00:11:02.825635,arXiv_1510.07590,Significant enhancement of compositional and superconducting homogeneity in Ti rather than Ta-doped Nb3Sn,"Despite Ta-doped samples having a slightly higher Tc onset in zero-field, they always have a wider T","How does the Ti-doping influence the homogeneity of the A15 phase compared to Ta-doping, based on the results presented in the findings section?",useful
2025-07-16T00:11:02.826636,arXiv_1510.07590,Significant enhancement of compositional and superconducting homogeneity in Ti rather than Ta-doped Nb3Sn,"Ti-doped wires have substantially more homogeneous Tc-distribution, even in fields up to 15 T. The o","How does the Ti-doping influence the homogeneity of the A15 phase compared to Ta-doping, based on the results presented in the findings section?",useful
2025-07-16T00:11:02.826636,arXiv_1510.07590,Significant enhancement of compositional and superconducting homogeneity in Ti rather than Ta-doped Nb3Sn,The micro-chemical analysis reveals that the Ti-doped wires produce a significantly more uniform A15,"How does the Ti-doping influence the homogeneity of the A15 phase compared to Ta-doping, based on the results presented in the findings section?",useful
2025-07-16T00:11:02.826636,arXiv_1908.07548,4.2 EXAFS and Hc2 characterizations,The change of dopant site occupancy by varying heat treatment temperature...,"How does the Ti-doping influence the homogeneity of the A15 phase compared to Ta-doping, based on the results presented in the findings section?",not useful
2025-07-16T00:11:02.826636,arXiv_1310.6729,"6.6 In-field Tc-distributions, superfluid fraction and irreversibility field",The F(T) curves obtained at 16 T (figure 16) highlight even more small changes to the overall A15 in,"How does the Ti-doping influence the homogeneity of the A15 phase compared to Ta-doping, based on the results presented in the findings section?",not useful
2025-07-16T00:11:55.038999,arXiv_2306.13071,1. Introduction,the modernization of LHC involves the replacement of a part of NbTi conductors with Nb3Sn-based cond,What implications does the study's conclusion have for the application of Nb3Sn conductors in projects like ITER and the LHC?,useful
2025-07-16T00:11:55.038999,arXiv_2306.10866,1. Introduction,developed a new type of Nb3Sn superconducting wire based on internal oxidation with improved magneti,What implications does the study's conclusion have for the application of Nb3Sn conductors in projects like ITER and the LHC?,useful
2025-07-16T00:11:55.038999,arXiv_2211.09684,I. INTRODUCTION,Nb3Sn is a brittle material... cracks can be classified into three categories... They can lead to pe,What implications does the study's conclusion have for the application of Nb3Sn conductors in projects like ITER and the LHC?,useful
2025-07-16T00:11:55.040000,arXiv_2208.12379,Nurturing the industry ecosystem,Real challenges lie in moving conductor development from nascent wires into industry R&D... The loss,What implications does the study's conclusion have for the application of Nb3Sn conductors in projects like ITER and the LHC?,useful
2025-07-16T00:11:55.040000,arXiv_1908.07548,1. Introduction,Enhanced pinning force by introducing group IVB dopants... led to an improvement in the layer critic,What implications does the study's conclusion have for the application of Nb3Sn conductors in projects like ITER and the LHC?,useful
2025-07-16T00:12:42.038888,arXiv_1511.05086,superconductors,the governing equations for the bulk diffusion and inter-phase interface reactions during the growth,What are the governing equations derived in the first part of the paper and how do they relate to the bulk diffusion and inter-phase interface reactions?,useful
2025-07-16T00:12:42.038888,arXiv_1511.05086,Results,"mass conservation, in a unit time the amount of B transferring across the interface I should equal t",What are the governing equations derived in the first part of the paper and how do they relate to the bulk diffusion and inter-phase interface reactions?,useful
2025-07-16T00:13:33.444057,arXiv_1511.05086,superconductors,the composition characteristics of compounds can be quite different depending on whether it is the b,How does the paper differentiate between the effects of bulk diffusion and grain boundary diffusion on the composition characteristics of compounds?,useful
2025-07-16T00:13:33.444057,arXiv_1511.05086,Discussion,"However, we find that the composition could be different for a compound in which the bulk diffusion ",How does the paper differentiate between the effects of bulk diffusion and grain boundary diffusion on the composition characteristics of compounds?,useful
2025-07-16T00:13:33.444057,arXiv_1706.10253,5. A theory for Nb3Sn stoichiometry,"In fact, it was reported that the bulk diffusivity of Sn in Nb3Sn is lower than 10-23 m2/s at 650 °C",How does the paper differentiate between the effects of bulk diffusion and grain boundary diffusion on the composition characteristics of compounds?,useful
2025-07-16T00:13:33.444057,arXiv_1511.05086,Discussion,"Thus, if the diffusion rate is slow relative to the reaction rate at interface II, a high fraction o",How does the paper differentiate between the effects of bulk diffusion and grain boundary diffusion on the composition characteristics of compounds?,useful
2025-07-16T00:14:24.765776,arXiv_1511.05086,## **superconductors**,In this work we explore the compositions of non-stoichiometric intermediate phases formed by diffusi,What specific approaches does the paper propose for controlling the compositions of Nb3Sn superconductors?,useful
2025-07-16T00:14:24.765776,arXiv_2004.10921,# **Abstract**.,Multilayer sequential sputtering of Nb and Sn thin films followed by high temperature annealing is c,What specific approaches does the paper propose for controlling the compositions of Nb3Sn superconductors?,useful
2025-07-16T00:14:24.765776,arXiv_2203.09718,# **5. MAGNETRON SPUTTERING OF NB3SN**,"Among the most promising approaches for Nb3Sn film deposition on Cu is magnetron sputtering, which c",What specific approaches does the paper propose for controlling the compositions of Nb3Sn superconductors?,useful
2025-07-16T00:15:18.634588,arXiv_1512.00845,II. DESIGN OF THE SUPERCONDUCTING MAGNET,The superconducting magnet consists of two modules. The inner module is layer-wound winding; the out,"What are the main components of the superconducting magnet designed for the CFETR, and what are the specific functions of the Nb3Sn and NbTi conductors?",useful
2025-07-16T00:15:18.635588,arXiv_1512.00845,I. INTRODUCTION,The superconducting magnet for the CFETR reactor consists of a CS coil with 6 modules ... The CFETR ,"What are the main components of the superconducting magnet designed for the CFETR, and what are the specific functions of the Nb3Sn and NbTi conductors?",useful
2025-07-16T00:15:18.635588,arXiv_1202.0270,CONCLUSIONS,Conceptual designs of superconducting magnets for the Storage ring ... Adequate mechanical structure,"What are the main components of the superconducting magnet designed for the CFETR, and what are the specific functions of the Nb3Sn and NbTi conductors?",not useful
2025-07-16T00:15:18.635588,arXiv_1706.10253,1. Introduction,"Nb3Sn is known as the material that transformed superconductivity ... including hybrid magnets, and ","What are the main components of the superconducting magnet designed for the CFETR, and what are the specific functions of the Nb3Sn and NbTi conductors?",not useful
2025-07-16T00:16:07.076067,arXiv_1512.00845,# *D. Quench analysis of the superconducting magnet*,"Therefore, effective quench detection and quench protection should be taken to protect the supercond","How does the active quench protection circuit function in the superconducting magnet, and what purpose does it serve during a dump operation?",useful
2025-07-16T00:16:07.076067,arXiv_1512.00845,"# Electromagnetic, stress and thermal analysis of the Superconducting Magnet",an active quench protection circuit was adopted to transfer the stored magnetic energy of the superc,"How does the active quench protection circuit function in the superconducting magnet, and what purpose does it serve during a dump operation?",useful
2025-07-16T00:16:07.076067,arXiv_1501.07169,#### **3.1 Introduction**,"during a quench, a large amount of the stored energy is extracted during the dumping of the current ","How does the active quench protection circuit function in the superconducting magnet, and what purpose does it serve during a dump operation?",useful
2025-07-16T00:16:07.077068,arXiv_1401.3931,## **INTRODUCTION**,"we outline the protection strategies with and without external dump, providing the relation to the m","How does the active quench protection circuit function in the superconducting magnet, and what purpose does it serve during a dump operation?",useful
2025-07-16T00:16:55.565396,arXiv_1512.00845,I. INTRODUCTION,"During the first stage, the main goals of the project are composed of: 1) to obtain the maximum magn","What are the primary goals during the first stage of the superconducting magnet project, and why is it important to conduct qualification tests of the Nb3Sn CICC conductors?",useful
2025-07-16T00:16:55.565396,arXiv_1512.00845,I. INTRODUCTION,The qualification tests of the Nb3Sn CICC conductor in electromagnetic and thermal cyclic operation ,"What are the primary goals during the first stage of the superconducting magnet project, and why is it important to conduct qualification tests of the Nb3Sn CICC conductors?",useful
2025-07-16T00:18:38.204930,arXiv_1512.06416,Spatially inhomogeneous discrete states of a superconductor,the displacement of the position of the singularities on the IVC towards higher energies upon an inc,How do the authors relate the observed displacement of singularities on the IVC with external factors such as magnetic field and temperature?,useful
2025-07-16T00:18:38.204930,arXiv_1512.06416,A. DISCUSSION OF EXPERIMENTAL RESULTS,the displacement is analogous to the one discussed above for NbSe2,How do the authors relate the observed displacement of singularities on the IVC with external factors such as magnetic field and temperature?,useful
2025-07-16T00:19:35.818627,arXiv_1512.06416,## Spatially inhomogeneous discrete states of a superconductor upon injection of nonequilibrium quasiparticles from a point contact with a normal metal,The current-voltage characteristics (IVC) of S − c − N point contacts of superconductors with a smal,"What transitions occur in the superconducting contact region under the influence of quasiparticle injection, and how do these transitions contribute to the resistance-periodic step-like structure of the IVC?",useful
2025-07-16T00:19:35.818627,arXiv_1512.06416,## I. INTRODUCTION,"Such a structure appears when lE is of the order of, or smaller than, d.","What transitions occur in the superconducting contact region under the influence of quasiparticle injection, and how do these transitions contribute to the resistance-periodic step-like structure of the IVC?",useful
2025-07-16T00:19:35.818627,arXiv_1512.06416,## A. DISCUSSION OF EXPERIMENTAL RESULTS,This layer has a suppressed order parameter ∆ and generates new quasiparticles capable of transporti,"What transitions occur in the superconducting contact region under the influence of quasiparticle injection, and how do these transitions contribute to the resistance-periodic step-like structure of the IVC?",useful
2025-07-16T00:19:35.818627,arXiv_1512.06416,## A. DISCUSSION OF EXPERIMENTAL RESULTS,"The differential resistance RD changes abruptly on quasilinear segments of IVC: R1 = 62, R2 = 117, R","What transitions occur in the superconducting contact region under the influence of quasiparticle injection, and how do these transitions contribute to the resistance-periodic step-like structure of the IVC?",useful
2025-07-16T00:20:34.151637,arXiv_1602.06398,Investigation of the electron-phonon interaction in N b3Sn with the aid of microcontacts,The method of microcontact spectroscopy in the superconducting state was used to investigate weak no,"What experimental method was used to investigate the electron-phonon interaction in Nb3Sn, and what was the primary observation regarding the current-voltage characteristics?",useful
2025-07-16T00:20:34.151637,arXiv_1602.06398,Investigation of the electron-phonon interaction in N b3Sn with the aid of microcontacts,A correlation was established between the nature of the spectrum and the magnitude of the gap singul,"What experimental method was used to investigate the electron-phonon interaction in Nb3Sn, and what was the primary observation regarding the current-voltage characteristics?",useful
2025-07-16T00:20:34.151637,arXiv_1602.06398,Investigation of the electron-phonon interaction in N b3Sn with the aid of microcontacts,In the case of 'dirty' high-resistance contacts with strong gap singularities the microcontact spect,"What experimental method was used to investigate the electron-phonon interaction in Nb3Sn, and what was the primary observation regarding the current-voltage characteristics?",useful
2025-07-16T00:21:30.201355,arXiv_1602.06398,Investigation of the electron-phonon interaction in Nb3Sn with the aid of microcontacts,The nature of the spectrum of the electron-phonon interaction was found to vary considerably from co,How does the nature of the electron-phonon interaction spectrum in Nb3Sn vary from contact to contact?,useful
2025-07-16T00:21:30.201857,arXiv_1602.06398,Investigation of the electron-phonon interaction in Nb3Sn with the aid of microcontacts,It was found that microcontact spectroscopy of this interaction was possible in the superconducting ,How does the nature of the electron-phonon interaction spectrum in Nb3Sn vary from contact to contact?,useful
2025-07-16T00:21:30.201857,arXiv_cond-mat_0403590,Conclusion,The observed features are consistent with the presence of a second gap about 6 times smaller than th,How does the nature of the electron-phonon interaction spectrum in Nb3Sn vary from contact to contact?,useful
2025-07-16T00:21:30.201857,arXiv_cond-mat_0403590,Conclusion,"A definitive confirmation should come from the convergence of independent experimental results, both",How does the nature of the electron-phonon interaction spectrum in Nb3Sn vary from contact to contact?,useful
2025-07-16T00:21:30.201857,arXiv_1602.06398,II. EXPERIMENTAL RESULTS AND DISCUSSION,The variations among these more reproducible spectra are obviously due to small deviations from the ,How does the nature of the electron-phonon interaction spectrum in Nb3Sn vary from contact to contact?,useful
2025-07-16T00:22:19.604279,arXiv_1602.06398,## Investigation of the electron-phonon interaction in N b3Sn with the aid of microcontacts,In the case of 'dirty' high-resistance contacts with strong gap singularities the microcontact spect,What correlation was established between the magnitude of gap singularities and the microcontact spectra in high-resistance contacts?,useful
2025-07-16T00:22:19.605280,arXiv_1602.06398,## Investigation of the electron-phonon interaction in N b3Sn with the aid of microcontacts,A correlation was found between the EPI function at low energies and the nonlinearity of the current,What correlation was established between the magnitude of gap singularities and the microcontact spectra in high-resistance contacts?,useful
2025-07-16T00:24:05.334853,arXiv_1606.00430,# A systematic study of the superconducting critical temperature in two and three dimensional tight-binding models: a possible scenario for superconducting H3S ?,Ever since BCS theory was first formulated it was recognized that a large electronic density of stat,How do van Hove singularities contribute to enhancements in the superconducting critical temperature Tc in three-dimensional tight-binding models as mentioned in the paper?,useful
2025-07-16T00:24:05.334853,arXiv_1606.00430,# A systematic study of the superconducting critical temperature in two and three dimensional tight-binding models: a possible scenario for superconducting H3S ?,"In three dimensions large enhancements in Tc can occur, due to van Hove singularities that result in",How do van Hove singularities contribute to enhancements in the superconducting critical temperature Tc in three-dimensional tight-binding models as mentioned in the paper?,useful
2025-07-16T00:24:05.334853,arXiv_1606.00430,### V. SUMMARY,We have shown here that this immediately leads to the disappearance of the singularity in the densit,How do van Hove singularities contribute to enhancements in the superconducting critical temperature Tc in three-dimensional tight-binding models as mentioned in the paper?,useful
2025-07-16T00:24:05.334853,arXiv_1606.00430,### V. SUMMARY,"In the case of a bcc lattice, competing instabilities will often suppress superconducting Tc, but in",How do van Hove singularities contribute to enhancements in the superconducting critical temperature Tc in three-dimensional tight-binding models as mentioned in the paper?,useful
2025-07-16T00:24:05.335855,arXiv_1606.00430,#### C. Beyond Nearest Neighbour Hopping,"Going beyond nearest neighbour hopping in two dimensions destroys the particle hole symmetry, but th",How do van Hove singularities contribute to enhancements in the superconducting critical temperature Tc in three-dimensional tight-binding models as mentioned in the paper?,useful
2025-07-16T00:24:58.709677,arXiv_1606.00430,# A systematic study of the superconducting critical temperature in two and three dimensional tight-binding models: a possible scenario for superconducting H3S ?,"In three dimensions large enhancements in Tc can occur, due to van Hove singularities that result in","What role do 'robust' peaks in the densities of states play in the superconducting properties of H3S as described in the paper, especially in the context of van Hove singularities?",useful
2025-07-16T00:24:58.709677,arXiv_1606.00430,### V. SUMMARY,"A 'robust' peak remains in the density of states, and as we have shown, a very large enhancement of ","What role do 'robust' peaks in the densities of states play in the superconducting properties of H3S as described in the paper, especially in the context of van Hove singularities?",useful
2025-07-16T00:24:58.709677,arXiv_1606.00430,### V. SUMMARY,The recent discovery of superconducting hydrogen sulfide under high pressure... has motivated theore,"What role do 'robust' peaks in the densities of states play in the superconducting properties of H3S as described in the paper, especially in the context of van Hove singularities?",useful
2025-07-16T00:24:58.710678,arXiv_1606.00430,#### D. Isotope Effect,"In this case of NNN hopping, peaks provide significant effects as coupling to these states has the m","What role do 'robust' peaks in the densities of states play in the superconducting properties of H3S as described in the paper, especially in the context of van Hove singularities?",useful
2025-07-16T00:25:50.243423,arXiv_1608.00175,I. INTRODUCTION,The superheating field Hsh...the interaction of the magnetic field with the superconducting material,What is the significance of the superheating field Hsh in superconducting resonant radio frequency cavities as discussed in the Introduction?,useful
2025-07-16T00:25:50.244426,arXiv_2003.03362,I. INTRODUCTION,For magnetic fields parallel to the cavity surface...the so-called superheating field Hsh.,What is the significance of the superheating field Hsh in superconducting resonant radio frequency cavities as discussed in the Introduction?,useful
2025-07-16T00:25:50.244426,arXiv_2403.03729,IV. Superconducting radio-frequency cavities,The superheating field Hsh...key parameters for SRF cavities.,What is the significance of the superheating field Hsh in superconducting resonant radio frequency cavities as discussed in the Introduction?,useful
2025-07-16T00:25:50.244957,arXiv_1707.09025,INTRODUCTION,The fundamental limit to the accelerating E-field in an SRF cavity...is the stability threshold of t,What is the significance of the superheating field Hsh in superconducting resonant radio frequency cavities as discussed in the Introduction?,useful
2025-07-16T00:26:43.815971,arXiv_1707.09025,# **DISORDER-MEDIATED FLUX ENTRY AND MATERIALS ANISOTROPY**,Defect regions and inhomogeneity of superconductor properties can weaken the performance of SRF cavi,How do materials anisotropy and disorder affect the nucleation of vortex entry in superconductors according to Section II?,useful
2025-07-16T00:26:43.815971,arXiv_1707.09025,# **THE EFFECT OF MATERIALS ANISOTROPY ON THE MAXIMUM FIELD**,"Some of the promising new materials are layered, with strongly anisotropic superconducting propertie",How do materials anisotropy and disorder affect the nucleation of vortex entry in superconductors according to Section II?,useful
2025-07-16T00:26:43.816975,arXiv_1608.00175,## C. Disorder and vortex nucleation.,Damage will significantly affect the superconducting properties if the flaw or fluctuation has a cha,How do materials anisotropy and disorder affect the nucleation of vortex entry in superconductors according to Section II?,useful
2025-07-16T00:26:43.816975,arXiv_1608.00175,"# IV. BEYOND GINZBURG-LANDAU: EILENBERGER, ANISOTROPY, AND DISORDER",Superconducting RF cavities are usually run at temperatures significantly lower than Tc... Eilenberg,How do materials anisotropy and disorder affect the nucleation of vortex entry in superconductors according to Section II?,useful
2025-07-16T00:27:35.658657,arXiv_2204.02536,# 6.2.4 Development of superconductor-insulator-superconductor (SIS) nanometric layers and associated cavity deposition methods to further enhance the performance of bulk Nb and Nb/Cu,The SIS multilayered structure concept offers perspectives of great RF performance enhancement...,"What are the proposed benefits of using thin superconducting layers or laminates in enhancing performance, as outlined in the discussion section?",useful
2025-07-16T00:27:35.659657,arXiv_1608.00175,"# Theoretical estimates of maximum fields in superconducting resonant radio frequency cavities: Stability theory, disorder, and laminates","Indeed, beyond the so-called superheating field Hsh, flux will spontaneously penetrate even a perfec","What are the proposed benefits of using thin superconducting layers or laminates in enhancing performance, as outlined in the discussion section?",useful
2025-07-16T00:27:35.659657,arXiv_2204.02536,## 9 Conclusion and Recommendations,The progress achieved thus far in SRF thin film research constitutes a reasonable stepping stone to ,"What are the proposed benefits of using thin superconducting layers or laminates in enhancing performance, as outlined in the discussion section?",useful
2025-07-16T00:27:35.660657,arXiv_1608.00175,# <span id='page-13-1'></span>V. LAMINATES AND VORTEX PENETRATION,Calculations show that laminates do not substantially improve the theoretical maximum superheating f,"What are the proposed benefits of using thin superconducting layers or laminates in enhancing performance, as outlined in the discussion section?",useful
2025-07-16T00:28:33.928613,arXiv_1609.08774,# Nanoscale orbital excitations and the infrared spectrum of a molecular Mott insulator: A15-Cs3C60,we show that unbroken spin and orbital symmetry of the ion multiplets explains the IR spectrum witho,What is the significance of the Jahn-Teller distortions as mentioned in the context of infrared spectra for Cs3C60?,useful
2025-07-16T00:28:33.928613,arXiv_1609.08774,# Nanoscale orbital excitations and the infrared spectrum of a molecular Mott insulator: A15-Cs3C60,the thermal population of a multiplet term whose nuclear positions are essentially undistorted... is,What is the significance of the Jahn-Teller distortions as mentioned in the context of infrared spectra for Cs3C60?,useful
2025-07-16T00:28:33.928613,arXiv_1310.6969,## **1. Introduction**,strong correlations and Jahn-Teller Distortions... which localize the electrons on the balls in a lo,What is the significance of the Jahn-Teller distortions as mentioned in the context of infrared spectra for Cs3C60?,useful
2025-07-16T00:28:33.929614,arXiv_1310.6969,## 7. Discussion,the expanded Cs3C60 compounds are unique inasmuch as they are Mott insulators at *p*=1 bar... confir,What is the significance of the Jahn-Teller distortions as mentioned in the context of infrared spectra for Cs3C60?,useful
2025-07-16T00:28:33.929614,arXiv_1310.6969,## **1. Introduction**,the absence of magnetism in the ground state and the small spin gap observed by NMR... could only be,What is the significance of the Jahn-Teller distortions as mentioned in the context of infrared spectra for Cs3C60?,useful
2025-07-16T00:29:21.819951,arXiv_1609.08774,# Nanoscale orbital excitations and the infrared spectrum of a molecular Mott insulator: A15-Cs3C60,The observed demise of these features with temperature is explained by the thermal population of a m,How does the study explain the disappearance of spectral features upon heating?,useful
2025-07-16T00:30:15.996167,arXiv_1609.08774,# I. INTRODUCTION,"In Mott insulators, the electrons are localized by repulsive correlations, and their wavefunctions r",What role do the orbital degrees of freedom play in the electronic and vibrational structure of Mott insulators as outlined in the introduction?,useful
2025-07-16T00:30:15.996167,arXiv_2103.04960,# I. INTRODUCTION,"Localized electrons in the Mott insulating phase form a low-spin state, with the imbalance of the oc",What role do the orbital degrees of freedom play in the electronic and vibrational structure of Mott insulators as outlined in the introduction?,useful
2025-07-16T00:30:15.997168,arXiv_2103.04960,# I. INTRODUCTION,The interplay of electron correlations and molecular vibrations leads to Jahn-Teller effects in full,What role do the orbital degrees of freedom play in the electronic and vibrational structure of Mott insulators as outlined in the introduction?,useful
2025-07-16T00:30:15.997168,arXiv_1609.08774,# IV. CONCLUSIONS,The role of orbital degrees of freedom in molecular Mott insulators includes their impact on the low,What role do the orbital degrees of freedom play in the electronic and vibrational structure of Mott insulators as outlined in the introduction?,useful
2025-07-16T00:30:15.997168,arXiv_2103.04960,# V. SUMMARY AND OUTLOOK,We constructed the spin-orbital model in the strong coupling limit for fulleride superconductors.,What role do the orbital degrees of freedom play in the electronic and vibrational structure of Mott insulators as outlined in the introduction?,not useful
2025-07-16T00:30:15.997168,arXiv_1204.0253,## Electronic correlations stabilize the antiferromagnetic Mott state in Cs3C60,... pressure-induced transition to bulk superconductivity without change in crystal structure...,What role do the orbital degrees of freedom play in the electronic and vibrational structure of Mott insulators as outlined in the introduction?,not useful
2025-07-16T00:31:02.974311,arXiv_1611.01933,IV. CONCLUSIONS,the AC magnetometry method is a relatively quick and easy technique for assessing Tc gradients,What is the main advantage of the AC magnetometry method compared to Scanning Hall Probe Microscopy as described in the paper?,useful
2025-07-16T00:31:02.974311,arXiv_1611.01933,IV. CONCLUSIONS,Scanning Hall Probe Microscopy... is a lot slower and more challenging... offers the direct visualiz,What is the main advantage of the AC magnetometry method compared to Scanning Hall Probe Microscopy as described in the paper?,useful
2025-07-16T00:31:50.996189,arXiv_1408.0353,**6. Conclusions**,The theoretical estimation of Hc2(0) variation with Sn content ... shows an acceptable agreement wit,How does the chemical composition of Nb3Sn affect its critical temperature and upper critical field according to the findings in the paper?,useful
2025-07-16T00:31:50.996189,arXiv_cond-mat_0511560,Enhancement of the upper critical field of Nb3Sn utilizing disorder introduced by ball milling the elements,"Although disorder reduced the superconducting critical temperature Tc, ... upper critical field µ0Hc",How does the chemical composition of Nb3Sn affect its critical temperature and upper critical field according to the findings in the paper?,useful
2025-07-16T00:31:50.996189,arXiv_2109.07066,1. Introduction,"Nb3Sn ... has a superconducting critical temperature Tc of ~18 K, ... and an upper critical magnetic",How does the chemical composition of Nb3Sn affect its critical temperature and upper critical field according to the findings in the paper?,useful
2025-07-16T00:32:42.952259,arXiv_1611.01933,# Assessing composition gradients in multifilamentary superconductors by means of magnetometry methods,We present two magnetometry-based methods suitable for assessing gradients in the critical temperatu,"What specific experimental evidence do the authors present to demonstrate the application of the magnetometry techniques, particularly in relation to EDX measurements?",useful
2025-07-16T00:32:42.953259,arXiv_1611.01933,#### IV. CONCLUSIONS,In this paper we described two magnetometry-based methods for assessing composition gradients in mul,"What specific experimental evidence do the authors present to demonstrate the application of the magnetometry techniques, particularly in relation to EDX measurements?",useful
2025-07-16T00:32:42.953259,arXiv_1611.01933,#### III. RESULTS AND DISCUSSION,"As mentioned in the beginning of section II A, we performed EDX examinations on the wire sample in o","What specific experimental evidence do the authors present to demonstrate the application of the magnetometry techniques, particularly in relation to EDX measurements?",useful
2025-07-16T00:32:42.953259,arXiv_1611.01933,#### III. RESULTS AND DISCUSSION,"The value corresponding to T = 6 K was set to β = 0, since it corresponds to shielding by the Nb bar","What specific experimental evidence do the authors present to demonstrate the application of the magnetometry techniques, particularly in relation to EDX measurements?",useful
2025-07-16T00:33:35.178313,arXiv_1701.00446,Abstract,"The tests comprise measurements at 4.2 K on critical current, RRR and hysteresis loss...","What specific measurements were taken at 4.2 K during the cross-checking tests, and why are they important for the quality verification of ITER Nb3Sn strands?",useful
2025-07-16T00:33:35.178313,arXiv_1701.00446,1. Introduction,The relatively large number of tests allows us to perform statistical analysis and to identify the s,"What specific measurements were taken at 4.2 K during the cross-checking tests, and why are they important for the quality verification of ITER Nb3Sn strands?",useful
2025-07-16T00:33:35.179317,arXiv_1305.1688,Abstract,A twisted multifilamentary structure is needed for Nb3Sn and NbTi strands...,"What specific measurements were taken at 4.2 K during the cross-checking tests, and why are they important for the quality verification of ITER Nb3Sn strands?",not useful
2025-07-16T00:33:35.179317,arXiv_2006.01457,3.1. Sample Heat Treatment and Critical Current Measurement,To commission an upgraded *MQE* measurements system several Nb3Sn wire samples were used.,"What specific measurements were taken at 4.2 K during the cross-checking tests, and why are they important for the quality verification of ITER Nb3Sn strands?",not useful
2025-07-16T00:33:35.179317,arXiv_1701.08681,2. Experimental,The Nb3Sn strands used in this study are made by Japan Superconductor Technology Inc. (JASTEC)...,"What specific measurements were taken at 4.2 K during the cross-checking tests, and why are they important for the quality verification of ITER Nb3Sn strands?",not useful
2025-07-16T00:34:27.172732,arXiv_1701.00446,Abstract,"The tests comprise measurements at 4.2 K on critical current, RRR and hysteresis loss, while at room","Which properties were evaluated at room temperature, and how do they relate to the overall performance of the Nb3Sn strands?",useful
2025-07-16T00:34:27.172732,arXiv_0812.4463,Abstract,"In modeling the properties of superconducting multi-filamentary strands, the filament twist pitch an","Which properties were evaluated at room temperature, and how do they relate to the overall performance of the Nb3Sn strands?",useful
2025-07-16T00:34:27.172732,arXiv_1701.08681,Introduction,"The Nb3Sn strand is a composite of Cu, pure Nb, and Sn or Sn containing components, which requires a","Which properties were evaluated at room temperature, and how do they relate to the overall performance of the Nb3Sn strands?",useful
2025-07-16T00:34:27.172732,arXiv_0812.4463,Abstract,Results have been compared to the inter-filament resistance of a sample on which the outer copper st,"Which properties were evaluated at room temperature, and how do they relate to the overall performance of the Nb3Sn strands?",not useful
2025-07-16T00:34:27.172732,arXiv_0907.0411,II. EXPERIMENTAL DETAILS,These samples were found to have resistivity ratio R(300 K)/R(TC) = 18 and an extrapolated residual ,"Which properties were evaluated at room temperature, and how do they relate to the overall performance of the Nb3Sn strands?",not useful
2025-07-16T00:34:27.173733,arXiv_1212.2879,IV. CONCLUSION,A new experimental set-up specifically designed for studying thermal properties of superconducting w,"Which properties were evaluated at room temperature, and how do they relate to the overall performance of the Nb3Sn strands?",not useful
2025-07-16T00:35:15.768170,arXiv_1701.00446,2. Experimental methods,A cross-section of an unreacted strand is shown in figure 1. ... Reaction heat treatment at both lab,"What protocol did both laboratories follow for the reaction heat treatment, and how does it align with the ITER heat treatment schedule?",useful
2025-07-16T00:35:15.769170,arXiv_1701.08681,1. Introduction,In order to maximize A15 layer thickness ... many studies have been carried out ... on the optimizat,"What protocol did both laboratories follow for the reaction heat treatment, and how does it align with the ITER heat treatment schedule?",useful
2025-07-16T00:35:15.769170,arXiv_1304.6025,2.2. Heat Treatment and Measurement,Both types of strand were prepared for measurement in two ways ... including 48 hours at 210 ˚C (ram,"What protocol did both laboratories follow for the reaction heat treatment, and how does it align with the ITER heat treatment schedule?",not useful
2025-07-16T00:35:15.769170,arXiv_1110.3208,III. STRAND AND SAMPLE PREPARATION,The sample preparation is described in detail ... The applied heat treatment schedules are as specif,"What protocol did both laboratories follow for the reaction heat treatment, and how does it align with the ITER heat treatment schedule?",not useful
2025-07-16T00:36:13.434610,arXiv_cond-mat_0305474,# **d) MgB2 as an emerging high-field conductor material**,The observed significant enhancement of *Hc2*(*T*) both for bulk samples and especially for the high,"What are the advantages of P-doped BaFe2As2 thin films compared to other superconductors like MgB2 and NbTi, specifically in high magnetic fields?",not useful
2025-07-16T00:36:13.435128,arXiv_cond-mat_0207226,### **INTRODUCTION**,The recently discovered 40K superconductor MgB2 [1] (review in [2]) has received great attention bec,"What are the advantages of P-doped BaFe2As2 thin films compared to other superconductors like MgB2 and NbTi, specifically in high magnetic fields?",not useful
2025-07-16T00:36:13.435644,arXiv_cond-mat_0103425,"## **Larbalestier†§ N. Rogado\*, K.A. Regan\*, M.A. Hayward\*, T. He\*, J.S. Slusky\*, K. Inumaru\*, M.K. Haas\* and R.J. Cava\***",... MgB2 has the potential to reach much higher fields and current densities than either of these te,"What are the advantages of P-doped BaFe2As2 thin films compared to other superconductors like MgB2 and NbTi, specifically in high magnetic fields?",not useful
2025-07-16T00:36:13.435644,arXiv_1501.07146,## **3.7 Conclusions for MgB2 wires**,... the following advantages of MgB2 wires can be recognized...,"What are the advantages of P-doped BaFe2As2 thin films compared to other superconductors like MgB2 and NbTi, specifically in high magnetic fields?",not useful
2025-07-16T00:36:13.436163,arXiv_cond-mat_0305474,# **1. Introduction**,"Since the discovery of the ""intermediate-*Tc*"" superconductor MgB2 with critical temperature *Tc* of","What are the advantages of P-doped BaFe2As2 thin films compared to other superconductors like MgB2 and NbTi, specifically in high magnetic fields?",not useful
2025-07-16T00:37:16.675001,arXiv_1701.04154,"In-field critical current density Jc(T, H, θ)",Up to 10 T they exhibit a non-Ohmic linear differential (NOLD) signature... indicative of Jc limitat,How does the non-Ohmic linear differential signature observed in the E - J curves relate to the behavior of grain boundaries in P-doped BaFe2As2?,useful
2025-07-16T00:37:16.675001,arXiv_1701.04154,High-field transport properties of a P-doped BaFe2As2 film on technical substrate,"By analysing the E − J curves for determining Jc, a non-Ohmic linear differential signature is obser",How does the non-Ohmic linear differential signature observed in the E - J curves relate to the behavior of grain boundaries in P-doped BaFe2As2?,useful
2025-07-16T00:38:10.457355,arXiv_1701.04154,Introduction,"AEFe2As2 (AE: Alkali earth elements, AE-122) and Fe(Se,Te) possess high upper critical fields (Hc2) ",What properties of AEFe2As2 make it suitable for high-field magnet applications according to the introduction of the paper?,useful
2025-07-16T00:38:10.457355,arXiv_1701.04154,Introduction,Co-doped Ba-122 exhibits a high tolerance for large densities of flux pinning centres in the superco,What properties of AEFe2As2 make it suitable for high-field magnet applications according to the introduction of the paper?,useful
2025-07-16T00:38:10.457355,arXiv_1701.04154,Introduction,"Indeed, even microstructurally clean and optimally P-doped Ba-122 epitaxial thin films exhibit a hig",What properties of AEFe2As2 make it suitable for high-field magnet applications according to the introduction of the paper?,useful
2025-07-16T00:38:10.457355,arXiv_2203.07551,122 FBS as the candidate for a high field magnet conductor,"122 compounds have the required high Tc and Hc2, to clear the first hurdle to becoming the accelerat",What properties of AEFe2As2 make it suitable for high-field magnet applications according to the introduction of the paper?,useful
2025-07-16T00:39:01.301198,arXiv_1701.08681,Abstract,"Residual resistance ratio, however, decreases with increasing heat treatment temperature and time. T",What is the relationship between heat treatment temperature and the residual resistance ratio as discussed in the abstract?,useful
2025-07-16T00:39:01.301198,arXiv_1701.08681,Conclusion,RRR decreases with increasing heat treatment temperature and time due to the diffusion of contaminan,What is the relationship between heat treatment temperature and the residual resistance ratio as discussed in the abstract?,useful
2025-07-16T00:39:01.302203,arXiv_2010.07312,LOW-TEMPERATURE MEASUREMENTS,"After deposition, the V3Si layers were amorphous...",What is the relationship between heat treatment temperature and the residual resistance ratio as discussed in the abstract?,not useful
2025-07-16T00:39:01.302203,arXiv_2302.07825,Residual Resistance Ratio (RRR),The set up used for RRR measurements was the same as previously reported...,What is the relationship between heat treatment temperature and the residual resistance ratio as discussed in the abstract?,not useful
2025-07-16T00:39:49.581423,arXiv_1701.08681,# **Abstract**,"Residual resistance ratio, however, decreases with increasing heat treatment temperature and time. T",How does the diffusion of metallic elements affect the performance of Nb3Sn strands according to the introduction?,useful
2025-07-16T00:39:49.581423,arXiv_1801.02195,### *G1.1.2.2.1 Phase transformations during the diffusion HT of Nb3Sn superconductors*,The intermediate phase transformations can degrade the microstructural and microchemical homogeneity,How does the diffusion of metallic elements affect the performance of Nb3Sn strands according to the introduction?,useful
2025-07-16T00:40:37.624733,arXiv_1701.08681,Abstract,"Based on a model of metallic elements diffusion, a numerical code is developed to predict residual r","What model is developed in the study to predict the residual resistance ratio, and why is it significant for the performance of ITER CS coils?",useful
2025-07-16T00:40:37.624733,arXiv_1701.08681,4. Conclusion,The RRR decreases with increasing heat treatment temperature and time due to the diffusion of contam,"What model is developed in the study to predict the residual resistance ratio, and why is it significant for the performance of ITER CS coils?",useful
2025-07-16T00:41:31.356645,arXiv_1703.03350,1. Introduction,The highest transition temperatures for the *A*3C60 family are found in the Cs3C60 materials: *T*C m,What are the transition temperatures measured for the A15 and fcc forms of Cs3C60 under hydrostatic pressure?,useful
2025-07-16T00:43:08.418254,arXiv_1703.03350,3.2. fcc Cs3C60,"For fcc Cs2.901(6)C60 under optimal applied pressure, *T*C0 exceeds *T*C meas by 1.7 K, which is att",What factors are attributed to the suppression of Tc meas below Tc0 in the fcc form of Cs3C60?,useful
2025-07-16T00:43:08.418845,arXiv_1703.03350,Abstract,"In the fcc form, suppression of *T*C meas below *T*C0 is ascribed to native structural disorder.",What factors are attributed to the suppression of Tc meas below Tc0 in the fcc form of Cs3C60?,useful
2025-07-16T00:43:08.418845,arXiv_1703.03350,Conclusion,This agreement indicates that the Cs(O) site fluctuations may be responsible for the observed suppre,What factors are attributed to the suppression of Tc meas below Tc0 in the fcc form of Cs3C60?,useful
2025-07-16T00:44:01.280679,arXiv_1704.06805,# Abstract,we present a model calculation to explore the key effects of different supercells that could be fabr,What are the key effects of different supercells that can be fabricated using nanofabrication according to the model calculation presented in the paper?,useful
2025-07-16T00:44:01.280679,arXiv_1704.06805,# Abstract,a strong effect stems from the increased density of states at certain energies due to the opening of,What are the key effects of different supercells that can be fabricated using nanofabrication according to the model calculation presented in the paper?,useful
2025-07-16T00:44:01.280679,arXiv_1704.06805,# Abstract,"further, there is a clear dependence on the shape of the supercell.",What are the key effects of different supercells that can be fabricated using nanofabrication according to the model calculation presented in the paper?,useful
2025-07-16T00:44:01.280679,arXiv_1704.06805,# Abstract,the transition temperature of a conventional superconductor depends on the electronic and phononic s,What are the key effects of different supercells that can be fabricated using nanofabrication according to the model calculation presented in the paper?,useful
2025-07-16T00:44:01.281698,arXiv_1704.06805,# Abstract,"Finally, a strong effect stems from the increased density of states at certain energies due to the o",What are the key effects of different supercells that can be fabricated using nanofabrication according to the model calculation presented in the paper?,useful
2025-07-16T00:44:01.281698,arXiv_1704.06805,# Abstract,The periodic supercell structure can have a strong effect on the phonons as well.,What are the key effects of different supercells that can be fabricated using nanofabrication according to the model calculation presented in the paper?,useful
2025-07-16T00:44:01.281698,arXiv_1707.09025,# Abstract,"First, we discuss the effects of disorder, inhomogeneities, and materials anisotropy on the maximum ",What are the key effects of different supercells that can be fabricated using nanofabrication according to the model calculation presented in the paper?,not useful
2025-07-16T00:44:01.282710,arXiv_1704.06805,# A Appendix: Model calculation,"In this Appendix, we describe in more detail our model calculation for a square lattice with a nano-",What are the key effects of different supercells that can be fabricated using nanofabrication according to the model calculation presented in the paper?,not useful
2025-07-16T00:44:55.958952,arXiv_1704.06805,Abstract,"Here, we propose a radically different approach to transform a 'pristine' material into a better (me",How does the proposed method of periodic nanopatterning aim to enhance the electron-phonon coupling in superconductors?,useful
2025-07-16T00:44:55.959952,arXiv_1704.06805,Abstract,the periodic supercell structure can have a strong effect on the phonons as well.,How does the proposed method of periodic nanopatterning aim to enhance the electron-phonon coupling in superconductors?,useful
2025-07-16T00:44:55.959952,arXiv_1704.06805,Abstract,"Even for larger supercell sizes, coinciding with what is presently possible with nanofabrication, on",How does the proposed method of periodic nanopatterning aim to enhance the electron-phonon coupling in superconductors?,useful
2025-07-16T00:44:55.959952,arXiv_1704.06805,Abstract,"the nanopatterning also weakens the Kohn anomaly and thus increases the phonon energy, further benef",How does the proposed method of periodic nanopatterning aim to enhance the electron-phonon coupling in superconductors?,useful
2025-07-16T00:45:46.808917,arXiv_1704.06805,Abstract,We present a model calculation to explore the key effects of different supercells that could be fabr,Which materials are discussed in the paper as potential candidates for improvement in superconductivity through the proposed nanofabrication techniques?,useful
2025-07-16T00:45:46.808917,arXiv_2104.00694,I. INTRODUCTION,"Among these, silicides appears as the most suitable materials, and as V3Si has the highest known cri",Which materials are discussed in the paper as potential candidates for improvement in superconductivity through the proposed nanofabrication techniques?,useful
2025-07-16T00:45:46.808917,arXiv_2011.02350,I. INTRODUCTION,"Among these, A15 superconductors, a well-known family of metal-based compounds, are promising candid",Which materials are discussed in the paper as potential candidates for improvement in superconductivity through the proposed nanofabrication techniques?,useful
2025-07-16T00:46:36.626765,arXiv_1705.06383,# Superheating in coated niobium,Using muon spin rotation it is shown that the field of first flux penetration Hentry in Nb is enhanc,What effect does coating Nb with Nb3Sn or MgB2 have on the field of first flux penetration Hentry compared to uncoated Nb?,useful
2025-07-16T00:46:36.626765,arXiv_2402.15500,# Measurements of the first-flux-penetration field ...,"In a coated sample [Nb3Sn(2 µm)/Nb], we find that 0vp is depth-independent with a value of 234.5(35)",What effect does coating Nb with Nb3Sn or MgB2 have on the field of first flux penetration Hentry compared to uncoated Nb?,useful
2025-07-16T00:48:17.509757,arXiv_1705.06383,# Superheating in coated niobium,Using muon spin rotation it is shown that the field of first flux penetration Hentry in Nb is enhanc,How does the thickness of the coatings tested (ranging from 50 to 2000 nm) affect the results of Hentry according to the experiments presented?,useful
2025-07-16T00:48:17.509757,arXiv_1705.06383,## V. SIMULATION,There is no clear trend in Hentry vs. layer thickness. This suggests that the superconductor-superco,How does the thickness of the coatings tested (ranging from 50 to 2000 nm) affect the results of Hentry according to the experiments presented?,useful
2025-07-16T00:49:12.017301,arXiv_1706.10253,Abstract,It is shown that significant improvement of critical current density (*Jc*) is needed for future acc,"What are the three main factors that determine the non-matrix critical current density (*Jc*) in Nb3Sn conductors, and how do they correlate with microstructure and chemistry?",useful
2025-07-16T00:49:12.017301,arXiv_1706.10253,3. Factors controlling the Nb3Sn conductor *J<sup>c</sup>*,The non-matrix *Jc* of Nb3Sn superconductors is mainly determined by three parameters: the current-c,"What are the three main factors that determine the non-matrix critical current density (*Jc*) in Nb3Sn conductors, and how do they correlate with microstructure and chemistry?",useful
2025-07-16T00:49:12.017301,arXiv_1706.10253,3. Factors controlling the Nb3Sn conductor *J<sup>c</sup>*,An important method to diagnose a low-*Jc* superconductor is to analyze the above three parameters –,"What are the three main factors that determine the non-matrix critical current density (*Jc*) in Nb3Sn conductors, and how do they correlate with microstructure and chemistry?",useful
2025-07-16T00:50:04.405135,arXiv_1706.10253,5. A theory for Nb3Sn stoichiometry,"the Sn source can significantly influence the stoichiometry, especially the Sn content gradient, of ",How does the thermodynamic/kinetic theory presented in the paper explain the influence of Sn sources and Ti addition on the stoichiometry and growth rate of Nb3Sn layers?,useful
2025-07-16T00:50:04.405135,arXiv_1706.10253,5. A theory for Nb3Sn stoichiometry,Ti addition segregates at Nb3Sn grain boundaries and causes greater lattice distortion at grain boun,How does the thermodynamic/kinetic theory presented in the paper explain the influence of Sn sources and Ti addition on the stoichiometry and growth rate of Nb3Sn layers?,useful
2025-07-16T00:50:04.405135,arXiv_1706.10253,5. A theory for Nb3Sn stoichiometry,the reaction rate at the Sn source/Nb3Sn interface to decrease the μSn drop across it... the diffusi,How does the thermodynamic/kinetic theory presented in the paper explain the influence of Sn sources and Ti addition on the stoichiometry and growth rate of Nb3Sn layers?,useful
2025-07-16T00:50:53.361443,arXiv_1903.08121,1. Introduction,"This was finally realized in 2014 via the internal oxidation method,...","What is the proposed internal oxidation technique for improving flux pinning in Nb3Sn wires, and what previous efforts have been made to introduce additional pinning centers (APC)?",useful
2025-07-16T00:50:53.362443,arXiv_2301.02571,Abstract,"In the last few years, a new type of Nb3Sn superconducting composite, containing a high density of a","What is the proposed internal oxidation technique for improving flux pinning in Nb3Sn wires, and what previous efforts have been made to introduce additional pinning centers (APC)?",useful
2025-07-16T00:50:53.362443,arXiv_1311.6901,I. INTRODUCTION,It was discovered a long time ago that the properties of Nb3Sn can be improved by adjusting the heat,"What is the proposed internal oxidation technique for improving flux pinning in Nb3Sn wires, and what previous efforts have been made to introduce additional pinning centers (APC)?",useful
2025-07-16T00:50:53.362443,arXiv_1903.08121,1. Introduction,The introduction of artificial pinning centers (APC) to enhance flux pinning and thus *Jc* has long ,"What is the proposed internal oxidation technique for improving flux pinning in Nb3Sn wires, and what previous efforts have been made to introduce additional pinning centers (APC)?",useful
2025-07-16T00:50:53.362443,arXiv_2301.02571,1. Introduction,"Internal oxidation of Nb-4at.%Ta-1at.%Hf formed dense HfO2 particles with sizes mostly below 5 nm,..","What is the proposed internal oxidation technique for improving flux pinning in Nb3Sn wires, and what previous efforts have been made to introduce additional pinning centers (APC)?",useful
2025-07-16T00:52:39.409184,arXiv_2003.03362,Analysis of Magnetic Vortex Dissipation in Sn-Segregated Boundaries in Nb3Sn Superconducting RF Cavities,We study mechanisms of vortex nucleation in Nb3Sn Superconducting RF (SRF) cavities using a combinat,How do time-dependent Ginzburg-Landau simulations contribute to our understanding of trapped magnetic flux and its effect on the residual resistance of Nb3Sn cavities?,useful
2025-07-16T00:52:39.409184,arXiv_1707.09025,TIME-DEPENDENT GINZBURG-LANDAU SIMULATIONS OF ROUGH SURFACES AND DISORDER,Our TDGL environment can be used to find dangerous regimes or configurations that can have serious c,How do time-dependent Ginzburg-Landau simulations contribute to our understanding of trapped magnetic flux and its effect on the residual resistance of Nb3Sn cavities?,useful
2025-07-16T00:52:39.409184,arXiv_2410.20078,IV. CONCLUSION,The methods for simulating realistic sample-specific material defects and calculating the resulting ,How do time-dependent Ginzburg-Landau simulations contribute to our understanding of trapped magnetic flux and its effect on the residual resistance of Nb3Sn cavities?,useful
2025-07-16T00:53:28.509714,arXiv_1912.07576,CONCLUSIONS,Our DFT study of antisite defects has given us a valuable new perspective on their thermodynamic beh,What key insights do first-principles density-functional theory calculations provide regarding the formation of tin-depleted regions in Nb3Sn?,useful
2025-07-16T00:53:28.510225,arXiv_1707.09025,DFT CALCULATIONS,These regions may be the nucleation centers responsible for quenches observed well below *H*sh expec,What key insights do first-principles density-functional theory calculations provide regarding the formation of tin-depleted regions in Nb3Sn?,useful
2025-07-16T00:53:28.510225,arXiv_1707.09025,DFT CALCULATIONS,"Density functional theory (DFT) can be used to study layer growth, tin depletion, and other features",What key insights do first-principles density-functional theory calculations provide regarding the formation of tin-depleted regions in Nb3Sn?,useful
2025-07-16T00:53:28.510225,arXiv_1912.07576,CONCLUSIONS,Our calculations shed light on both of these topics; they offer an explanation for why the tin-rich ,What key insights do first-principles density-functional theory calculations provide regarding the formation of tin-depleted regions in Nb3Sn?,useful
2025-07-16T00:54:16.606521,arXiv_1709.04120,Abstract,"a QE ~11% - 13% at light wavelength of 248 nm is achieved for the Nb substrates, consistent with tha","What quantum efficiency values were achieved for Nb substrates using the standard recipe for Cs2Te deposition, and how do they compare to Mo substrates?",useful
2025-07-16T00:54:16.606521,arXiv_1709.04120,II. Experiment,Previous depositions of Cs2Te on Mo using the standard recipe with Te thickness of 210 Å have produc,"What quantum efficiency values were achieved for Nb substrates using the standard recipe for Cs2Te deposition, and how do they compare to Mo substrates?",useful
2025-07-16T00:54:16.607088,arXiv_1709.04120,V. Summary,For standard thicknesses of Te (220 Å) QE values near those for Mo substrates are found.,"What quantum efficiency values were achieved for Nb substrates using the standard recipe for Cs2Te deposition, and how do they compare to Mo substrates?",useful
2025-07-16T00:55:07.287622,arXiv_1709.04120,Abstract,A phenomenological model based on the Spicer 3-Step model along with a solution of the Fresnel equat,"What model is suggested to explain the thickness dependence of quantum efficiency in the study, and what theoretical framework does it utilize?",useful
2025-07-16T00:55:07.288161,arXiv_1709.04120,III. Data Analysis,The model indicates that reasonable QE values ~ 3-4% could be found with Te thicknesses as small as ,"What model is suggested to explain the thickness dependence of quantum efficiency in the study, and what theoretical framework does it utilize?",useful
2025-07-16T00:55:07.288161,arXiv_1606.00430,I. INTRODUCTION,The weak coupling Bardeen-Cooper-Schrieffer (BCS) expression for the superconducting transition temp,"What model is suggested to explain the thickness dependence of quantum efficiency in the study, and what theoretical framework does it utilize?",not useful
2025-07-16T00:55:07.289168,arXiv_1304.4744,Critical-state model,A successful model to quantitatively explain the magnetic hysteresis in type II superconductors was ,"What model is suggested to explain the thickness dependence of quantum efficiency in the study, and what theoretical framework does it utilize?",not useful
2025-07-16T00:55:07.289168,arXiv_2109.12446,C. The isotropic γ−model,The γ−model considers two bands with Fermi velocities ...,"What model is suggested to explain the thickness dependence of quantum efficiency in the study, and what theoretical framework does it utilize?",not useful
2025-07-16T00:55:59.559022,arXiv_1709.04120,V. Summary,The QE of Nb photocathodes coated with thin films of Cs2Te has been reported... layers of Te as thin,What benefits does the proposed ultra-thin Cs2Te layer provide for superconducting radiofrequency (SRF) photoinjectors operating at RF frequencies around 1 GHz?,useful
2025-07-16T00:55:59.560026,arXiv_1709.04120,IV. Discussion,The principal result of this study is the observation of a relatively high QE ~ 5-6% for a Te thickn,What benefits does the proposed ultra-thin Cs2Te layer provide for superconducting radiofrequency (SRF) photoinjectors operating at RF frequencies around 1 GHz?,useful
2025-07-16T00:55:59.560026,arXiv_1709.04120,V. Summary,It is argued that ultra-thin photocathode layer may make it mostly transparent to RF fields of ~1 GH,What benefits does the proposed ultra-thin Cs2Te layer provide for superconducting radiofrequency (SRF) photoinjectors operating at RF frequencies around 1 GHz?,useful
2025-07-16T00:55:59.560531,arXiv_1709.04120,I. Introduction,These results are quite promising for the development of a hybrid superconducting photocathode with ,What benefits does the proposed ultra-thin Cs2Te layer provide for superconducting radiofrequency (SRF) photoinjectors operating at RF frequencies around 1 GHz?,useful
2025-07-16T00:56:47.733860,arXiv_1711.05871,Evidence for quantized vortex entry in Nb3Sn under the influence of RF fields,Evidence for quantised magnetic vortex entry at a defect into a Type-II superconductor... discrete j,What experimental setup was used to observe quantized vortex entry in Nb3Sn and what were the key findings related to local heating?,useful
2025-07-16T00:57:38.607854,arXiv_2406.00817,3.1 A-15 and other Nb based superconductors,"For large-scale applications, the production of Nb3X compounds with the required efficiency... makes","How do the properties of higher κ superconductors, such as A15 compounds, affect their operational reliability compared to weaker Type-II superconductors like niobium?",useful
2025-07-16T00:57:38.607854,arXiv_1505.06393,5. Comparison of A15's with other superconductor classes; Summary,the A15 superconductors - and specifically doped Nb3Sn – are still the material of choice today for ,"How do the properties of higher κ superconductors, such as A15 compounds, affect their operational reliability compared to weaker Type-II superconductors like niobium?",useful
2025-07-16T00:59:20.484516,arXiv_1711.07022,# Thermomechanical Behavior of the HL-LHC 11 Tesla Nb3Sn Magnet Coil Constituents during Reaction Heat Treatment,Dynamic Young´s and shear modulus measurements have been performed by the resonance technique.,What method was used to measure the Young's and shear moduli of the HL-LHC 11 T Nb3Sn dipole magnet coil constituents during heat treatment?,useful
2025-07-16T00:59:20.485520,arXiv_1711.07022,I. INTRODUCTION,"We describe the temperature dependence of these materials properties, based on dynamic Young's and s",What method was used to measure the Young's and shear moduli of the HL-LHC 11 T Nb3Sn dipole magnet coil constituents during heat treatment?,useful
2025-07-16T01:00:07.334842,arXiv_1711.07022,I. INTRODUCTION,The comparison of the RT stress-strain curves of the 11 T dipole magnet constituents...,What variations in mechanical properties among different coil materials are observed at room temperature?,useful
2025-07-16T01:00:07.335377,arXiv_1202.0293,COIL STRESS,The maximum room-temperature stress of 70 MPa in the coil after assembly increases after cooldown to,What variations in mechanical properties among different coil materials are observed at room temperature?,useful
2025-07-16T01:00:07.335887,arXiv_1711.07022,I. INTRODUCTION,"In order to predict the coil volume changes by finite element modelling, the thermal expansion behav",What variations in mechanical properties among different coil materials are observed at room temperature?,useful
2025-07-16T01:00:07.336410,arXiv_1202.0293,COIL STRESS,This level of coil pre-stress allows the coil turns to be kept under compression at the nominal fiel,What variations in mechanical properties among different coil materials are observed at room temperature?,useful
2025-07-16T01:00:07.336410,arXiv_1108.1869,NB3SN COIL STUDIES,Several issues were identified during the model magnet R&D which required experimental studies...,What variations in mechanical properties among different coil materials are observed at room temperature?,not useful
2025-07-16T01:00:07.336935,arXiv_2311.04021,2.2 Measurements of physical and mechanical properties of each resin,"Physical properties of the resins, such as viscosity, thermal conductivity, and specific heat Cp wer",What variations in mechanical properties among different coil materials are observed at room temperature?,not useful
2025-07-16T01:01:00.983553,arXiv_1711.07022,#### IV. DISCUSSION AND CONCLUSION,The coil volume changes that occur during its reaction HT are one of the main challenges...,How do thermal expansion coefficients affect the coil geometry and stress distribution during the heat treatment process?,useful
2025-07-16T01:01:00.983553,arXiv_1711.07022,# Thermomechanical Behavior of the HL-LHC 11 Tesla Nb3Sn Magnet Coil Constituents during Reaction Heat Treatment,The knowledge of the temperature induced changes of the superconductor volume...,How do thermal expansion coefficients affect the coil geometry and stress distribution during the heat treatment process?,useful
2025-07-16T01:01:00.985057,arXiv_1711.07022,#### I. INTRODUCTION,In this article we describe the temperature dependence of these materials properties...,How do thermal expansion coefficients affect the coil geometry and stress distribution during the heat treatment process?,useful
2025-07-16T01:01:00.985057,arXiv_1711.07022,"## <span id=""page-3-2""></span><span id=""page-3-0""></span>*C Thermal expansion of Nb3Sn coil constituents*","In Fig. 10 the relative length changes of the coil constituents DISCUP C3/30, Ti6Al4V...",How do thermal expansion coefficients affect the coil geometry and stress distribution during the heat treatment process?,useful
2025-07-16T01:01:00.985057,arXiv_1108.1869,# *Coil technology*,Coils used in accelerator magnets have relatively small bending radii...,How do thermal expansion coefficients affect the coil geometry and stress distribution during the heat treatment process?,not useful
2025-07-16T01:01:56.168116,arXiv_1801.02195,G1.1.2.1 Introduction,"In contrast, both neutrons and high energy photons can penetrate mm-thick strongly absorbing superco",What are the advantages of using high energy X-rays compared to conventional X-ray diffraction in the study of superconductors?,useful
2025-07-16T01:01:56.169117,arXiv_1801.02195,G1.1.2.1 Introduction,State-of-the-art high energy synchrotron sources can provide very high monochromatic photon flux den,What are the advantages of using high energy X-rays compared to conventional X-ray diffraction in the study of superconductors?,useful
2025-07-16T01:01:56.169117,arXiv_1801.02195,G1.1.2.1 Introduction,The non-destructive in situ studies also avoid experimental uncertainties caused by sample quenching,What are the advantages of using high energy X-rays compared to conventional X-ray diffraction in the study of superconductors?,useful
2025-07-16T01:01:56.169117,arXiv_1801.02195,G1.1.2.1 Introduction,"Fast µ-CT, where the acquisition of the about 1000 radiographs needed for the reconstruction of one ",What are the advantages of using high energy X-rays compared to conventional X-ray diffraction in the study of superconductors?,useful
2025-07-16T01:01:56.169117,arXiv_1801.02195,G1.1.2.1 Introduction,"Different synchrotron techniques, for instance high energy XRD and µ-CT, can be combined in one expe",What are the advantages of using high energy X-rays compared to conventional X-ray diffraction in the study of superconductors?,useful
2025-07-16T01:02:42.502483,arXiv_1801.02195,### **G1.1.2.1 Introduction**,The X-ray transmission through Ta alloyed Nb3Sn wires of equal composition with different diameters.,"How does the X-ray transmission through Nb3Sn wires vary with filament diameter and energy level, according to the study?",useful
2025-07-16T01:02:42.502483,arXiv_1801.02195,### **G1.1.2.1 Introduction**,X-ray energies above 50 keV enable non-destructive experiments in transmission geometry with Nb3Sn w,"How does the X-ray transmission through Nb3Sn wires vary with filament diameter and energy level, according to the study?",useful
2025-07-16T01:03:27.342106,arXiv_2412.04159,# C. High temperature annealing,The sample was placed into an enclosed cylindrical high temperature (maximum temperature 1600◦C) vac,"What types of furnaces were used in the in situ studies described in the paper, and what are their roles in the experiments?",useful
2025-07-16T01:03:27.342106,arXiv_1801.02195,### **G1.1.2.1 Introduction**,For *in situ* studies in inert gas or air at ambient pressure the ID15 diffraction and tomography fu,"What types of furnaces were used in the in situ studies described in the paper, and what are their roles in the experiments?",useful
2025-07-16T01:03:27.342106,arXiv_2001.03823,## B. High vacuum furnace,The top-loaded vertical furnace was procured from T-M Vacuum Products Inc. The furnace was specified,"What types of furnaces were used in the in situ studies described in the paper, and what are their roles in the experiments?",useful
2025-07-16T01:04:09.545732,arXiv_2404.08240,# ABSTRACT,A compact accelerator design for irradiation purposes is being proposed at KEK. This design targets ,What is the main technical requirement for the electron beam in the proposed superconducting accelerator design?,useful
2025-07-16T01:04:09.545732,arXiv_2404.08240,# ABSTRACT,"The goal of the present beam dynamics study is the beam loss suppression (to the ppm level), since i",What is the main technical requirement for the electron beam in the proposed superconducting accelerator design?,useful
2025-07-16T01:04:09.546736,arXiv_2404.08240,# ABSTRACT,Here we report optimization results and their effect on the design of the machine.,What is the main technical requirement for the electron beam in the proposed superconducting accelerator design?,useful
2025-07-16T01:04:55.819782,arXiv_1802.08289,Introduction,"disinfection of sewage sludge requires higher radiation doses, 4-10 kGy. In the case of wastewater t","How does the radiation dose required for wastewater treatment compare to that used for flue gas treatment, and what factors influence this?",useful
2025-07-16T01:04:55.820782,arXiv_1802.08289,Abstract,electron beam irradiation technology has been successfully demonstrated in small-scale pilot plants.,"How does the radiation dose required for wastewater treatment compare to that used for flue gas treatment, and what factors influence this?",useful
2025-07-16T01:04:55.820782,arXiv_1802.08289,Cost Analysis,"For a 1 MW SRF accelerator delivering a 4 kGy dose into wastewater, which is necessary for killing >","How does the radiation dose required for wastewater treatment compare to that used for flue gas treatment, and what factors influence this?",useful
2025-07-16T01:04:55.820782,arXiv_1802.08289,Introduction,the irradiation of gases or liquids with electrons results in the formation of several ions and radi,"How does the radiation dose required for wastewater treatment compare to that used for flue gas treatment, and what factors influence this?",useful
2025-07-16T01:05:47.126946,arXiv_2301.09537,1.1. Mechanical Design of Accelerator Magnets,"During operation, the coil windings of superconducting magnets are subjected to strong electro-magne","What are the components of the superconducting accelerator mentioned in the design, specifically related to its operation and efficiency?",useful
2025-07-16T01:05:47.127946,arXiv_2302.07201,I. INTRODUCTION,The superconducting radio-frequency (SRF) technology is widely used in modern particle accelerator r,"What are the components of the superconducting accelerator mentioned in the design, specifically related to its operation and efficiency?",useful
2025-07-16T01:05:47.127946,arXiv_1202.0270,CONCLUSIONS,Conceptual designs of superconducting magnets for the Storage ring of a Muon Collider with a 1.5 TeV,"What are the components of the superconducting accelerator mentioned in the design, specifically related to its operation and efficiency?",useful
2025-07-16T01:05:47.127946,arXiv_1501.07149,1 Introduction,The common thread of these notes is to provide some analytical guidelines with which to outline the ,"What are the components of the superconducting accelerator mentioned in the design, specifically related to its operation and efficiency?",useful
2025-07-16T01:05:47.127946,arXiv_1501.07169,2.1 Introduction,The challenge in manufacturing superconducting magnets for accelerators is to ensure reproducibility,"What are the components of the superconducting accelerator mentioned in the design, specifically related to its operation and efficiency?",useful
2025-07-16T01:06:38.319101,arXiv_1510.07590,Significant enhancement of compositional and superconducting homogeneity in Ti rather than Ta-doped Nb3Sn,C.Tarantini et al. describe that Ti produces significantly more homogeneous chemical and superconduc,"What is the impact of Ti and Ta dopants on the superconducting properties of Nb3Sn, particularly regarding *Hc2* and *Jc* as discussed in the Introduction?",useful
2025-07-16T01:06:38.319101,arXiv_1803.07025,Evidence from EXAFS for Different Ta/Ti Site Occupancy in High Critical Current Density Nb3Sn Superconductor Wires,"EXAFS studies reveal that Ta atoms occupy both Nb and Sn sites, affecting the structural homogeneity","What is the impact of Ti and Ta dopants on the superconducting properties of Nb3Sn, particularly regarding *Hc2* and *Jc* as discussed in the Introduction?",useful
2025-07-16T01:06:38.319101,arXiv_1908.07548,Introduction,The drive to higher magnetic field superconducting Nb3Sn magnets emphasizes the importance of unders,"What is the impact of Ti and Ta dopants on the superconducting properties of Nb3Sn, particularly regarding *Hc2* and *Jc* as discussed in the Introduction?",useful
2025-07-16T01:07:28.304818,arXiv_1803.07025,# **Evidence from EXAFS for Different Ta/Ti Site Occupancy in High Critical Current Density Nb3Sn Superconductor Wires**,we employed EXAFS to determine the lattice site location of dopants in modern high-performance Nb3Sn,"In the results section, how do the authors determine the lattice site location of dopants in the Nb3Sn strands and what significant findings do they report about Ta occupancy?",useful
2025-07-16T01:07:28.304818,arXiv_1803.07025,# **Discussion and Conclusions**,we performed EXAFS characterizations of the highest performance Nb3Sn strands available that surpris,"In the results section, how do the authors determine the lattice site location of dopants in the Nb3Sn strands and what significant findings do they report about Ta occupancy?",useful
2025-07-16T01:07:28.304818,arXiv_1908.07548,# **5. Conclusions**,the heat treatment temperature (in the 606-727 °C range) changes the dopant occupancy in the Nb3Sn s,"In the results section, how do the authors determine the lattice site location of dopants in the Nb3Sn strands and what significant findings do they report about Ta occupancy?",useful
2025-07-16T01:07:28.305819,arXiv_1908.07548,# *4.2 EXAFS and Hc2 characterizations*,the amount of Ta on the Sn site drops from 43% at 634 °C to 11% at 666 °C and then to only 8% at 711,"In the results section, how do the authors determine the lattice site location of dopants in the Nb3Sn strands and what significant findings do they report about Ta occupancy?",useful
2025-07-16T01:08:16.183112,arXiv_1803.07025,Discussion and Conclusions,These new insights suggest further studies to understand if and to what extent the choice of heat tr,What conclusions do the authors draw about the relationship between antisite disorder and the superconducting properties of the Ti-doped Nb3Sn wires as indicated in the discussion section?,useful
2025-07-16T01:08:16.183112,arXiv_1803.07025,Discussion and Conclusions,"Interestingly, despite the lower 12 T performance, the double-doped (Ta+Ti) sample showed higher Kra",What conclusions do the authors draw about the relationship between antisite disorder and the superconducting properties of the Ti-doped Nb3Sn wires as indicated in the discussion section?,useful
2025-07-16T01:08:16.184113,arXiv_1912.07576,CONCLUSIONS,Our DFT study of antisite defects has given us a valuable new perspective on their thermodynamic beh,What conclusions do the authors draw about the relationship between antisite disorder and the superconducting properties of the Ti-doped Nb3Sn wires as indicated in the discussion section?,not useful
2025-07-16T01:08:16.184113,arXiv_1912.07576,Abstract,Antisite defects play a critical role in Nb3Sn superconducting radio frequency (SRF) cavity physics.,What conclusions do the authors draw about the relationship between antisite disorder and the superconducting properties of the Ti-doped Nb3Sn wires as indicated in the discussion section?,not useful
2025-07-16T01:08:16.184617,arXiv_1908.07548,5. Conclusions,"This work shows that in Nb3Sn, despite being one of the most classical superconductors...",What conclusions do the authors draw about the relationship between antisite disorder and the superconducting properties of the Ti-doped Nb3Sn wires as indicated in the discussion section?,not useful
2025-07-16T01:09:09.480852,arXiv_2203.07551,Introduction,Future particle physics discoveries at the energy frontier rely on a next generation of high-energy ,What are the primary differences in magnet technology between the Future Circular Collider (FCC) and the Super proton-proton Collider (SppC)?,useful
2025-07-16T01:09:09.480852,arXiv_1803.09723,5 Hadron-Collider Technologies,"The primary technology of future hadron colliders is high-field magnets, both dipoles and quadrupole",What are the primary differences in magnet technology between the Future Circular Collider (FCC) and the Super proton-proton Collider (SppC)?,useful
2025-07-16T01:09:09.481852,arXiv_2302.04940,Introduction,"The FCC design study has then worked on arc dipoles with a bore field of 16 T, a level considered as",What are the primary differences in magnet technology between the Future Circular Collider (FCC) and the Super proton-proton Collider (SppC)?,useful
2025-07-16T01:09:09.481852,arXiv_2203.07551,Introduction,"According to the recent FCC design studies, the cost of superconducting wire is a major portion of t",What are the primary differences in magnet technology between the Future Circular Collider (FCC) and the Super proton-proton Collider (SppC)?,useful
2025-07-16T01:09:09.481852,arXiv_1803.09723,5 Hadron-Collider Technologies,Nb-Ti magnets are limited to maximum fields of about 8 T. The HL-LHC will use...based on a new high-,What are the primary differences in magnet technology between the Future Circular Collider (FCC) and the Super proton-proton Collider (SppC)?,useful
2025-07-16T01:09:09.481852,arXiv_1903.08121,Introduction,"FCC aims to push the energy frontier for high energy physics, and both require thousands of 16 T dip",What are the primary differences in magnet technology between the Future Circular Collider (FCC) and the Super proton-proton Collider (SppC)?,useful
2025-07-16T01:09:57.526703,arXiv_1803.09723,Abstract,"Since the first proton collisions at the CERN Intersecting Storage Rings (ISR), hadron colliders hav",How does the height of the dipole magnetic field influence the design and discovery reach of new hadron colliders such as the Tevatron and LHC?,useful
2025-07-16T01:09:57.528205,arXiv_1803.09723,1 Introduction,Circular hadron colliders are known as discovery machines. Their discovery reach is determined by th,How does the height of the dipole magnetic field influence the design and discovery reach of new hadron colliders such as the Tevatron and LHC?,useful
2025-07-16T01:09:57.528205,arXiv_1909.13543,Introduction,One of the main challenges in view of this Future Circular Collider (FCC) is the development of high,How does the height of the dipole magnetic field influence the design and discovery reach of new hadron colliders such as the Tevatron and LHC?,useful
2025-07-16T01:09:57.528205,arXiv_1909.13543,Introduction,High-field Nb3Sn magnet technology has made great progress... these will be the first Nb3Sn magnets ,How does the height of the dipole magnetic field influence the design and discovery reach of new hadron colliders such as the Tevatron and LHC?,useful
2025-07-16T01:09:57.528205,arXiv_1803.09723,5 Hadron-Collider Technologies,"The primary technology of future hadron colliders is high-field magnets, both dipoles and quadrupole",How does the height of the dipole magnetic field influence the design and discovery reach of new hadron colliders such as the Tevatron and LHC?,useful
2025-07-16T01:10:48.426664,arXiv_1108.1626,INTRODUCTION,"the high energy LHC (HE-LHC) might be realized in 2030 or later. In the HE-LHC, the beam energy is e",What are the potential benefits of the High-Energy LHC (HE-LHC) in terms of collider energy and luminosity compared to existing colliders?,useful
2025-07-16T01:10:48.427664,arXiv_1803.09723,Pushing the Energy Frontier in the 21st Century,A very large circular hadron collider with 100 TeV c.m. collision energy will offer access to new pa,What are the potential benefits of the High-Energy LHC (HE-LHC) in terms of collider energy and luminosity compared to existing colliders?,useful
2025-07-16T01:10:48.427664,arXiv_1803.09723,Pushing the Energy Frontier in the 21st Century,"The HL-LHC will level the luminosity at a value of 5 × 10^34 cm−2 s −1 , for the particle-physics ex",What are the potential benefits of the High-Energy LHC (HE-LHC) in terms of collider energy and luminosity compared to existing colliders?,useful
2025-07-16T01:10:48.427664,arXiv_2108.11904,CONCLUSION,"New physics has been unsatisfactorily absent from LHC so far, and so precision physics from a lepton",What are the potential benefits of the High-Energy LHC (HE-LHC) in terms of collider energy and luminosity compared to existing colliders?,useful
2025-07-16T01:10:48.427664,arXiv_1108.1640,INTRODUCTION,An LHC Tripler would access the entire range of masses predicted for the particles of supersymmetry.,What are the potential benefits of the High-Energy LHC (HE-LHC) in terms of collider energy and luminosity compared to existing colliders?,useful
2025-07-16T01:11:33.574093,arXiv_1806.04007,# Abstract,"Structural, elastic and electronic band structure properties of A-15 type Nb-based intermetallic com",What method was used to analyze the electronic charge density distribution in Nb3B compounds?,useful
2025-07-16T01:11:33.574093,arXiv_1806.04007,## 3.6. Electronic charge Density,"In order to investigate the nature of electronic bonding in Nb3Os, Nb3Pt and Nb3Au, we have studied ",What method was used to analyze the electronic charge density distribution in Nb3B compounds?,useful
2025-07-16T01:11:33.574093,arXiv_1806.04007,## 2. Computational Scheme,CASTEP (Cambridge Serial Total Energy Package) code ... based on the density functional theory (DFT),What method was used to analyze the electronic charge density distribution in Nb3B compounds?,useful
2025-07-16T01:12:19.573275,arXiv_1806.04007,Table 4,Calculated Debye temperatures show a systematic behavior with the atomic mass.,How does the estimated Debye temperature change as a function of the B atomic species in Nb3B?,useful
2025-07-16T01:12:19.573778,arXiv_1806.04007,3.3. Debye temperature,Debye temperature is an important fundamental parameter for solids... The calculated Debye temperatu,How does the estimated Debye temperature change as a function of the B atomic species in Nb3B?,useful
2025-07-16T01:12:19.573778,arXiv_1908.10007,Enhancement of the upper critical field in the cubic Laves-phase superconductor HfV<sup>2</sup> by Nb doping,"Values of Tc, Bc2(0), γe, αM and λso... no obvious feature is seen in the data of αM and λso.",How does the estimated Debye temperature change as a function of the B atomic species in Nb3B?,not useful
2025-07-16T01:12:19.573778,arXiv_1806.04007,3.1. Structural Properties,"Like other niobium based A-15 intermetallic compounds, Nb3B assumes cubic structure...",How does the estimated Debye temperature change as a function of the B atomic species in Nb3B?,not useful
2025-07-16T01:12:19.573778,arXiv_1806.04007,Abstract,All these show excellent agreement with previous reports...,How does the estimated Debye temperature change as a function of the B atomic species in Nb3B?,not useful
2025-07-16T01:13:07.439513,arXiv_1806.04007,1. Introduction,"The electronic properties, such as electronic band structure, density of states, Fermi surface and c",What implications were discussed in relation to the electronic band structure and bonding characteristics of Nb3B compounds?,useful
2025-07-16T01:13:07.440015,arXiv_1806.04007,3.4. Electronic density of states and band structure,The chemical and mechanical stability of Nb3B are also mainly affected by the properties of Nb 4d bo,What implications were discussed in relation to the electronic band structure and bonding characteristics of Nb3B compounds?,useful
2025-07-16T01:13:07.440015,arXiv_1806.04007,3.4. Electronic density of states and band structure,"The total DOSs of Nb3Os, Nb3Pt and Nb3Au at the Fermi level are 5.20, 9.77 and 11.50 states per eV p",What implications were discussed in relation to the electronic band structure and bonding characteristics of Nb3B compounds?,useful
2025-07-16T01:13:07.440015,arXiv_1806.04007,3.4. Electronic density of states and band structure,Another important feature is the presence of a pseudogap or quasi-gap in the TDOSs in the vicinity o,What implications were discussed in relation to the electronic band structure and bonding characteristics of Nb3B compounds?,useful
2025-07-16T01:13:07.440015,arXiv_1806.04007,3.4. Electronic density of states and band structure,"For Nb3Pt, strong bonding peak (at -4.27 eV) is formed by the hybridization between Pt 5d orbitals a",What implications were discussed in relation to the electronic band structure and bonding characteristics of Nb3B compounds?,useful
2025-07-16T01:13:59.728830,arXiv_1807.03405,Abstract,"Here, using first-principles band structure calculations based on density functional theory, we show",What methodology was used to investigate the topological nature of the A15 superconductors?,useful
2025-07-16T01:13:59.728830,arXiv_2310.18245,"# Dirac surface states, multiorbital dimerization and superconductivity in Nb- and Ta-based A15 compounds","Using first-principle calculations, we investigate the electronic, topological and superconducting p",What methodology was used to investigate the topological nature of the A15 superconductors?,useful
2025-07-16T01:13:59.728830,arXiv_2011.02350,"# Study of the superconducting ground state of topological superconducting candidates Ti3X (X = Ir, Sb)",We report a microscopic investigation of the superconducting ground state in A15 compound Ti3X (X = ,What methodology was used to investigate the topological nature of the A15 superconductors?,useful
2025-07-16T01:13:59.729833,arXiv_2107.14689,# I. INTRODUCTION,"We performed comprehensive measurements of longitudinal resistivity, Hall resistivity and the quantu",What methodology was used to investigate the topological nature of the A15 superconductors?,useful
2025-07-16T01:14:45.448776,arXiv_1807.03405,Abstract,"Here, using first-principles band structure calculations based on density functional theory, we show","Which A15 superconductors were analyzed in the study, and what was a significant finding regarding their electronic structure?",useful
2025-07-16T01:14:45.448776,arXiv_2309.11055,Abstract,The A15 structure of superconductors is a prototypical type-II superconductor that has generated con,"Which A15 superconductors were analyzed in the study, and what was a significant finding regarding their electronic structure?",useful
2025-07-16T01:14:45.449280,arXiv_2406.00817,Conclusion,After the discovery of the phenomenon of superconductivity in 1911...,"Which A15 superconductors were analyzed in the study, and what was a significant finding regarding their electronic structure?",not useful
2025-07-16T01:14:45.449280,arXiv_1505.06393,Comparison of A15's with other superconductor classes; Summary,Comparisons of the properties of the A15's to other superconductors have been made throughout this r,"Which A15 superconductors were analyzed in the study, and what was a significant finding regarding their electronic structure?",not useful
2025-07-16T01:14:45.449280,arXiv_cond-mat_0201048,N onconstant electronic density of states tunneling inversion for A 15 superconductors: N b3Sn,We re-examine the tunneling data on A 15 superconductors...,"Which A15 superconductors were analyzed in the study, and what was a significant finding regarding their electronic structure?",not useful
2025-07-16T01:15:32.543132,arXiv_1807.03405,Abstract,"Here, using first-principles band structure calculations ... we show that the A15 superconductors (T",How do the authors propose that topological superconductivity can be induced without the need for heterostructures?,useful
2025-07-16T01:15:32.543132,arXiv_1807.03405,Abstract,The realization of topological superconductivity in a single material is advantageous considering th,How do the authors propose that topological superconductivity can be induced without the need for heterostructures?,useful
2025-07-16T01:15:32.543132,arXiv_2011.02350,I. INTRODUCTION,Superconductivity in topological materials reported hosting various unconventional properties ... th,How do the authors propose that topological superconductivity can be induced without the need for heterostructures?,useful
2025-07-16T01:15:32.544136,arXiv_2310.18245,I. INTRODUCTION,"The Ta-based A15 compounds have the same filling as the Nb-based A15 compounds, with Ta having a lar",How do the authors propose that topological superconductivity can be induced without the need for heterostructures?,useful
2025-07-16T01:16:21.611216,arXiv_1807.03898,## *3.2 Transmission electron microscopy analyses of Nb3Sn grains*,The microstructures of the Nb3Sn coating and the Nb3Sn/Nb interfaces were analyzed employing brightf,What experimental techniques were used to analyze the microstructure of the Nb3Sn coating on Nb?,useful
2025-07-16T01:16:21.611216,arXiv_2008.00599,## **III. Microscopy of Nb3Sn coatings**,"Nb3Sn samples were analyzed using optical, laser confocal, scanning electron (SEM), and transmission",What experimental techniques were used to analyze the microstructure of the Nb3Sn coating on Nb?,useful
2025-07-16T01:16:21.611216,arXiv_1907.00476,# 2.1. Experimental procedure,The microstructural features of the Nb3Sn samples were systematically evaluated employing the correl,What experimental techniques were used to analyze the microstructure of the Nb3Sn coating on Nb?,useful
2025-07-16T01:16:21.611216,arXiv_2306.10866,## **2.1. Experimental procedure**,High-resolution STEM imaging of the Nb3Sn samples was performed employing an aberration-corrected JE,What experimental techniques were used to analyze the microstructure of the Nb3Sn coating on Nb?,useful
2025-07-16T01:17:06.166455,arXiv_1807.03898,Conclusions,"Four types of orientation relationships (ORs) between Nb3Sn and Nb (Orientations A, B, C and D) were",What are the observed orientation relationships (ORs) at the Nb3Sn/Nb interface as identified in the study?,useful
2025-07-16T01:17:06.166455,arXiv_1807.03898,4.2 Orientation relationships at Nb3Sn/Nb,"Specifically, a strong correlation exists between the formation of thin-grains and Orientation C. Fo",What are the observed orientation relationships (ORs) at the Nb3Sn/Nb interface as identified in the study?,useful
2025-07-16T01:17:06.167460,arXiv_1807.03898,3.2.2 Normal Nb3Sn grain regions (average growth rate: 12 nm/min),One grain (labeled Orientation A) has an orientation relationship with Nb of Nb3Sn (12̅0)//Nb (1̅11),What are the observed orientation relationships (ORs) at the Nb3Sn/Nb interface as identified in the study?,useful
2025-07-16T01:17:06.167460,arXiv_1807.03898,3.2.2 Normal Nb3Sn grain regions (average growth rate: 12 nm/min),"As seen in Fig. 5(c), the electron diffraction pattern of one of the grains at the Nb3Sn/Nb interfac",What are the observed orientation relationships (ORs) at the Nb3Sn/Nb interface as identified in the study?,useful
2025-07-16T01:17:51.656740,arXiv_1807.03898,4.4 Formation of Sn-deficient regions: nucleation and their evolution,"Formulation energy of the Nb anti-site defect has a small formation energy, ~0.3 eV/atom...",How do the first-principles calculations contribute to the understanding of Sn-deficient regions in Nb3Sn coatings?,useful
2025-07-16T01:17:51.656740,arXiv_1807.03898,Conclusions,The Nb3Sn/Nb heterophase interfaces and the crystallographic orientation relationships...play import,How do the first-principles calculations contribute to the understanding of Sn-deficient regions in Nb3Sn coatings?,useful
2025-07-16T01:17:51.657301,arXiv_1807.03898,3.3 Vacancy formation and antisite substitutional behavior in Nb3Sn,"The first-principles calculations indicate that Sn-deficient Nb3Sn is an Nb-antisite compound, with ",How do the first-principles calculations contribute to the understanding of Sn-deficient regions in Nb3Sn coatings?,useful
2025-07-16T01:17:51.657301,arXiv_1807.03898,4.4 Formation of Sn-deficient regions: nucleation and their evolution,The interfacial internal energies at 0 K are calculated by subtracting the total energy of the phase,How do the first-principles calculations contribute to the understanding of Sn-deficient regions in Nb3Sn coatings?,useful
2025-07-16T01:17:51.657301,arXiv_2003.03362,II. EXPERIMENTAL AND THEORETICAL STUDY OF NB3SN DEFECT SEGREGATION,We have systematically investigated the composition of GBs in Nb3Sn coatings...,How do the first-principles calculations contribute to the understanding of Sn-deficient regions in Nb3Sn coatings?,not useful
2025-07-16T01:18:39.771666,arXiv_1808.01293,## I. INTRODUCTION,We use a model of vortex dynamics and collective weak pinning theory to study the dissipation of an ,"What model is used to study the dissipation of an isolated superconducting vortex line, and what are the implications of this model for understanding vortex behavior in superconducting radio-frequency cavities?",useful
2025-07-16T01:18:39.772666,arXiv_1808.01293,#### I. INTRODUCTION,"Our calculations show that the total dissipation, ignoring pinning, predicts not only a constant R0,","What model is used to study the dissipation of an isolated superconducting vortex line, and what are the implications of this model for understanding vortex behavior in superconducting radio-frequency cavities?",useful
2025-07-16T01:18:39.772666,arXiv_1808.01293,# Vortex dynamics and losses due to pinning: Dissipation from trapped magnetic flux in resonant superconducting radio-frequency cavities,"We propose simple formulas describing power losses and crossover behavior, which can be used to guid","What model is used to study the dissipation of an isolated superconducting vortex line, and what are the implications of this model for understanding vortex behavior in superconducting radio-frequency cavities?",useful
2025-07-16T01:18:39.773170,arXiv_1808.01293,### IV. FINAL REMARKS,We describe the low-field linear regime of the sensitivity of the residual resistance to trapped mag,"What model is used to study the dissipation of an isolated superconducting vortex line, and what are the implications of this model for understanding vortex behavior in superconducting radio-frequency cavities?",useful
2025-07-16T01:19:29.520032,arXiv_1808.01293,IV. FINAL REMARKS,"We define a crossover field BX, which increases with both inverse frequency and depinning current, a","How do the authors describe the transition from hysteretic-dominated to viscous-dominated regimes of dissipation, and what factors contribute to this transition in the context of superconducting cavities?",useful
2025-07-16T01:19:29.520032,arXiv_1808.01293,Vortex dynamics and losses due to pinning,We invoke hysteretic losses originating in a rugged pinning potential landscape to explain the linea,"How do the authors describe the transition from hysteretic-dominated to viscous-dominated regimes of dissipation, and what factors contribute to this transition in the context of superconducting cavities?",useful
2025-07-16T01:19:29.520032,arXiv_1808.01293,FINAL REMARKS,We used a model of vortex dynamics and collective weak pinning theory to study vortex dissipation in,"How do the authors describe the transition from hysteretic-dominated to viscous-dominated regimes of dissipation, and what factors contribute to this transition in the context of superconducting cavities?",not useful
2025-07-16T01:19:29.521035,arXiv_2003.03362,ESTIMATES OF VORTEX DISSIPATION AT GRAIN BOUNDARIES,Inhomogeneous properties of superconductors have high impact on the performance of SRF cavities,"How do the authors describe the transition from hysteretic-dominated to viscous-dominated regimes of dissipation, and what factors contribute to this transition in the context of superconducting cavities?",not useful
2025-07-16T01:20:53.817421,arXiv_1808.02864,Abstract,"Here we demonstrate stable, reliable and training-quench-free performance of Bi-2212 racetrack coils",What critical current density was achieved by the Bi-2212 multifilament wires at 30 T and 4.2 K according to the abstract?,useful
2025-07-16T01:21:37.284000,arXiv_1808.02864,Discussion,An important and novel outcome of this work is experimental demonstration of quench-training-free op,How does the quench behavior of Bi-2212 magnets compare to that of Nb-Ti and Nb3Sn magnets as discussed in the paper?,useful
2025-07-16T01:21:37.285517,arXiv_1808.02864,Conclusions,Quenches consistently occurred in the high field regions and exhibited a highly uniform resistive tr,How does the quench behavior of Bi-2212 magnets compare to that of Nb-Ti and Nb3Sn magnets as discussed in the paper?,useful
2025-07-16T01:21:37.286021,arXiv_2203.10564,2.1. Magnet Technology Challenge,"Due to the fast quench propagation velocities (typically 10 m/s for Nb-Ti and Nb3Sn magnets), 100 mV",How does the quench behavior of Bi-2212 magnets compare to that of Nb-Ti and Nb3Sn magnets as discussed in the paper?,useful
2025-07-16T01:22:26.024253,arXiv_2203.10564,1. Introduction and Opportunity,"High field superconducting magnets are used in particle colliders, fusion energy reactors, magnetic ",What applications of high field superconducting magnets are mentioned in the introduction of the paper?,useful
2025-07-16T01:22:26.024756,arXiv_1706.10253,1. Introduction,Current and potential application areas of Nb3Sn superconductors include: dipole and quadrupole magn,What applications of high field superconducting magnets are mentioned in the introduction of the paper?,useful
2025-07-16T01:22:26.024756,arXiv_2203.08309,INTRODUCTION,Accelerator magnets fabricated using high temperature superconductors are going to be an essential e,What applications of high field superconducting magnets are mentioned in the introduction of the paper?,useful
2025-07-16T01:22:26.024756,arXiv_2311.00841,INTRODUCTION,Nb3Sn is widely used for producing superconducting magnet wires. Its high critical temperature Tc(∼ ,What applications of high field superconducting magnets are mentioned in the introduction of the paper?,useful
2025-07-16T01:22:26.025759,arXiv_2406.00817,1 Introduction,The development of modern engineering designs and innovations places new demands on both the superco,What applications of high field superconducting magnets are mentioned in the introduction of the paper?,useful
2025-07-16T01:23:17.792816,arXiv_1808.06731,Competing Orders and Ultrafast Energy Transfer at the Quantum Limit in a Nb3Sn Superconductor Probed by Terahertz Electrodynamics,We report the low–energy electrodynamics of a moderately clean A15 superconductor (SC) following ult,"What experimental technique was used to probe the low-energy electrodynamics in the Nb3Sn superconductor, and what was the significance of the observed non-thermal enhancement in conductivity?",useful
2025-07-16T01:23:17.792816,arXiv_1808.06731,Competing Orders and Ultrafast Energy Transfer at the Quantum Limit in a Nb3Sn Superconductor Probed by Terahertz Electrodynamics,Our results show that the nonequilibrium THz conductivity after fs optical pump excitation (∼1.55eV),"What experimental technique was used to probe the low-energy electrodynamics in the Nb3Sn superconductor, and what was the significance of the observed non-thermal enhancement in conductivity?",useful
2025-07-16T01:23:17.793817,arXiv_1808.06731,Competing Orders and Ultrafast Energy Transfer at the Quantum Limit in a Nb3Sn Superconductor Probed by Terahertz Electrodynamics,We interpret such pump control of conductivity as non-thermal softening of an electronic correlation,"What experimental technique was used to probe the low-energy electrodynamics in the Nb3Sn superconductor, and what was the significance of the observed non-thermal enhancement in conductivity?",useful
2025-07-16T01:24:05.666300,arXiv_1808.06731,Competing Orders and Ultrafast Energy Transfer at the Quantum Limit in a Nb3Sn Superconductor Probed by Terahertz Electrodynamics,We report the low–energy electrodynamics of a moderately clean A15 superconductor (SC) following ult,"How does the fluence dependence of pair breaking kinetics in the superconducting state provide evidence for non-resonant energy transfer, and what are the implications for quasiparticle transport?",useful
2025-07-16T01:24:05.667301,arXiv_1808.06731,Competing Orders and Ultrafast Energy Transfer at the Quantum Limit in a Nb3Sn Superconductor Probed by Terahertz Electrodynamics,Photo-induced QPs gradually close the SC gap 2∆SC. ... The thermalized gap ∆SC (Ipump) and the super,"How does the fluence dependence of pair breaking kinetics in the superconducting state provide evidence for non-resonant energy transfer, and what are the implications for quasiparticle transport?",useful
2025-07-16T01:24:05.667301,arXiv_1808.06731,Competing Orders and Ultrafast Energy Transfer at the Quantum Limit in a Nb3Sn Superconductor Probed by Terahertz Electrodynamics,"Therefore, conductivity at ∆tpp=10 ps for TC is consistent with previous T ∗ model of non-equilibriu","How does the fluence dependence of pair breaking kinetics in the superconducting state provide evidence for non-resonant energy transfer, and what are the implications for quasiparticle transport?",useful
2025-07-16T01:24:58.708378,arXiv_1808.06731,Competing Orders and Ultrafast Energy Transfer...,The competition and interference between SC and other co-existing electronic instabilities appear to,"What role do competing electronic instabilities play in the unique properties of A15 superconductors like Nb3Sn, particularly in relation to the Martensitic normal state transition?",useful
2025-07-16T01:24:58.708378,arXiv_1808.06731,Competing Orders and Ultrafast Energy Transfer...,The comprehensive study of THz electrodynamics of Nb3Sn identifies a competing electronic order in t,"What role do competing electronic instabilities play in the unique properties of A15 superconductors like Nb3Sn, particularly in relation to the Martensitic normal state transition?",useful
2025-07-16T01:24:58.709378,arXiv_2406.00817,3.1 A-15 and other Nb based superconductors,"A-15 compounds, namely Nb3Sn, Nb3Ga and Nb3Al, have been of interest for over 50 years for use in in","What role do competing electronic instabilities play in the unique properties of A15 superconductors like Nb3Sn, particularly in relation to the Martensitic normal state transition?",useful
2025-07-16T01:24:58.709378,arXiv_0907.0411,I. INTRODUCTION,The martensitic transition has generated a great deal of interest but it is still not completely und,"What role do competing electronic instabilities play in the unique properties of A15 superconductors like Nb3Sn, particularly in relation to the Martensitic normal state transition?",useful
2025-07-16T01:24:58.709378,arXiv_1904.08611,I. Introduction,The impact of 2nd order structural phase transitions on emerging superconductivity in charge-density,"What role do competing electronic instabilities play in the unique properties of A15 superconductors like Nb3Sn, particularly in relation to the Martensitic normal state transition?",useful
2025-07-16T01:25:48.185160,arXiv_1810.00858,Abstract,"The spin Hall effect (SHE) is the conversion of charge current to spin current, and non-magnetic met",What are the predicted values of the spin hall conductivities (SHC) for β-W and the A15 family of superconductors mentioned in the abstract?,useful
2025-07-16T01:25:48.185160,arXiv_1810.00858,A15 BAND STRUCTURES AND SPIN HALL CONDUCTIVITIES,TABLE II. spin Hall conductivities of calculated A15 materials at EF | Compounds | W3Ta | W3W | Ta3S,What are the predicted values of the spin hall conductivities (SHC) for β-W and the A15 family of superconductors mentioned in the abstract?,useful
2025-07-16T01:25:48.185160,arXiv_2310.18245,Spin Hall conductivity,"...the SHC at the Fermi level is − 1492.8 (ℏ/e) Scm−1 , − 1423.86 (ℏ/e) Scm−1 and − 1320.2 (ℏ/e) Scm",What are the predicted values of the spin hall conductivities (SHC) for β-W and the A15 family of superconductors mentioned in the abstract?,useful
2025-07-16T01:25:48.185160,arXiv_1505.06393,Comparison of A15's with other superconductor classes; Summary,Comparisons of the properties of the A15's to other superconductors...,What are the predicted values of the spin hall conductivities (SHC) for β-W and the A15 family of superconductors mentioned in the abstract?,not useful
2025-07-16T01:26:36.191288,arXiv_1810.00858,Abstract,We propose a simple strategy to rapidly search for materials with large intrinsic SHEs based on the ,How does the paper propose to rapidly search for materials with large intrinsic spin Hall effects based on electronic structure characteristics?,useful
2025-07-16T01:26:36.191288,arXiv_1810.00858,Abstract,"To test this strategy, we expanded our search for large SHE materials to the whole A15 family of mat",How does the paper propose to rapidly search for materials with large intrinsic spin Hall effects based on electronic structure characteristics?,useful
2025-07-16T01:26:36.191288,arXiv_1810.00858,Abstract,Maximizing the SHE will be a combined effort of first picking a material with a large intrinsic effe,How does the paper propose to rapidly search for materials with large intrinsic spin Hall effects based on electronic structure characteristics?,useful
2025-07-16T01:27:17.606790,arXiv_1810.00858,Abstract,The three major routes to achieving these criteria are a.) using heterostructures of ferromagnetic m,What are the three major routes to achieving the criteria for creating large spin currents as discussed in the introduction?,useful
2025-07-16T01:28:02.128271,arXiv_1810.10569,Abstract,In this letter we demonstrate the development of ternary Nb3Sn multifilamentary conductors ... *Bc2*,"What are the key performance metrics of the ternary Nb3Sn multifilamentary conductors demonstrated in the study, specifically regarding their upper critical field and irreversible field values?",useful
2025-07-16T01:29:57.831245,arXiv_1903.08121,Introduction,The proposed High-Energy Large Hadron Collider (HE-LHC) upgrade as well as Future Circular Collider ,"What are the proposed specifications for Nb3Sn conductors needed for future colliders, and why is achieving a higher *J<sup>c</sup>* critical current density crucial for these applications?",useful
2025-07-16T01:29:57.831245,arXiv_1903.08121,Introduction,"Conductor *Jc,non-Cu* is a critical factor for such large machines because building 16 T magnets wit","What are the proposed specifications for Nb3Sn conductors needed for future colliders, and why is achieving a higher *J<sup>c</sup>* critical current density crucial for these applications?",useful
2025-07-16T01:29:57.832751,arXiv_2306.13071,Introduction,To create high-field large-aperture quadrupole MQXF and high-field 11-T dipoles for the high-luminos,"What are the proposed specifications for Nb3Sn conductors needed for future colliders, and why is achieving a higher *J<sup>c</sup>* critical current density crucial for these applications?",useful
2025-07-16T01:29:57.832751,arXiv_2306.13071,Introduction,"To achieve this, various manufacturing methods and designs of multifilamentary wires have been propo","What are the proposed specifications for Nb3Sn conductors needed for future colliders, and why is achieving a higher *J<sup>c</sup>* critical current density crucial for these applications?",useful
2025-07-16T01:29:57.832751,arXiv_2306.10866,Introduction,"However, the performance of present state-of-the-art commercial Nb3Sn superconductor materials still","What are the proposed specifications for Nb3Sn conductors needed for future colliders, and why is achieving a higher *J<sup>c</sup>* critical current density crucial for these applications?",useful
2025-07-16T01:30:47.974753,arXiv_1810.13301,# CRITICAL FIELDS OF Nb3Sn PREPARED FOR SUPERCONDUCTING CAVITIES,Critical fields above 120 mT in pulsed operation and about 80 mT in CW have been achieved in cavity ,"What are the critical fields achieved in Nb3Sn cavities during pulsed and continuous wave operations, and how do they compare to the lower critical field derived from the London penetration depth?",useful
2025-07-16T01:30:47.974753,arXiv_1810.13301,## VI. CONCLUSION,The combined results confirm that Nb3Sn cavities are indeed operated in a metastable state above the,"What are the critical fields achieved in Nb3Sn cavities during pulsed and continuous wave operations, and how do they compare to the lower critical field derived from the London penetration depth?",useful
2025-07-16T01:30:47.974753,arXiv_2410.20078,#### I. INTRODUCTION,"The theoretical predictions for Nb3Sn suggest higher operational limits, being above the lower criti","What are the critical fields achieved in Nb3Sn cavities during pulsed and continuous wave operations, and how do they compare to the lower critical field derived from the London penetration depth?",useful
2025-07-16T01:32:25.983966,arXiv_1810.13301,## I. INTRODUCTION,The performance of Nb as a material for superconducting radiofrequency (SRF) cavities is reaching fu,"How does the critical temperature and Ginzburg Landau parameter of Nb3Sn compare to that of Nb, and what implications does this have for the operation of RF cavities?",useful
2025-07-16T01:32:25.983966,arXiv_2007.07103,### **1. Introduction**,Nb3Sn is of interest as a coating for superconducting radiofrequency (SRF) cavities due to its highe,"How does the critical temperature and Ginzburg Landau parameter of Nb3Sn compare to that of Nb, and what implications does this have for the operation of RF cavities?",useful
2025-07-16T01:32:25.983966,arXiv_2008.00599,## **I. Introduction**,Superconducting radiofrequency (SRF) cavities are widely used for particle beam acceleration because,"How does the critical temperature and Ginzburg Landau parameter of Nb3Sn compare to that of Nb, and what implications does this have for the operation of RF cavities?",useful
2025-07-16T01:32:25.983966,arXiv_2410.20078,#### I. INTRODUCTION,"Among these materials, Nb3Sn has emerged as a promising candidate; Nb3Sn boasts both a higher critic","How does the critical temperature and Ginzburg Landau parameter of Nb3Sn compare to that of Nb, and what implications does this have for the operation of RF cavities?",useful
2025-07-16T01:32:25.983966,arXiv_1907.00476,# **1. Introduction**,"With the substantially higher critical temperature (Tc ~18 K) of Nb3Sn compared to Nb [3-5], 1.3 GHz","How does the critical temperature and Ginzburg Landau parameter of Nb3Sn compare to that of Nb, and what implications does this have for the operation of RF cavities?",useful
2025-07-16T01:33:22.613659,arXiv_1810.13301,## VI. CONCLUSION,"these results have been compared to theoretical field limitations, i.e. the lower critical field Hc1","What experimental methods were used to measure the London penetration depth and the field of first vortex penetration for Nb3Sn, and what conclusions can be drawn from these measurements regarding its operational limits?",useful
2025-07-16T01:33:22.614659,arXiv_1810.13301,# CRITICAL FIELDS OF Nb3Sn PREPARED FOR SUPERCONDUCTING CAVITIES,direct measurements of the London penetration depth from which the lower critical field and the supe,"What experimental methods were used to measure the London penetration depth and the field of first vortex penetration for Nb3Sn, and what conclusions can be drawn from these measurements regarding its operational limits?",useful
2025-07-16T01:33:22.614659,arXiv_1810.13301,## V. DISCUSSION,Hc1 is found to be consistent with the DC field of first vortex penetration measured with surface mu,"What experimental methods were used to measure the London penetration depth and the field of first vortex penetration for Nb3Sn, and what conclusions can be drawn from these measurements regarding its operational limits?",useful
2025-07-16T01:33:22.614659,arXiv_2402.15500,### **V. CONCLUSION**,"Using SR, we measured the depth-dependence of the vortex penetration field in Nb ellipsoids that rec","What experimental methods were used to measure the London penetration depth and the field of first vortex penetration for Nb3Sn, and what conclusions can be drawn from these measurements regarding its operational limits?",useful
2025-07-16T01:34:10.977722,arXiv_1811.08867,Abstract,"A surprising result of this work is that we found better properties in Nb4Ta1Hf without SnO2, *F*pMa",What are the specific benefits of adding Hf to the Nb4Ta alloy in terms of vortex pinning and critical current density?,useful
2025-07-16T01:34:10.977722,arXiv_1811.08867,5. Conclusions,We have demonstrated that adding 1Hf or 1Zr to Nb4Ta greatly reduces the *H*Irr suppression encounte,What are the specific benefits of adding Hf to the Nb4Ta alloy in terms of vortex pinning and critical current density?,useful
2025-07-16T01:34:10.978305,arXiv_2412.09514,Conclusion,"Alloying of Hf into Nb, specifically with a Nb4Ta base, enhances *Hc2* leading to significant perfor",What are the specific benefits of adding Hf to the Nb4Ta alloy in terms of vortex pinning and critical current density?,useful
2025-07-16T01:34:56.015506,arXiv_1811.08867,5. Conclusions,The highest *H*Irr and the best vortex pinning performance were obtained with a Nb4Ta1Hf alloy witho,How does the presence of an oxygen source influence the properties of Nb4Ta1Hf and Nb4Ta1Zr alloys in comparison to the standard Nb4Ta alloy?,useful
2025-07-16T01:34:56.015506,arXiv_1811.08867,4. Discussion,"However, in this comparison of properties with and without SnO2, we note that we do still see a smal",How does the presence of an oxygen source influence the properties of Nb4Ta1Hf and Nb4Ta1Zr alloys in comparison to the standard Nb4Ta alloy?,useful
2025-07-16T01:34:56.016019,arXiv_1811.08867,Abstract,A surprising result of this work is that we found better properties in Nb4Ta1Hf without SnO2 ... whi,How does the presence of an oxygen source influence the properties of Nb4Ta1Hf and Nb4Ta1Zr alloys in comparison to the standard Nb4Ta alloy?,useful
2025-07-16T01:35:43.297059,arXiv_1811.08867,Abstract,"a non-Cu *Jc* of 2200 A/mm2 is obtainable in modern conductors, well above the 1500 A/mm2 FCC specif","In what ways does the maximum critical current density (Jc) achieved in Nb4Ta1Hf compare to the FCC specification, and what manufacturing implications does this have?",useful
2025-07-16T01:35:43.298061,arXiv_1811.08867,5. Conclusions,The highest *H*Irr and the best vortex pinning performance were obtained with a Nb4Ta1Hf alloy ... i,"In what ways does the maximum critical current density (Jc) achieved in Nb4Ta1Hf compare to the FCC specification, and what manufacturing implications does this have?",useful
2025-07-16T01:35:43.298061,arXiv_2301.02571,1. Introduction,"To build a magnet with a specific field target, using conductors with a low *Jc* would require a lar","In what ways does the maximum critical current density (Jc) achieved in Nb4Ta1Hf compare to the FCC specification, and what manufacturing implications does this have?",useful
2025-07-16T01:36:28.664125,arXiv_1812.09308,Ag-Au alloys BCS-like Superconductors?,"Indeed, in the structures we predicted, as will be shown below, that the 9*R*-like Ag-Au alloy struc",What are the estimated superconducting transition temperatures for stable and metastable Ag-Au alloys mentioned in the paper?,useful
2025-07-16T01:36:28.664125,arXiv_1812.09308,Ag-Au alloys BCS-like Superconductors?,the estimated superconducting transition temperatures (*T*c) of the ensued stable and metastable Ag-,What are the estimated superconducting transition temperatures for stable and metastable Ag-Au alloys mentioned in the paper?,useful
2025-07-16T01:36:28.664125,arXiv_1812.09308,Ag-Au alloys BCS-like Superconductors?,we do not find signature of superconductivity above 1 mK. The chief reasons could be that it may wel,What are the estimated superconducting transition temperatures for stable and metastable Ag-Au alloys mentioned in the paper?,useful
2025-07-16T01:37:10.394524,arXiv_1812.09308,Ag-Au alloys BCS-like Superconductors?,the wellcharacterized binary superconducting compounds are: the pretty Laves Au2Bi39 and A15 Nb3Au40,"Which known superconducting intermetallic compounds containing gold are discussed, and what are their predicted *T*c values?",useful
2025-07-16T01:37:53.306395,arXiv_1812.09308,Introduction,"In light of this, over the period of more than a century, a vast number of diverse materials... with",What experimental observation prompted the authors to investigate Ag-Au alloys for superconductivity?,useful
2025-07-16T01:37:53.307396,arXiv_1812.09308,Ag-Au alloys BCS-like Superconductors?,"To this effect, in recent experiments, Thapa and Pandey observed signals for room temperature superc",What experimental observation prompted the authors to investigate Ag-Au alloys for superconductivity?,useful
2025-07-16T01:38:38.336080,arXiv_2008.11656,Abstract,We used a dielectric loaded resonator tuned at 15 GHz to evaluate the surface impedance Z of a Nb3Sn,"What methodology was used to measure the surface impedance of Nb3Sn at high magnetic fields, and what significance do the results have on understanding vortex motion?",useful
2025-07-16T01:38:38.336080,arXiv_1901.03819,Abstract,We present for the first time surface impedance (Zs) measurements at 15 GHz on Nb3Sn in high magneti,"What methodology was used to measure the surface impedance of Nb3Sn at high magnetic fields, and what significance do the results have on understanding vortex motion?",useful
2025-07-16T01:38:38.336080,arXiv_1901.03819,Conclusion,The Nb3Sn surface impedance Zs was evaluated in the mixed state to obtain information about the diss,"What methodology was used to measure the surface impedance of Nb3Sn at high magnetic fields, and what significance do the results have on understanding vortex motion?",useful
2025-07-16T01:38:38.336080,arXiv_1810.13301,Conclusion,In this study the maximum RF and DC fields of Nb3Sn prepared for SRF application have been measured.,"What methodology was used to measure the surface impedance of Nb3Sn at high magnetic fields, and what significance do the results have on understanding vortex motion?",not useful
2025-07-16T01:38:38.337081,arXiv_2112.12775,Materials under investigation,The perspective application of four different superconductive materials to the realization of halosc,"What methodology was used to measure the surface impedance of Nb3Sn at high magnetic fields, and what significance do the results have on understanding vortex motion?",not useful
2025-07-16T01:39:25.946254,arXiv_1810.13301,I. INTRODUCTION,"Nb3Sn has a critical temperature of approximately 18 K, while pure Nb has a Tc of about 9.25 K...","How do the critical temperature and superheating field of Nb3Sn compare to pure Nb, and why is this comparison important for RF applications?",useful
2025-07-16T01:39:25.946254,arXiv_1901.03819,I. INTRODUCTION,"Nb3Sn boasts a superheating field of about 400 mT, compared to about 240 mT for Nb...","How do the critical temperature and superheating field of Nb3Sn compare to pure Nb, and why is this comparison important for RF applications?",useful
2025-07-16T01:39:25.946254,arXiv_2410.20078,I. INTRODUCTION,The comparison of critical parameters like Tc and Hsh between Nb and Nb3Sn is important...,"How do the critical temperature and superheating field of Nb3Sn compare to pure Nb, and why is this comparison important for RF applications?",useful
2025-07-16T01:39:25.946254,arXiv_2109.07066,1. Introduction,"Nb3Sn can operate at higher temperatures (4.2 K) than Nb (2 K), thus reducing cooling costs...","How do the critical temperature and superheating field of Nb3Sn compare to pure Nb, and why is this comparison important for RF applications?",useful
2025-07-16T01:40:15.635846,arXiv_2409.01569,Abstract,the rough topography of vapor-diffused Nb3Sn is widely conjectured to be one of the factors that lim,"What limitations of Nb3Sn cavities are discussed in relation to peak surface magnetic fields, and what implications does this have for future technological developments?",useful
2025-07-16T01:40:15.636348,arXiv_1810.13301,## I. INTRODUCTION,to operate RF cavities at 4.2 K with the same losses as for Nb at 2 K,"What limitations of Nb3Sn cavities are discussed in relation to peak surface magnetic fields, and what implications does this have for future technological developments?",useful
2025-07-16T01:40:15.636348,arXiv_1907.00476,# **1. Introduction**,"the performance of these Nb3Sn cavities has, however, been limited to an accelerating field of 14-17","What limitations of Nb3Sn cavities are discussed in relation to peak surface magnetic fields, and what implications does this have for future technological developments?",useful
2025-07-16T01:40:15.636348,arXiv_2008.00599,## **Advances in Nb3Sn superconducting radiofrequency cavities towards first practical accelerator applications**,significantly reduced surface roughness and smaller film thickness compared to typical Nb3Sn films f,"What limitations of Nb3Sn cavities are discussed in relation to peak surface magnetic fields, and what implications does this have for future technological developments?",useful
2025-07-16T01:42:05.523325,arXiv_1903.08121,Abstract,"In this letter we demonstrate achievement of record non-Cu critical current density (*Jc,non-Cu*) in",How do the properties of artificial pinning centers (APC) contribute to the enhancement of the upper critical field (*Bc2*) in Nb3Sn superconductors?,useful
2025-07-16T01:42:05.523325,arXiv_1810.10569,Conclusions,"Although the APC technique was first realized in Nb3Sn wires in 2014, focused development of ternary",How do the properties of artificial pinning centers (APC) contribute to the enhancement of the upper critical field (*Bc2*) in Nb3Sn superconductors?,useful
2025-07-16T01:42:05.523325,arXiv_1706.10253,Abstract,Nb3Sn superconductors have significant applications in constructing high-field (> 10 T) magnets. ...,How do the properties of artificial pinning centers (APC) contribute to the enhancement of the upper critical field (*Bc2*) in Nb3Sn superconductors?,useful
2025-07-16T01:42:56.971349,arXiv_1810.10569,## **1. Introduction**,"The Jc of the state-of-the-art Nb3Sn conductors, which are the rod-restack-process (RRP) type, is no","What challenges does the rod-restack-process (RRP) face in meeting the FCC specifications for *Jc,non-Cu*, and what historical efforts have been made to address these challenges?",useful
2025-07-16T01:42:56.971858,arXiv_1810.10569,## **1. Introduction**,"Extensive efforts have been made to improve the Jc level, including fine tuning of precursors such a","What challenges does the rod-restack-process (RRP) face in meeting the FCC specifications for *Jc,non-Cu*, and what historical efforts have been made to address these challenges?",useful
2025-07-16T01:42:56.971858,arXiv_1810.10569,## **1. Introduction**,These efforts have led to significant improvement of performance of the APC conductors in the past t,"What challenges does the rod-restack-process (RRP) face in meeting the FCC specifications for *Jc,non-Cu*, and what historical efforts have been made to address these challenges?",useful
2025-07-16T01:42:56.971858,arXiv_1811.08867,#### **1. Introduction**,To achieve such not yet achieved dipole fields requires magnet conductors with the not yet achieved ,"What challenges does the rod-restack-process (RRP) face in meeting the FCC specifications for *Jc,non-Cu*, and what historical efforts have been made to address these challenges?",useful
2025-07-16T01:42:56.972862,arXiv_2301.02571,## **1. Introduction**,After a steady increase for about three decades...the critical current density (Jc) of Nb3Sn conduct,"What challenges does the rod-restack-process (RRP) face in meeting the FCC specifications for *Jc,non-Cu*, and what historical efforts have been made to address these challenges?",useful
2025-07-16T01:43:42.522547,arXiv_1904.08611,Conclusion,we have made an inelastic x-ray scattering investigation of the lattice dynamics of V3Si.,"What experimental technique is used to investigate the lattice dynamics in V3Si, as mentioned in the abstract?",useful
2025-07-16T01:43:42.522547,arXiv_2304.10766,Abstract,"Here, we report the first low-temperature scanning tunnelling microscopy (STM) study on cleaned V3Si","What experimental technique is used to investigate the lattice dynamics in V3Si, as mentioned in the abstract?",useful
2025-07-16T01:44:31.642888,arXiv_1904.08611,V.2 Phonons in the superconducting state,"However, we want to connect to previous reports of phonons in A15 compounds and other conventional s",What is the significance of the soft phonon mode observed just above the superconducting transition temperature in V3Si?,useful
2025-07-16T01:44:31.642888,arXiv_1904.08611,I. Introduction,The relevance of these soft phonon modes for an increased T_c was discussed early on.,What is the significance of the soft phonon mode observed just above the superconducting transition temperature in V3Si?,useful
2025-07-16T01:44:31.643442,arXiv_1904.08611,Electron-phonon coupling and superconductivity-induced distortions of the phonon lineshape in V3Si,...we report a combined experimental and theoretical investigation of lattice dynamics in V3Si with ,What is the significance of the soft phonon mode observed just above the superconducting transition temperature in V3Si?,useful
2025-07-16T01:44:31.643442,arXiv_1904.08611,I. Introduction,We demonstrate that phonon lineshapes obtained in the superconducting phase are asymmetric and well-,What is the significance of the soft phonon mode observed just above the superconducting transition temperature in V3Si?,useful
2025-07-16T01:44:31.643442,arXiv_1311.3420,INTRODUCTION,Superconductivity in V3Si has been studied since 1953...,What is the significance of the soft phonon mode observed just above the superconducting transition temperature in V3Si?,not useful
2025-07-16T01:44:31.643442,arXiv_1311.3420,INTRODUCTION,"V3Si is a member of the A15 superconductors, whose crystal structure changes...",What is the significance of the soft phonon mode observed just above the superconducting transition temperature in V3Si?,not useful
2025-07-16T01:45:18.157107,arXiv_1904.08611,VII. Conclusion,Analysis of a long-time published data set showing - induced effects for phonons in the A15 compound,How does the model proposed by Allen et al. explain the superconductivity-induced anomalies in the phonon lineshape?,useful
2025-07-16T01:45:18.157107,arXiv_1904.08611,V.2 Phonons in the superconducting state,We will demonstrate that a theory provided by Allen et al. predicts the phonon lineshapes in the sup,How does the model proposed by Allen et al. explain the superconductivity-induced anomalies in the phonon lineshape?,useful
2025-07-16T01:45:18.157107,arXiv_1904.08611,V.2 Phonons in the superconducting state,"In fact, we have used this theory to explain inelastic neutron scattering results in YNi2B2C as well",How does the model proposed by Allen et al. explain the superconductivity-induced anomalies in the phonon lineshape?,useful
2025-07-16T01:46:02.027423,arXiv_1907.00476,Conclusions,"this article describes the use of atom-probe tomography (APT), high-resolution scanning transmission",What experimental techniques were utilized to analyze the grain boundary structures in Nb3Sn coatings?,useful
2025-07-16T01:46:02.027423,arXiv_2008.00599,Microscopy of Nb3Sn coatings,"Nb3Sn samples were analyzed using optical, laser confocal, scanning electron (SEM), and transmission",What experimental techniques were utilized to analyze the grain boundary structures in Nb3Sn coatings?,useful
2025-07-16T01:46:47.914047,arXiv_1907.00476,Conclusions,Tin segregation is observed at GBs in some Nb3Sn coatings and it is attributed to Sn short-circuit d,How does the chemical composition of the grain boundaries in Nb3Sn coatings influence the performance of superconducting radiofrequency cavities?,useful
2025-07-16T01:46:47.914047,arXiv_1907.00476,Conclusions,The amount of Sn segregation at a GB during the coating process is correlated with two factors: (1) ,How does the chemical composition of the grain boundaries in Nb3Sn coatings influence the performance of superconducting radiofrequency cavities?,useful
2025-07-16T01:46:47.914047,arXiv_1907.00476,Conclusions,The investigation demonstrates that high-performance Nb3Sn SRF cavities are achieved when GBs in Nb3,How does the chemical composition of the grain boundaries in Nb3Sn coatings influence the performance of superconducting radiofrequency cavities?,useful
2025-07-16T01:46:47.914047,arXiv_2003.03362,Analysis of Magnetic Vortex Dissipation,We estimate that the quality factor may decrease by an order of magnitude (1010 to 109) at typical o,How does the chemical composition of the grain boundaries in Nb3Sn coatings influence the performance of superconducting radiofrequency cavities?,useful
2025-07-16T01:46:47.915048,arXiv_2005.12133,Superconductivity and grain boundary composition,The reduction in Tc to be wider and much deeper for the tin-rich boundary than for the clean boundar,How does the chemical composition of the grain boundaries in Nb3Sn coatings influence the performance of superconducting radiofrequency cavities?,useful
2025-07-16T01:47:35.660186,arXiv_1907.00476,Abstract,the amount of Sn segregation in a Nb3Sn coating can be controlled by: (i) Sn flux; and (ii) the temp,What factors control the amount of Sn segregation in the Nb3Sn coatings during the coating process?,useful
2025-07-16T01:47:35.660186,arXiv_1907.00476,4.3. Controlling the chemical compositions of Nb3Sn GBs by growth processes,Sn segregation at GBs disappears and Nb segregates at the GBs of some Nb3Sn coated films utilizing p,What factors control the amount of Sn segregation in the Nb3Sn coatings during the coating process?,useful
2025-07-16T01:47:35.660186,arXiv_1807.03898,4.1 Effect of Sn-flux (growth rate) on the microstructure of Nb3Sn on Nb,the Sn-flux has a strong influence on the kinetics of Nb3Sn's nucleation and growth during the coati,What factors control the amount of Sn segregation in the Nb3Sn coatings during the coating process?,useful
2025-07-16T01:48:22.452439,arXiv_1908.07548,Conclusions,I...the heat treatment temperature (in the 606-727 °C range) changes the dopant occupancy in the Nb3,What are the implications of different heat treatment temperatures on Ta and Ti site occupancy in the A15 structure observed in the study?,useful
2025-07-16T01:48:22.452439,arXiv_1908.07548,Conclusions,The fraction of Ta on the Sn site drastically decreases when the heat treatment temperature increase,What are the implications of different heat treatment temperatures on Ta and Ti site occupancy in the A15 structure observed in the study?,useful
2025-07-16T01:48:22.452439,arXiv_1908.07548,EXAFS characterization of RRP® wires,Ti always sits on the Nb site independent of the heat treatment temperature.,What are the implications of different heat treatment temperatures on Ta and Ti site occupancy in the A15 structure observed in the study?,useful
2025-07-16T01:49:03.608052,arXiv_1908.07548,Abstract,We found that the pinning force curves of commercial Ti and Ta doped wires at different temperatures,"How do the pinning force curves of commercial Ti and Ta doped wires behave at varying temperatures, and what does this indicate about the reliability of Kramer extrapolation for estimating high-field performance?",useful
2025-07-16T01:49:03.608052,arXiv_1908.07548,5. Conclusions,The high field measurements reported here reveal that the pinning force curves taken at different te,"How do the pinning force curves of commercial Ti and Ta doped wires behave at varying temperatures, and what does this indicate about the reliability of Kramer extrapolation for estimating high-field performance?",useful
2025-07-16T01:49:03.608052,arXiv_1908.07548,4.1 High-field characterization and HIrr,Our high field results show that the typically used Kramer extrapolation fails to accurately predict,"How do the pinning force curves of commercial Ti and Ta doped wires behave at varying temperatures, and what does this indicate about the reliability of Kramer extrapolation for estimating high-field performance?",useful
2025-07-16T01:49:49.493802,arXiv_1811.08867,Abstract,Recent success with internal oxidation of Nb-Zr precursor has shown significant improvement in the l,What specific performance improvements were observed in new laboratory scale conductors made with Nb-Ta-Hf alloy compared to traditional Nb3Sn wires?,useful
2025-07-16T01:49:49.494803,arXiv_1811.08867,Abstract,"The highest layer *Jc*(16 T, 4.2 K) of 3700 A/mm2 was found in the SnO2 free wire made with Nb4Ta1Hf",What specific performance improvements were observed in new laboratory scale conductors made with Nb-Ta-Hf alloy compared to traditional Nb3Sn wires?,useful
2025-07-16T01:49:49.494803,arXiv_1908.07548,Abstract,"This study we investigated the impact of Ta, Ti and Hf doping on the high-field pinning properties, ",What specific performance improvements were observed in new laboratory scale conductors made with Nb-Ta-Hf alloy compared to traditional Nb3Sn wires?,useful
2025-07-16T01:49:49.494803,arXiv_1908.07548,Abstract,"This work reveals the still limited understanding of what determines *Hc2*, *HIrr* and the high-fiel",What specific performance improvements were observed in new laboratory scale conductors made with Nb-Ta-Hf alloy compared to traditional Nb3Sn wires?,useful
2025-07-16T01:49:49.494803,arXiv_1908.07548,Conclusions,The high field measurements reported here reveal that the pinning force curves taken at different te,What specific performance improvements were observed in new laboratory scale conductors made with Nb-Ta-Hf alloy compared to traditional Nb3Sn wires?,useful
2025-07-16T01:50:40.454046,arXiv_1908.10007,Enhancement of the upper critical field in the cubic Laves-phase superconductor HfV<sup>2</sup> by Nb doping,"Upon Nb doping, while the structural transition is suppressed for x ≥ 0.1, a maximum in Tc of 10.1 K",What is the effect of Nb doping on the upper critical field and transition temperature of HfV2 samples with varying x values?,useful
2025-07-16T01:50:40.454046,arXiv_1908.10007,Conclusion,"In summary, we have studied the superconducting properties, with focus on the upper critical field, ",What is the effect of Nb doping on the upper critical field and transition temperature of HfV2 samples with varying x values?,useful
2025-07-16T01:50:40.454046,arXiv_1908.10007,Enhancement of the upper critical field in the cubic Laves-phase superconductor HfV<sup>2</sup> by Nb doping,"Hence one could see that Tc increases with increasing N(EF), which explains the enhancement of Tc by",What is the effect of Nb doping on the upper critical field and transition temperature of HfV2 samples with varying x values?,useful
2025-07-16T01:50:40.454046,arXiv_1908.10007,Results and Discussion,"For HfV2 (x = 0), the transition starts at ∼9.6 K...  Upon Nb doping, the resistive transition sharp",What is the effect of Nb doping on the upper critical field and transition temperature of HfV2 samples with varying x values?,useful
2025-07-16T01:51:23.544944,arXiv_1908.10007,Conclusion,the martensitic structural transition is suppressed for x ≥ 0.1...,"How does the structural transition of undoped HfV2 compare to that of Nb doped samples, especially at x = 0.1 and above?",useful
2025-07-16T01:51:23.544944,arXiv_1908.10007,Results and Discussion,the occurrence of SC in these HfV2−xNbx samples is corroborated by the magnetic susceptibility resul,"How does the structural transition of undoped HfV2 compare to that of Nb doped samples, especially at x = 0.1 and above?",useful
2025-07-16T01:52:44.339267,arXiv_1908.10007,# Enhancement of the upper critical field in the cubic Laves-phase superconductor HfV2 by Nb doping,the temperature dependence of Bc2 can be well described by the Werthamer-Helfand-Hohenberg (WHH) the,"What theoretical framework is used to describe the temperature dependence of Bc2 in the HfV2−xNb^x samples, and what effects does this framework take into account?",useful
2025-07-16T01:52:44.339267,arXiv_1908.10007,## 4. Conclusion,The Bc2(T) data of all samples are found to be well described by the WHH model considering the spin ,"What theoretical framework is used to describe the temperature dependence of Bc2 in the HfV2−xNb^x samples, and what effects does this framework take into account?",useful
2025-07-16T01:54:14.515233,arXiv_1909.05695,IX. CONCLUSION,Samples from these areas were extracted and analyzed with different materials characterization techn,What methods were used for material characterization of the lossy regions identified in the thermometry mapping system?,useful
2025-07-16T01:54:14.515233,arXiv_1909.05695,I. INTRODUCTION,The identified coating structure and surface features were correlated to RF losses.,What methods were used for material characterization of the lossy regions identified in the thermometry mapping system?,useful
2025-07-16T01:54:14.515233,arXiv_2302.02054,Author contributions,Z.B. performed STEM/EDS experiments and analyses on cross-sectional phase/grain/composition imaging.,What methods were used for material characterization of the lossy regions identified in the thermometry mapping system?,useful
2025-07-16T01:55:54.373932,arXiv_2504.12028,Abstract,The ongoing R&D High-Temperature Superconductors (HTS) suggests using Bi2Sr2CaCu2O8−x (Bi-2212) as s,What is the main purpose of the research conducted in this paper regarding Nb3Sn Rutherford cables?,useful
2025-07-16T01:55:54.374446,arXiv_2008.07403,Abstract,"This paper describes a novel stress management approach, which was developed at Fermilab for high-fi",What is the main purpose of the research conducted in this paper regarding Nb3Sn Rutherford cables?,useful
2025-07-16T01:56:36.560929,arXiv_1909.13543,# Conclusions,The comparison of Ic() measurements performed at B = 16 T and B = 19 T shows that the fraction of cr,"How does the irreversible stress limit, irr, vary with the applied magnetic field based on the findings presented?",useful
2025-07-16T01:56:36.560929,arXiv_1909.13543,### Results and discussion,"irr is found to depend on the magnetic field. Its value at 16 T is 135 MPa, i.e. 25 MPa higher compa","How does the irreversible stress limit, irr, vary with the applied magnetic field based on the findings presented?",useful
2025-07-16T01:57:23.071780,arXiv_1909.13543,Conclusions,Tests were performed on single wires that were resin-impregnated similarly to the wires in the Ruthe,What experimental method was used to investigate the stress dependence of the critical current in Nb3Sn wires?,useful
2025-07-16T01:57:23.071780,arXiv_1909.13543,Abstract,Tests were performed in magnetic fields ranging between 16 T and 19 T on wires that were resin-impre,What experimental method was used to investigate the stress dependence of the critical current in Nb3Sn wires?,useful
2025-07-16T01:57:23.071780,arXiv_1401.2843,I. INTRODUCTION,"The critical properties of Nb3Sn (Tc, Bc2, Jc) vary considerably with the mechanical stress applied ",What experimental method was used to investigate the stress dependence of the critical current in Nb3Sn wires?,not useful
2025-07-16T01:57:23.071780,arXiv_2205.12864,I. Introduction,The strain and field ramp functional form significantly impact the thermomagnetic instabilities in N,What experimental method was used to investigate the stress dependence of the critical current in Nb3Sn wires?,not useful
2025-07-16T01:58:11.271250,arXiv_1910.00686,# Superconductivity in Nb5Ir3−*x*Pt*x*O,both end-members of Nb5Ir3O and Nb5Pt3O are reported to be superconductors with *T*c of 10.5 K and 3,What are the superconducting critical temperatures of the end-members Nb5Ir3O and Nb5Pt3O mentioned in the paper?,useful
2025-07-16T01:58:11.272258,arXiv_1910.00686,## 4. Summary,"Although the lattice parameters linearly depend on *x*, *T*c hardly changes up to *x* ∼ 0.6, suggest",What are the superconducting critical temperatures of the end-members Nb5Ir3O and Nb5Pt3O mentioned in the paper?,useful
2025-07-16T01:58:11.272258,arXiv_cond-mat_0403590,## **Abstract**,"We present new specific heat data for Nb3Sn, a well-known technically applied superconductor...",What are the superconducting critical temperatures of the end-members Nb5Ir3O and Nb5Pt3O mentioned in the paper?,not useful
2025-07-16T01:58:11.272766,arXiv_1910.00686,## 3. Results and Discussion,Figure 2(a) shows the XRD patterns of representative samples...,What are the superconducting critical temperatures of the end-members Nb5Ir3O and Nb5Pt3O mentioned in the paper?,not useful
2025-07-16T01:58:58.895545,arXiv_1910.00686,3. Results and Discussion,"By increasing *x*, *a* (*c*) linearly expands (shrinks), which means an enhanced one-dimensional nat",How does the lattice parameter *a* affect the one-dimensional nature of the atomic chains in Nb5Ir3O?,useful
2025-07-16T01:58:58.895545,arXiv_1910.00686,1. Introduction,An expansion of lattice parameter *a* would enhance the one-dimensional nature of octahedral Nb26 an,How does the lattice parameter *a* affect the one-dimensional nature of the atomic chains in Nb5Ir3O?,useful
2025-07-16T01:59:47.410926,arXiv_1910.00686,4. Summary,"Although the lattice parameters linearly depend on *x*, *T*c hardly changes up to *x* ∼ 0.6, suggest",What comparison is made regarding the nonlinear *T*<sup>c</sup> vs *x* plot of Nb5Ir3−*x*Pt*x*O in relation to other two-gap superconductors?,useful
2025-07-16T01:59:47.410926,arXiv_1910.00686,4. Summary,"Combining *T*c data of the other Mn5Si3 or Ti5Ga4-type superconductors, the *T*c vs VEC plot is cons",What comparison is made regarding the nonlinear *T*<sup>c</sup> vs *x* plot of Nb5Ir3−*x*Pt*x*O in relation to other two-gap superconductors?,useful
2025-07-16T01:59:47.410926,arXiv_1910.00686,3. Results and Discussion,Our study might indicate that two-gap superconductivity ascribed to the Nb atoms is rather robust ag,What comparison is made regarding the nonlinear *T*<sup>c</sup> vs *x* plot of Nb5Ir3−*x*Pt*x*O in relation to other two-gap superconductors?,useful
2025-07-16T02:00:34.710892,arXiv_1910.02996,Variation of shear moduli across superconducting phase transitions,the Fe-based and the A15 systems are notable exceptions where the change is boosted by five orders o,"What are the notable exceptions regarding the change in shear moduli across superconducting phase transitions, and what is the underlying reason for this boost?",useful
2025-07-16T02:00:34.711404,arXiv_1910.02996,Variation of shear moduli across superconducting phase transitions,this increase of δcs/|cm s| by five orders of magnitude compared to the standard behavior cannot be ,"What are the notable exceptions regarding the change in shear moduli across superconducting phase transitions, and what is the underlying reason for this boost?",useful
2025-07-16T02:00:34.711404,arXiv_1910.02996,Variation of shear moduli across superconducting phase transitions,"For systems with large nematic correlation length ξ l, where l is the interatomic distance, the para","What are the notable exceptions regarding the change in shear moduli across superconducting phase transitions, and what is the underlying reason for this boost?",useful
2025-07-16T02:02:17.984284,arXiv_1910.02996,Variation of shear moduli across superconducting phase transitions,The Fe-based and the A15 systems are notable exceptions where the change is boosted by five orders o,"What is the correlation between nematicity and superconducting orders in the context of the Fe-based systems, and how does it relate to the overall phase diagram discussed in the paper?",useful
2025-07-16T02:02:17.984284,arXiv_1910.02996,Variation of shear moduli across superconducting phase transitions,For sufficiently large λ0 > 0 the elastic constant hardens immediately upon entering the superconduc,"What is the correlation between nematicity and superconducting orders in the context of the Fe-based systems, and how does it relate to the overall phase diagram discussed in the paper?",useful
2025-07-16T02:02:17.984284,arXiv_1910.02996,Variation of shear moduli across superconducting phase transitions,The back-bending of the nematic transition line Ts(x) in the superconducting phase due to strong int,"What is the correlation between nematicity and superconducting orders in the context of the Fe-based systems, and how does it relate to the overall phase diagram discussed in the paper?",useful
2025-07-16T02:03:02.760620,arXiv_1912.07576,PHASE DIAGRAM,"To explore this possibility, we calculate the A15 region of the Nb-Sn binary phase diagram... then, ","What methods were used to calculate the A15 region of the Nb-Sn phase diagram, and what significance does this have for understanding antisite defects?",useful
2025-07-16T02:03:02.761621,arXiv_1912.07576,Methodology,"To model the interactions among defects, we employ a cluster expansion at the pair-interaction level","What methods were used to calculate the A15 region of the Nb-Sn phase diagram, and what significance does this have for understanding antisite defects?",useful
2025-07-16T02:03:58.000693,arXiv_1912.07576,ISOLATED ANTISITE DEFECTS,Antisite defects spread out the narrow peak in the density of states that appears at the Fermi-level,"How do antisite defects affect the density of states near the Fermi level of Nb3Sn, and what implications does this have on superconductivity?",useful
2025-07-16T02:03:58.001624,arXiv_2003.03362,THE EFFECT OF TIN-RICH STOICHIOMETRY ON Tc,These predicted sensitivities of GB properties to defect segregation further motivate our Ginzburg-L,"How do antisite defects affect the density of states near the Fermi level of Nb3Sn, and what implications does this have on superconductivity?",useful
2025-07-16T02:03:58.002129,arXiv_2005.12133,Binding energy of tin antisite defects to a boundary,We find significant free-energy gains approaching ∼0.5 eV favoring segregation of tin defects toward,"How do antisite defects affect the density of states near the Fermi level of Nb3Sn, and what implications does this have on superconductivity?",useful
2025-07-16T02:03:58.002129,arXiv_2003.03362,THE EFFECT OF TIN-RICH STOICHIOMETRY ON Tc,We observe a close correlation between calculated Tc and Fermi-level density of states for all calcu,"How do antisite defects affect the density of states near the Fermi level of Nb3Sn, and what implications does this have on superconductivity?",useful
2025-07-16T02:04:49.203708,arXiv_1912.07576,Abstract,Antisite defects play a critical role in Nb3Sn superconducting radio frequency (SRF) cavity physics.,"What are the observed stoichiometry variations in Nb3Sn layers, particularly concerning tin-depleted and tin-rich regions, and how do they correlate with the superconducting transition temperatures?",useful
2025-07-16T02:04:49.203708,arXiv_1912.07576,INTRODUCTION,"While most of the material has stoichiometry very near the ideal 25% Sn, with *T*c around 18 K, sign","What are the observed stoichiometry variations in Nb3Sn layers, particularly concerning tin-depleted and tin-rich regions, and how do they correlate with the superconducting transition temperatures?",useful
2025-07-16T02:04:49.204468,arXiv_1408.0353,1. Introduction,The tin variation in a conductor covers nearly the entire A15 phase field of binary Nb Sn 1−β β with,"What are the observed stoichiometry variations in Nb3Sn layers, particularly concerning tin-depleted and tin-rich regions, and how do they correlate with the superconducting transition temperatures?",useful
2025-07-16T02:04:49.204468,arXiv_1408.0353,1. Introduction,"Experiments show that, the upper critical field *B*c2 varies almost linearly at ~5T per at% between ","What are the observed stoichiometry variations in Nb3Sn layers, particularly concerning tin-depleted and tin-rich regions, and how do they correlate with the superconducting transition temperatures?",useful
2025-07-16T02:04:49.204973,arXiv_1707.09025,DFT CALCULATIONS,"Nb3Sn cavities are created by depositing tin vapor on the surface of a niobium cavity, which reacts ","What are the observed stoichiometry variations in Nb3Sn layers, particularly concerning tin-depleted and tin-rich regions, and how do they correlate with the superconducting transition temperatures?",useful
2025-07-16T02:05:35.296950,arXiv_2006.13407,# 1. INTRODUCTION,Nb3Sn cavities can have smaller surface resistances at a given temperature than standard Nb cavities,What are the advantages of Nb3Sn coating compared to traditional niobium in SRF cavities as discussed in the introduction?,useful
2025-07-16T02:05:35.296950,arXiv_2305.10226,## **I. INTRODUCTION**,"The low-temperature superconductor Nb3Sn has a higher superconducting transition temperature (Tc), 1",What are the advantages of Nb3Sn coating compared to traditional niobium in SRF cavities as discussed in the introduction?,useful
2025-07-16T02:05:35.296950,arXiv_2008.00599,## **I. Introduction**,Achieving a uniform stoichiometry over the RF surface of an SRF cavity is significantly more complex,What are the advantages of Nb3Sn coating compared to traditional niobium in SRF cavities as discussed in the introduction?,useful
2025-07-16T02:05:35.296950,arXiv_2001.03823,#### I. INTRODUCTION,"While the work to improve niobium surface continues, interest is growing towards superconductors wit",What are the advantages of Nb3Sn coating compared to traditional niobium in SRF cavities as discussed in the introduction?,useful
2025-07-16T02:05:35.297955,arXiv_1808.01293,# 2. Nb3Sn,Optimization of the Nb3Sn coating process has resulted in the first Nb3Sn SRF accelerator cavities e,What are the advantages of Nb3Sn coating compared to traditional niobium in SRF cavities as discussed in the introduction?,useful
2025-07-16T02:06:16.395407,arXiv_2001.03823,V. CONCLUSION,"We have designed and commissioned a coating system, comprising a commercial furnace and custom niobi",Can you explain the purpose and design features of the high-vacuum furnace used in the Nb3Sn coating system described in section II.A?,useful
2025-07-16T02:06:16.396410,arXiv_1807.03898,2.1 Experimental procedures,"The samples were systematically characterized by scanning electron microscopy (SEM), transmission el",Can you explain the purpose and design features of the high-vacuum furnace used in the Nb3Sn coating system described in section II.A?,useful
2025-07-16T02:06:16.396410,arXiv_2006.13407,# 1. INTRODUCTION,"Due to its high critical temperature, Tc (18 K), Nb3Sn cavities can have smaller surface resistances",Can you explain the purpose and design features of the high-vacuum furnace used in the Nb3Sn coating system described in section II.A?,useful
2025-07-16T02:07:54.765549,arXiv_2001.05193,# Polymorphism and superconductivity in the V-Nb-Mo-Al-Ga high-entropy alloys,"Upon annealing, the bcc structure undergoes a polymorphic transformation to the A15 one and all HEAs","What structural changes occur in the (V0.5Nb0.5)3−xMoxAl0.5Ga0.5 HEAs upon annealing, and how do these changes relate to their superconducting properties?",useful
2025-07-16T02:07:54.766549,arXiv_2008.03830,#### *5.3. A15*,"The as-cast sample with an x of 0.2 is a single bcc phase; however, upon annealing at 1600 °C, a pol","What structural changes occur in the (V0.5Nb0.5)3−xMoxAl0.5Ga0.5 HEAs upon annealing, and how do these changes relate to their superconducting properties?",useful
2025-07-16T02:07:54.766549,arXiv_2001.05193,# Polymorphism and superconductivity in the V-Nb-Mo-Al-Ga high-entropy alloys,"For x = 0.2, whereas the bcc polymorph is not superconducting down to 1.8 K, the A15 polymorph has a","What structural changes occur in the (V0.5Nb0.5)3−xMoxAl0.5Ga0.5 HEAs upon annealing, and how do these changes relate to their superconducting properties?",useful
2025-07-16T02:07:54.766549,arXiv_2001.05193,# Polymorphism and superconductivity in the V-Nb-Mo-Al-Ga high-entropy alloys,The decrease in Tc is attributed to the decrease in both the electronic specific-heat coefficient an,"What structural changes occur in the (V0.5Nb0.5)3−xMoxAl0.5Ga0.5 HEAs upon annealing, and how do these changes relate to their superconducting properties?",useful
2025-07-16T02:09:30.046674,arXiv_2001.05193,# Polymorphism and superconductivity in the V-Nb-Mo-Al-Ga high-entropy alloys,"With increasing Mo content x, both Tc and Bc2(0) of the A15-type HEAs decrease, yet the large ratio ",How does the valence electron count affect the superconducting transition temperature Tc in the studied high-entropy alloys?,useful
2025-07-16T02:09:30.046674,arXiv_2003.08020,## Superconductivity in hexagonal Nb-Mo-Ru-Rh-Pd high-entropy alloys,Tc of these HEAs is not determined mainly by the density of states at the Fermi level and would be e,How does the valence electron count affect the superconducting transition temperature Tc in the studied high-entropy alloys?,useful
2025-07-16T02:09:30.047673,arXiv_2309.11055,## **Conclusion**,The relationship between Tc and e/a ratio in the V3-*x*Co*x*Si system is almost linear.,How does the valence electron count affect the superconducting transition temperature Tc in the studied high-entropy alloys?,useful
2025-07-16T02:10:20.228604,arXiv_2002.11755,I. INTRODUCTION,This brings our attention to the use of Nb3Sn-coated SRF cavities... enabling an alternative cooling,"What are the advantages of using a cryocooler for cooling SRF cavities compared to conventional liquid helium baths, as discussed in the introduction?",useful
2025-07-16T02:10:20.229604,arXiv_2002.11755,I. INTRODUCTION,Cryocoolers have significantly lower operational costs compared to large helium cryoplants.,"What are the advantages of using a cryocooler for cooling SRF cavities compared to conventional liquid helium baths, as discussed in the introduction?",useful
2025-07-16T02:10:20.229604,arXiv_2203.06752,Motivation Outside of HEP,"This greatly reduces the footprint of the system, and substantially simplifies operation and mainten","What are the advantages of using a cryocooler for cooling SRF cavities compared to conventional liquid helium baths, as discussed in the introduction?",useful
2025-07-16T02:10:20.230107,arXiv_2203.06752,Motivation Outside of HEP,Cryocoolers allow for a more compact and potentially mobile applications.,"What are the advantages of using a cryocooler for cooling SRF cavities compared to conventional liquid helium baths, as discussed in the introduction?",useful
2025-07-16T02:10:20.230107,arXiv_2302.07201,I. INTRODUCTION,The cooling power at 4 K from commercial closed-cycle refrigerators... making it feasible to design ,"What are the advantages of using a cryocooler for cooling SRF cavities compared to conventional liquid helium baths, as discussed in the introduction?",useful
2025-07-16T02:11:02.966990,arXiv_2001.07821,2. Development of conduction cooling for elliptical SRF cavities,The elliptical single-cell niobium cavity used for this work has the following parameters: resonance,What specific design was implemented to enable conduction cooling for the elliptical-cell SRF cavity?,useful
2025-07-16T02:11:02.966990,arXiv_2001.07821,First demonstration of a cryocooler conduction cooled superconducting radiofrequency cavity operating at practical cw accelerating gradients,"Implementing this design, a single cell 650 MHz Nb3Sn cavity coupled using high purity aluminum ther",What specific design was implemented to enable conduction cooling for the elliptical-cell SRF cavity?,useful
2025-07-16T02:11:02.966990,arXiv_1802.08289,SRF CRYOMODULE DESIGN,Recent R&D efforts on Nb3Sn for SRF cavity application have showed the possibility of achieving qual,What specific design was implemented to enable conduction cooling for the elliptical-cell SRF cavity?,not useful
2025-07-16T02:11:02.966990,arXiv_2404.09187,Abstract,"The design, construction, and commissioning of a conduction-cooled Nb3Sn demonstration superconducti",What specific design was implemented to enable conduction cooling for the elliptical-cell SRF cavity?,not useful
2025-07-16T02:11:53.802933,arXiv_2008.00599,V. Discussion,The cavity performance presented in the results section is unprecedented for cavities made with SRF ,"What were the maximum accelerating gradients achieved during the experiments detailed in the results section, and what conditions were maintained during these experiments?",useful
2025-07-16T02:11:53.802933,arXiv_2405.00211,III. RESULTS,The peak accelerating gradient after degradation is 8 MV m−1 and a maximum Q of 1 × 1010 at 4 K...Af,"What were the maximum accelerating gradients achieved during the experiments detailed in the results section, and what conditions were maintained during these experiments?",useful
2025-07-16T02:11:53.803937,arXiv_2203.06752,Executive summary,"The best Nb3Sn cavities so far can reach slightly over ~20 MV/m,...","What were the maximum accelerating gradients achieved during the experiments detailed in the results section, and what conditions were maintained during these experiments?",useful
2025-07-16T02:11:53.803937,arXiv_2208.14905,Abstract,To achieve Ampere-class electron beam accelerators...,"What were the maximum accelerating gradients achieved during the experiments detailed in the results section, and what conditions were maintained during these experiments?",not useful
2025-07-16T02:11:53.803937,arXiv_2204.02536,# 3 Higher Gradients & High Q with Advanced Materials & Structures,To fulfill the need for ever higher particle energies for HEP experiments...,"What were the maximum accelerating gradients achieved during the experiments detailed in the results section, and what conditions were maintained during these experiments?",not useful
2025-07-16T02:13:28.474839,arXiv_2001.10924,Multi-metallic conduction cooled superconducting radio-frequency cavity with high thermal stability,"The cavity cooled by the crycooler achieved a peak surface magnetic field of ∼ 29 mT, equivalent to ","What are the operational parameters and performance metrics of the superconducting cavity when cooled by a cryocooler, specifically regarding the peak surface magnetic field and accelerating gradient?",useful
2025-07-16T02:13:28.475820,arXiv_2002.11755,Stable CW Operation of Nb3Sn SRF Cavity at 10 MV/m using Conduction Cooling,We have now demonstrated first stable operation in continuous mode at accelerating fields up to 10 M,"What are the operational parameters and performance metrics of the superconducting cavity when cooled by a cryocooler, specifically regarding the peak surface magnetic field and accelerating gradient?",useful
2025-07-16T02:13:28.475820,arXiv_2001.07821,Cavity performance,"For Test 3, magnetically cleaner disc springs with residual of 0 of 1010 was measured at Eacc of 1 M","What are the operational parameters and performance metrics of the superconducting cavity when cooled by a cryocooler, specifically regarding the peak surface magnetic field and accelerating gradient?",useful
2025-07-16T02:14:14.996182,arXiv_2404.09187,1. Introduction,"The application of high-temperature superconducting materials in DC and low-frequency domains, such ","What historical context is provided regarding the application of cryocoolers in superconducting radio-frequency cavities, and how does this paper represent a paradigm shift in SRF technology?",useful
2025-07-16T02:14:14.996182,arXiv_2404.09187,1. Introduction,"Traditional SRF accelerators relied on resonant cavities made from niobium (Nb), typically cooled by","What historical context is provided regarding the application of cryocoolers in superconducting radio-frequency cavities, and how does this paper represent a paradigm shift in SRF technology?",useful
2025-07-16T02:14:14.996773,arXiv_2001.07821,Abstract,"We demonstrate practical accelerating gradients… with cryocooler conduction cooling, a cooling techn","What historical context is provided regarding the application of cryocoolers in superconducting radio-frequency cavities, and how does this paper represent a paradigm shift in SRF technology?",useful
2025-07-16T02:15:00.668018,arXiv_2002.11755,# **I. INTRODUCTION**,"Previous studies have shown that there is a wide range of potential industrial, medical, national se",What are the specific applications mentioned for small-scale accelerators operating in continuous wave mode?,useful
2025-07-16T02:15:00.668521,arXiv_2204.02536,## 4 Compact SRF Accelerators for Societal Applications,"Even beyond that, the ability to generate high power CW beams enables completely new applications fo",What are the specific applications mentioned for small-scale accelerators operating in continuous wave mode?,useful
2025-07-16T02:15:49.113538,arXiv_2109.07066,1. Introduction,"Nb3Sn is an intermetallic, type II superconductor of A15 crystal structure that, in the bulk form, h","What is the superconducting transition temperature (Tc) of Nb3Sn, and how does it compare to that of niobium?",useful
2025-07-16T02:15:49.113538,arXiv_0907.0411,I. INTRODUCTION,Nb3Sn is a well known intermetallic compound with the cubic A15 structure at room temperature. It di,"What is the superconducting transition temperature (Tc) of Nb3Sn, and how does it compare to that of niobium?",useful
2025-07-16T02:15:49.113538,arXiv_cond-mat_0512196,INTRODUCTION,Nb3Sn is one of the most attractive materials for the manufacture of high-field superconducting magn,"What is the superconducting transition temperature (Tc) of Nb3Sn, and how does it compare to that of niobium?",useful
2025-07-16T02:15:49.113538,arXiv_2007.07103,1. Introduction,Nb3Sn has the potential to achieve high quality factor *Q0* when operated at 4 K and can replace the,"What is the superconducting transition temperature (Tc) of Nb3Sn, and how does it compare to that of niobium?",useful
2025-07-16T02:15:49.114539,arXiv_2109.07066,1. Introduction,Nb3Sn is a potential alternative to Nb for SRF cavities. The higher *Tc* enables the SRF cavity to b,"What is the superconducting transition temperature (Tc) of Nb3Sn, and how does it compare to that of niobium?",useful
2025-07-16T02:16:36.573705,arXiv_2002.11755,# **Stable CW Operation of Nb3Sn SRF Cavity at 10 MV/m using Conduction Cooling**,We have now demonstrated first stable operation in continuous mode at accelerating fields up to 10 M,What milestone was achieved in the operation of the Nb3Sn-coated SRF cavity in terms of accelerating fields and quality factor?,useful
2025-07-16T02:16:36.573705,arXiv_2203.09718,# **7. CONCLUSIONS**,"High gradient, inexpensive superconducting cavities (SRF) will be needed for future accelerators...",What milestone was achieved in the operation of the Nb3Sn-coated SRF cavity in terms of accelerating fields and quality factor?,not useful
2025-07-16T02:16:36.573705,arXiv_1808.01293,# 2. Nb3Sn,The A15 superconductor Nb3Sn is a particularly promising material for next-generation...,What milestone was achieved in the operation of the Nb3Sn-coated SRF cavity in terms of accelerating fields and quality factor?,not useful
2025-07-16T02:16:36.574705,arXiv_2302.02054,# **9 Conclusion**,"In summary, we have developed methods to form Nb3Sn for high-performance SRF cavities.",What milestone was achieved in the operation of the Nb3Sn-coated SRF cavity in terms of accelerating fields and quality factor?,not useful
2025-07-16T02:16:36.574705,arXiv_2305.10226,## **C. Testing the Polished Nb**3**Sn SRF Cavity**,The as-coated performance of the cavity was poor compared to most other Nb3Sn cavities...,What milestone was achieved in the operation of the Nb3Sn-coated SRF cavity in terms of accelerating fields and quality factor?,not useful
2025-07-16T02:17:25.917213,arXiv_2003.03362,Analysis of Magnetic Vortex Dissipation in Sn-Segregated Boundaries in Nb3Sn Superconducting RF Cavities,We study mechanisms of vortex nucleation in Nb3Sn Superconducting RF (SRF) cavities using a combinat,What methods were used to investigate vortex nucleation in Nb3Sn superconducting RF cavities?,useful
2025-07-16T02:17:25.917213,arXiv_2003.03362,Analysis of Magnetic Vortex Dissipation in Sn-Segregated Boundaries in Nb3Sn Superconducting RF Cavities,Our simulations indicate that the grain boundaries act as both nucleation sites for vortex penetrati,What methods were used to investigate vortex nucleation in Nb3Sn superconducting RF cavities?,useful
2025-07-16T02:17:25.918723,arXiv_1808.01293,FINAL REMARKS,"Using simple analytical calculations and standard numerical simulations, we describe the low-field l",What methods were used to investigate vortex nucleation in Nb3Sn superconducting RF cavities?,useful
2025-07-16T02:17:25.918723,arXiv_1707.09025,Abstract,We present theoretical studies of SRF materials from the Center for Bright Beams... we connect our d,What methods were used to investigate vortex nucleation in Nb3Sn superconducting RF cavities?,useful
2025-07-16T02:17:25.918723,arXiv_1711.05871,Evidence for quantized vortex entry in Nb3Sn under the influence of RF fields,Evidence for quantised magnetic vortex entry at a defect... under the influence of RF electromagneti,What methods were used to investigate vortex nucleation in Nb3Sn superconducting RF cavities?,useful
2025-07-16T02:20:29.212202,arXiv_2003.08020,Superconductivity in hexagonal Nb-Mo-Ru-Rh-Pd high-entropy alloys,"the superconducting transition temperature Tc shows a maximum of 6.19 K at x = 2.5, while the zero-t",How does the upper critical field Bc2(0) change with respect to the x values in the presented high-entropy alloys?,useful
2025-07-16T02:20:29.213205,arXiv_2001.05193,# Polymorphism and superconductivity in the V-Nb-Mo-Al-Ga high-entropy alloys,"For x = 0.2, the A15 polymorph has a superconducting transition temperature Tc of 10.2 K and and est",How does the upper critical field Bc2(0) change with respect to the x values in the presented high-entropy alloys?,useful
2025-07-16T02:21:15.549180,arXiv_2003.08020,Superconductivity in hexagonal Nb-Mo-Ru-Rh-Pd high-entropy alloys,the specific heat jump deviates from the Bardeen-Cooper-Schreiffer behavior.,What unique characteristic of the specific heat jump in these hexagonal high-entropy alloys deviates from the Bardeen-Cooper-Schreiffer behavior?,useful
2025-07-16T02:21:15.550183,arXiv_2003.08020,Superconductivity in hexagonal Nb-Mo-Ru-Rh-Pd high-entropy alloys,The specific heat results suggest that these HEAs have a non BCS-like gap.,What unique characteristic of the specific heat jump in these hexagonal high-entropy alloys deviates from the Bardeen-Cooper-Schreiffer behavior?,useful
2025-07-16T02:22:06.802468,arXiv_2004.10921,Abstract,"The crystal structure, surface morphology, surface topography, and film composition were characteriz",What methods were used to characterize the crystal structure and morphology of the Nb3Sn films?,useful
2025-07-16T02:22:06.802468,arXiv_2302.02054,"2.3 Surface, chemical, atomic, and structural characterizations",The electrochemical pre-deposits and converted Nb3Sn films were imaged by a Zeiss Gemini scanning el,What methods were used to characterize the crystal structure and morphology of the Nb3Sn films?,useful
2025-07-16T02:22:06.802468,arXiv_2302.02054,"2.3 Surface, chemical, atomic, and structural characterizations","Surface profiles were examined and quantified using Asylum MFP-3D atomic force microscopy (AFM), wit",What methods were used to characterize the crystal structure and morphology of the Nb3Sn films?,useful
2025-07-16T02:22:06.803975,arXiv_2203.09718,1. Further characterization of the Nb3Sn by low-temperature synthesis,The film local chemical homogeneity and crystal quality are checked by Extended X-ray absorption fin,What methods were used to characterize the crystal structure and morphology of the Nb3Sn films?,useful
2025-07-16T02:22:47.271812,arXiv_2004.10921,2.1.Fabrication,"In the study of film stoichiometry, we chose a constant thickness of 10 nm of Sn and four thicknesse",What specific layer thicknesses were investigated to examine their effect on the properties of Nb3Sn films?,useful
2025-07-16T02:22:47.271812,arXiv_2004.10921,5. Conclusion,"For different layer thicknesses with constant thickness ratio, the surface roughness increased with ",What specific layer thicknesses were investigated to examine their effect on the properties of Nb3Sn films?,useful
2025-07-16T02:23:29.473574,arXiv_2004.10921,Abstract,Superconducting Nb3Sn films of critical temperature up to 17.93 K were fabricated.,What was the maximum critical temperature achieved for the superconducting Nb3Sn films as reported in the paper?,useful
2025-07-16T02:23:29.473574,arXiv_2109.07066,Abstract,"The highest film *Tc* was 17.76 K, obtained when the multilayers were deposited at room temperature.",What was the maximum critical temperature achieved for the superconducting Nb3Sn films as reported in the paper?,useful
2025-07-16T02:23:29.474578,arXiv_2007.07103,Abstract,"the superconducting critical temperature of the as-deposited Nb3Sn films on Nb was 16.02 K, which in",What was the maximum critical temperature achieved for the superconducting Nb3Sn films as reported in the paper?,useful
2025-07-16T02:24:16.954371,arXiv_2005.12133,Abstract,Grain boundaries play a critical role in superconducting applications of Nb3Sn...,What are the roles of grain boundaries in the superconducting applications of Nb3Sn as mentioned in the abstract?,useful
2025-07-16T02:24:16.955398,arXiv_2003.03362,Abstract,We study mechanisms of vortex nucleation in Nb3Sn Superconducting RF (SRF) cavities...,What are the roles of grain boundaries in the superconducting applications of Nb3Sn as mentioned in the abstract?,useful
2025-07-16T02:24:16.956381,arXiv_1907.00476,Abstract,an investigation of the correlation between the chemical compositions of GBs and Nb3Sn SRF cavity pe,What are the roles of grain boundaries in the superconducting applications of Nb3Sn as mentioned in the abstract?,useful
2025-07-16T02:24:16.956381,arXiv_1912.07576,Abstract,Antisite defects play a critical role in Nb3Sn superconducting radio frequency (SRF) cavity physics.,What are the roles of grain boundaries in the superconducting applications of Nb3Sn as mentioned in the abstract?,useful
2025-07-16T02:24:16.956381,arXiv_2203.09718,Abstract,Higher sputtering power leads to sharper superconducting transition (with higher *Tc0*)...,What are the roles of grain boundaries in the superconducting applications of Nb3Sn as mentioned in the abstract?,useful
2025-07-16T02:24:58.165574,arXiv_2005.12133,# Ab initio theory of the impact of grain boundaries and substitutional defects on superconducting Nb3Sn,A clean grain boundary free of point defects reduce the Fermi-level density of states by a factor of,How does the presence of point defects affect the Fermi-level density of states near clean grain boundaries?,useful
2025-07-16T02:24:58.165574,arXiv_2005.12133,# 5.2. Impact of substitutional defects on a boundary's electronic structure,"placing a point defect on the grain boundary core does not degrade it further. In contrast, placing ",How does the presence of point defects affect the Fermi-level density of states near clean grain boundaries?,useful
2025-07-16T02:24:58.165574,arXiv_2005.12133,# 5.2. Impact of substitutional defects on a boundary's electronic structure,the strong dependence on the impurities' positions indicates the importance of high-resolution atomi,How does the presence of point defects affect the Fermi-level density of states near clean grain boundaries?,useful
2025-07-16T02:24:58.167099,arXiv_2005.12133,## 7. Conclusions,Point defects on the grain boundary core do not degrade the Fermi-level density of states much beyon,How does the presence of point defects affect the Fermi-level density of states near clean grain boundaries?,useful
2025-07-16T02:25:44.981898,arXiv_2005.12133,# Ab initio theory of the impact of grain boundaries and substitutional defects on superconducting Nb3Sn,we discover a universal trend in defect electronic entropies near a boundary,"What trend is observed in the electronic entropies of defects near grain boundaries, and how does this relate to the substitutional impurities' impact on the density of states?",useful
2025-07-16T02:25:44.982400,arXiv_2005.12133,# 5.1. Binding energy of tin antisite defects to a boundary,the electronic entropy components of these free energies collapse onto a single curve when plotted a,"What trend is observed in the electronic entropies of defects near grain boundaries, and how does this relate to the substitutional impurities' impact on the density of states?",useful
2025-07-16T02:25:44.982400,arXiv_2005.12133,# 5.2. Impact of substitutional defects on a boundary's electronic structure,the strong dependence on the impurities' positions indicates the importance of high-resolution atomi,"What trend is observed in the electronic entropies of defects near grain boundaries, and how does this relate to the substitutional impurities' impact on the density of states?",useful
2025-07-16T02:25:44.982400,arXiv_2005.12133,## 6. Superconductivity and grain boundary composition,the primary impact on Tc in this material comes from the Fermi-level density of states.,"What trend is observed in the electronic entropies of defects near grain boundaries, and how does this relate to the substitutional impurities' impact on the density of states?",useful
2025-07-16T02:26:38.732149,arXiv_2005.14348,I. Introduction,"Interestingly, V3Al was also synthesized in a non-superconducting D03 Heusler phase with antiferroma",What are the crystal structures of the two phases of V3Ga and how do these structures relate to their superconducting and antiferromagnetic properties?,useful
2025-07-16T02:26:38.733149,arXiv_2005.14348,# Superconducting and Antiferromagnetic Properties of Dual-Phase V3Ga,"The binary compound V3Ga can exhibit two near-equilibrium phases, consisting of the A15 structure th",What are the crystal structures of the two phases of V3Ga and how do these structures relate to their superconducting and antiferromagnetic properties?,useful
2025-07-16T02:26:38.733149,arXiv_2005.14348,IV. Conclusions,"To rationalize our results, we have considered several models within DFT. We find that the effect of",What are the crystal structures of the two phases of V3Ga and how do these structures relate to their superconducting and antiferromagnetic properties?,useful
2025-07-16T02:26:38.733149,arXiv_2005.14348,## Details and Results of the VASP calculations,The geometric optimization and ground state calculations were performed for two structures (D03 and ,What are the crystal structures of the two phases of V3Ga and how do these structures relate to their superconducting and antiferromagnetic properties?,useful
2025-07-16T02:26:38.733149,arXiv_2005.14348,# Analysis of superconductivity of A15 phase,"Thus, the assignment of an Hc2 value to the A15 V3Ga phase cannot be done in a rigorous way. However",What are the crystal structures of the two phases of V3Ga and how do these structures relate to their superconducting and antiferromagnetic properties?,useful
2025-07-16T02:27:21.661505,arXiv_2005.14348,# Superconducting and Antiferromagnetic Properties of Dual-Phase V3Ga,Magnetization measurements on bulk-grown samples show superconducting behavior below 14 K.,At what temperature does V3Ga exhibit superconducting behavior based on the magnetization measurements?,useful
2025-07-16T02:27:21.661505,arXiv_2005.14348,# Analysis of superconductivity of A15 phase,Additional analysis of the as-synthesized superconducting properties of the A15 V3Ga revealed superc,At what temperature does V3Ga exhibit superconducting behavior based on the magnetization measurements?,useful
2025-07-16T02:28:07.747941,arXiv_2005.14348,# Superconducting and Antiferromagnetic Properties of Dual-Phase V3Ga,"Density functional theory calculations show that the two phases are closely degenerate, being separa",What theoretical framework is used to show the degeneracy of the two phases of V3Ga and what is the energy separation between them?,useful
2025-07-16T02:28:07.747941,arXiv_2005.14348,#### IV. Conclusions,We have studied the dual-phase superconducting A15 phase and the semiconducting AFM phase D03 in V3G,What theoretical framework is used to show the degeneracy of the two phases of V3Ga and what is the energy separation between them?,useful
2025-07-16T02:28:07.747941,arXiv_2005.14348,#### I. Introduction,Density functional theory (DFT) was used here to compute the formation energies as a function of cry,What theoretical framework is used to show the degeneracy of the two phases of V3Ga and what is the energy separation between them?,useful
2025-07-16T02:28:07.748943,arXiv_1904.08611,## **II. Theory**,The calculations reported in this paper were performed in the cubic high-temperature phase of V3Si..,What theoretical framework is used to show the degeneracy of the two phases of V3Ga and what is the energy separation between them?,not useful
2025-07-16T02:28:07.748943,arXiv_2111.12391,## **Figures**,Fig. 1. Synchrotron powder X-ray diffraction (SXRD) patterns of V3Ge...,What theoretical framework is used to show the degeneracy of the two phases of V3Ga and what is the energy separation between them?,not useful
2025-07-16T02:29:32.145913,arXiv_2006.01457,Abstract,Demonstration of an approach to increase the *Cp* of Nb3Sn magnets using new materials and technolog,What is the significance of increasing the volumetric heat capacity (C<sup>p</sup>) of Nb3Sn magnets as discussed in the abstract?,useful
2025-07-16T02:29:32.145913,arXiv_2311.04021,1. Introduction,"To further improve thermal stability and training in accelerator magnets, the idea of increasing sup",What is the significance of increasing the volumetric heat capacity (C<sup>p</sup>) of Nb3Sn magnets as discussed in the abstract?,useful
2025-07-16T02:29:32.145913,arXiv_2006.01457,1. Introduction,A major focus of Nb3Sn high field accelerator magnets for High Energy Physics (HEP) is on significan,What is the significance of increasing the volumetric heat capacity (C<sup>p</sup>) of Nb3Sn magnets as discussed in the abstract?,useful
2025-07-16T02:29:32.146917,arXiv_1706.10253,Abstract,"After a brief review of the development of Nb3Sn superconductors, the factors controlling *Jc* are s",What is the significance of increasing the volumetric heat capacity (C<sup>p</sup>) of Nb3Sn magnets as discussed in the abstract?,useful
2025-07-16T02:30:15.961989,arXiv_2311.04021,1. Introduction,Energy deposition that initiates quenches can emanate from a variety of both mechanical and electrom,What are the various sources of energy deposition that can initiate quenches in Nb3Sn superconducting magnets mentioned in the introduction?,useful
2025-07-16T02:30:15.962988,arXiv_2006.01457,1. Introduction,"Energy deposition that initiates quenches can emanate from a variety of sources (flux jumps, conduct",What are the various sources of energy deposition that can initiate quenches in Nb3Sn superconducting magnets mentioned in the introduction?,useful
2025-07-16T02:31:00.970811,arXiv_2006.01457,Abstract,A major focus of Nb3Sn accelerator magnets is on significantly reducing or eliminating their trainin,How do the finite element model results for heat diffusion properties of advanced wires compare with standard wires according to the abstract?,useful
2025-07-16T02:31:52.077099,arXiv_2006.13407,# 1. INTRODUCTION,"Due to its high critical temperature, Tc (18 K), Nb3Sn cavities can have smaller surface resistances",What are the advantages of Nb3Sn coatings compared to standard Nb cavities in terms of cryogenic costs and accelerating fields?,useful
2025-07-16T02:31:52.077099,arXiv_2203.09718,# **7. CONCLUSIONS**,"Nb3Sn should produce larger accelerating gradients and a larger quality factor, Q0, than Nb cavities",What are the advantages of Nb3Sn coatings compared to standard Nb cavities in terms of cryogenic costs and accelerating fields?,useful
2025-07-16T02:31:52.078607,arXiv_2203.06752,## **Conclusions**,The unique advantages of Nb3Sn cavities make them an exciting prospect for future HEP experiments...,What are the advantages of Nb3Sn coatings compared to standard Nb cavities in terms of cryogenic costs and accelerating fields?,useful
2025-07-16T02:31:52.078607,arXiv_2008.00599,## **Advances in Nb3Sn superconducting radiofrequency cavities towards first practical accelerator applications**,"However, so far, Nb3Sn cavities have been limited to cw accelerating fields <18 MV/m. In this paper,",What are the advantages of Nb3Sn coatings compared to standard Nb cavities in terms of cryogenic costs and accelerating fields?,useful
2025-07-16T02:31:52.078607,arXiv_2410.20078,#### I. INTRODUCTION,Superconducting Radio-Frequency (SRF) cavities... A major benefit of Nb3Sn SRF cavities compared to ,What are the advantages of Nb3Sn coatings compared to standard Nb cavities in terms of cryogenic costs and accelerating fields?,useful
2025-07-16T02:32:37.641991,arXiv_2006.13407,# 1. INTRODUCTION,There are ongoing efforts at institutions worldwide towards developing Nb3Sn coatings for supercondu,"What coating technique is primarily utilized for Nb3Sn films, and what conditions are necessary for this technique to be effective?",useful
2025-07-16T02:32:37.641991,arXiv_1907.00476,# 2.1. Experimental procedure,The Sn vapor-diffusion process was utilized to coat the Nb substrate...,"What coating technique is primarily utilized for Nb3Sn films, and what conditions are necessary for this technique to be effective?",useful
2025-07-16T02:32:37.641991,arXiv_2203.09718,# **5. MAGNETRON SPUTTERING OF NB3SN**,Among the most promising approaches for Nb3Sn film deposition on Cu is magnetron sputtering...,"What coating technique is primarily utilized for Nb3Sn films, and what conditions are necessary for this technique to be effective?",useful
2025-07-16T02:32:37.641991,arXiv_2109.07066,## **4. Conclusion**,Nb3Sn films were fabricated on Nb by sputtering multilayers of 20-nm Nb and 10-nm Sn at RT...,"What coating technique is primarily utilized for Nb3Sn films, and what conditions are necessary for this technique to be effective?",useful
2025-07-16T02:32:37.642992,arXiv_2004.10921,## **4. Discussion**,Sn composition plays an important role on the superconducting properties of Nb3Sn...,"What coating technique is primarily utilized for Nb3Sn films, and what conditions are necessary for this technique to be effective?",useful
2025-07-16T02:33:23.069268,arXiv_2006.13407,# 5. CONCLUSIONS,the formation of anomalously large thin grains is more likely when the Sn flux is small,How does the geometry of the 9-cell cavity impact the study of Sn flux on the microstructure of Nb3Sn coatings?,useful
2025-07-16T02:33:23.070268,arXiv_2006.13407,# ABSTRACT,"Using this information, the coating with two Sn-sources led to a highly uniform Nb3Sn multi-cell coa",How does the geometry of the 9-cell cavity impact the study of Sn flux on the microstructure of Nb3Sn coatings?,useful
2025-07-16T02:33:23.070268,arXiv_1807.03898,## 4.1 Effect of Sn-flux (growth rate) on the microstructure of Nb3Sn on Nb,the microstructure of a Nb3Sn coating is affected strongly by the net Sn-flux during its formation,How does the geometry of the 9-cell cavity impact the study of Sn flux on the microstructure of Nb3Sn coatings?,useful
2025-07-16T02:33:23.070268,arXiv_2006.13407,#### 4. DISCUSSION,the presence extremely thin Nb3Sn regions are anticipated to be problematic for SRF performance,How does the geometry of the 9-cell cavity impact the study of Sn flux on the microstructure of Nb3Sn coatings?,useful
2025-07-16T02:34:13.062139,arXiv_2007.07103,Conclusion,The as-deposited film had polycrystalline Nb3Sn... *Tc* =17.83 K was obtained from the film annealed,"What were the annealing temperatures and durations used for the Nb3Sn films, and how did these affect the superconducting critical temperature?",useful
2025-07-16T02:34:13.063139,arXiv_2007.07103,DC superconducting properties,The *Tc* of the as-deposited film increased from 16.02 K to 17.44 K when annealed at 800 °C for 24 h,"What were the annealing temperatures and durations used for the Nb3Sn films, and how did these affect the superconducting critical temperature?",useful
2025-07-16T02:34:13.063139,arXiv_2004.10921,Conclusion,"For annealing at 950 °C for 3 h, Sn composition were 20‒23% for all coating conditions... supercondu","What were the annealing temperatures and durations used for the Nb3Sn films, and how did these affect the superconducting critical temperature?",useful
2025-07-16T02:34:13.063139,arXiv_2004.10921,Abstract,All films showed good superconducting properties with a superconducting critical temperature *Tc* up,"What were the annealing temperatures and durations used for the Nb3Sn films, and how did these affect the superconducting critical temperature?",useful
2025-07-16T02:34:58.476440,arXiv_2004.10921,# **Abstract**.,"The film properties were characterized by X-ray diffraction (XRD), scanning electron microscopy (SEM",Which characterization techniques were employed to analyze the structural and morphological properties of the Nb3Sn films?,useful
2025-07-16T02:34:58.476440,arXiv_2007.07103,#### *Abstract*,"The structural, morphological and superconducting properties of the films annealed for 24 h at tempe",Which characterization techniques were employed to analyze the structural and morphological properties of the Nb3Sn films?,useful
2025-07-16T02:34:58.476440,arXiv_2302.02054,"#### **2.3 Surface, chemical, atomic, and structural characterizations**","A combination of techniques, including energy-dispersive X-ray spectroscopy (EDS) under SEM and STEM",Which characterization techniques were employed to analyze the structural and morphological properties of the Nb3Sn films?,useful
2025-07-16T02:34:58.477444,arXiv_2302.02054,# **7 Structural characterizations and superconducting properties**,"Surface and cross-sectional images, taken by SEM and STEM, show a uniform, smooth 2.4 µm-thick Nb3Sn",Which characterization techniques were employed to analyze the structural and morphological properties of the Nb3Sn films?,useful
2025-07-16T02:35:47.396739,arXiv_2007.07103,"3.1.1. Film structure, morphology, and composition","For the annealing temperature of 1000 °C, the Sn composition of the film was 11.3 ± 0.3 at. % for 12","What was the relative surface Sn content after different annealing times at 1000 °C, and how does this relate to the superconducting properties measured in the experiments?",useful
2025-07-16T02:35:47.396739,arXiv_2007.07103,"3.1.1. Film structure, morphology, and composition","For the film annealed at 1000 °C for 24 h, the Sn composition was reduced to ~4.1 ± 0.4 at. %.","What was the relative surface Sn content after different annealing times at 1000 °C, and how does this relate to the superconducting properties measured in the experiments?",useful
2025-07-16T02:35:47.396739,arXiv_2007.07103,3.1.2. DC superconducting properties,"For films annealed at 1000 °C, the Sn composition decreased with increased annealing time, consequen","What was the relative surface Sn content after different annealing times at 1000 °C, and how does this relate to the superconducting properties measured in the experiments?",useful
2025-07-16T02:35:47.397739,arXiv_2007.07103,4. Conclusion,The highest *Tc* =17.83 K was obtained from the film annealed at 800 °C for 24 h. The RF properties ,"What was the relative surface Sn content after different annealing times at 1000 °C, and how does this relate to the superconducting properties measured in the experiments?",useful
2025-07-16T02:35:47.397739,arXiv_2007.07103,Abstract,Superconducting Nb3Sn films were fabricated on sapphire and fine grain Nb substrates by magnetron sp,"What was the relative surface Sn content after different annealing times at 1000 °C, and how does this relate to the superconducting properties measured in the experiments?",not useful
2025-07-16T02:35:47.397739,arXiv_2007.07103,4. Conclusion,We fabricated Nb3Sn films on sapphire and Nb substrates by DC magnetron sputtering from a stoichiome,"What was the relative surface Sn content after different annealing times at 1000 °C, and how does this relate to the superconducting properties measured in the experiments?",not useful
2025-07-16T02:35:47.397739,arXiv_2004.10921,4. Discussion,Sn composition plays an important role on the superconducting properties of Nb3Sn.,"What was the relative surface Sn content after different annealing times at 1000 °C, and how does this relate to the superconducting properties measured in the experiments?",not useful
2025-07-16T02:36:32.429088,arXiv_2008.00599,Advances in Nb3Sn superconducting radiofrequency cavities towards first practical accelerator applications,"However, so far, Nb3Sn cavities have been limited to cw accelerating fields <18 MV/m. In this paper,",What are the observed maximum fields achieved in Nb3Sn superconducting radiofrequency cavities according to the results presented in the paper?,useful
2025-07-16T02:36:32.430091,arXiv_1810.13301,CRITICAL FIELDS OF Nb3Sn PREPARED FOR SUPERCONDUCTING CAVITIES,Critical fields above 120 mT in pulsed operation and about 80 mT in CW have been achieved in cavity ,What are the observed maximum fields achieved in Nb3Sn superconducting radiofrequency cavities according to the results presented in the paper?,useful
2025-07-16T02:37:22.440477,arXiv_2305.05114,I. INTRODUCTION,"Nb3Sn has a higher critical temperature (Tc) of 18 K compared to Nb's 9.2 K, resulting in lower surf","How does the critical temperature of Nb3Sn compare to that of pure niobium, and what implications does this have for the quality factor in superconducting radiofrequency applications?",useful
2025-07-16T02:37:22.442488,arXiv_2109.07066,1. Introduction,The higher Tc enables the SRF cavity to be operated at 4.2 K instead of the 2 K often needed for Nb ,"How does the critical temperature of Nb3Sn compare to that of pure niobium, and what implications does this have for the quality factor in superconducting radiofrequency applications?",useful
2025-07-16T02:37:22.442488,arXiv_2109.07066,1. Introduction,The high Tc and high µ0Hc2 of Nb3Sn enable its use for superconducting wires to replace the Nb-Ti al,"How does the critical temperature of Nb3Sn compare to that of pure niobium, and what implications does this have for the quality factor in superconducting radiofrequency applications?",useful
2025-07-16T02:37:22.442488,arXiv_1909.05695,I. INTRODUCTION,Nb3Sn promises an RF critical field twice that of niobium and orders of magnitude lower surface resi,"How does the critical temperature of Nb3Sn compare to that of pure niobium, and what implications does this have for the quality factor in superconducting radiofrequency applications?",useful
2025-07-16T02:38:11.077033,arXiv_2305.05114,## IV. DISCUSSION,"The early stage of NbxSny nucleation (e.g., at 300 °C) crucially determines the quality of the final",What challenges are associated with achieving a uniform stoichiometry over the RF surface of Nb3Sn cavities compared to conventional niobium cavities?,useful
2025-07-16T02:38:11.078036,arXiv_1912.07576,#### **INTRODUCTION**,"Over 40 years after the first Nb3Sn cavities were made, Nb3Sn finally appears poised to overtake nio",What challenges are associated with achieving a uniform stoichiometry over the RF surface of Nb3Sn cavities compared to conventional niobium cavities?,useful
2025-07-16T02:38:11.078036,arXiv_2006.13407,# 1. INTRODUCTION,There are ongoing efforts at institutions worldwide towards developing Nb3Sn coatings for supercondu,What challenges are associated with achieving a uniform stoichiometry over the RF surface of Nb3Sn cavities compared to conventional niobium cavities?,useful
2025-07-16T02:38:11.078036,arXiv_2405.00211,#### I. INTRODUCTION,Niobium cavities have been extensively studied and treatments have been developed to optimize the ac,What challenges are associated with achieving a uniform stoichiometry over the RF surface of Nb3Sn cavities compared to conventional niobium cavities?,useful
2025-07-16T02:38:55.077621,arXiv_2008.03830,Abstract,The conventional HEA concept has developed into simple crystal structures such as face-centered-cubi,What are the characteristic crystal structures associated with high-entropy alloys as discussed in the paper's abstract?,useful
2025-07-16T02:38:55.078194,arXiv_2102.12271,1. Introduction,"HEA superconductors, simple alloys with bcc, α-Mn, CsCl, and hcp crystal structures have mainly been",What are the characteristic crystal structures associated with high-entropy alloys as discussed in the paper's abstract?,useful
2025-07-16T02:39:45.728552,arXiv_2102.12271,1. Introduction,High-entropy alloys (HEAs) are typically defined as alloys containing at least five elements with co,How does the paper define high-entropy alloys and what is the significance of the mixing entropy in this context?,useful
2025-07-16T02:39:45.730057,arXiv_2008.03830,1. Introduction,One of the definitions of HEA is that more than five elements with an atomic fraction of each elemen,How does the paper define high-entropy alloys and what is the significance of the mixing entropy in this context?,useful
2025-07-16T02:39:45.730560,arXiv_2008.03830,Cutting edge of high-entropy alloy superconductors from the perspective of materials research,"The concept of HEA has now been adopted in many multi-site alloys beyond bcc, fcc and hcp structures",How does the paper define high-entropy alloys and what is the significance of the mixing entropy in this context?,useful
2025-07-16T02:39:45.730560,arXiv_2111.12391,Abstract,HEAs are typically defined as alloys composed of five or more different elements with a concentratio,How does the paper define high-entropy alloys and what is the significance of the mixing entropy in this context?,useful
2025-07-16T02:39:45.730560,arXiv_2003.08020,Superconductivity in hexagonal Nb-Mo-Ru-Rh-Pd high-entropy alloys,Superconductivity in HEAs was first discovered in the Ta-Nb-Hf-Zr-Ti system in 2014 […] Most element,How does the paper define high-entropy alloys and what is the significance of the mixing entropy in this context?,useful
2025-07-16T02:40:32.607444,arXiv_2008.03830,6.4. Eutectic HEA superconductor,There is growing interest in eutectic HEAs due to the rich functions arising from the microstructure,What new perspectives regarding eutectic HEA superconductors and gum metal HEA superconductors are presented in the conclusions of the paper?,useful
2025-07-16T02:40:32.608449,arXiv_2008.03830,6.5. Gum metal HEA superconductor,A specific class of β-titanium alloys after cold rolling shows unusual mechanical behaviors such as ,What new perspectives regarding eutectic HEA superconductors and gum metal HEA superconductors are presented in the conclusions of the paper?,useful
2025-07-16T02:40:32.608449,arXiv_2102.12271,4. Conclusions,"Herein, we have reported the synthesis and superconducting properties of new HEA-type superconductor",What new perspectives regarding eutectic HEA superconductors and gum metal HEA superconductors are presented in the conclusions of the paper?,not useful
2025-07-16T02:40:32.609449,arXiv_2001.05193,III. RESULTS AND DISCUSSION,Matthias rule Tc of the binary A15 superconductors exhibits two maxima around e/a = 4.75...,What new perspectives regarding eutectic HEA superconductors and gum metal HEA superconductors are presented in the conclusions of the paper?,not useful
2025-07-16T02:41:24.999645,arXiv_2008.07403,Abstract,"However, Bi2212 wires and cables are sensitive to transverse stresses and strains, which are quite l",What are the requirements for managing azimuthal and radial strains in Bi2212 coil windings as discussed in the paper?,useful
2025-07-16T02:41:24.999645,arXiv_2204.01072,3.3. Bi2212 Insert Coil Designs,The design of high-field dipole inserts made of Bi2212 is extremely challenging due to the small vol,What are the requirements for managing azimuthal and radial strains in Bi2212 coil windings as discussed in the paper?,useful
2025-07-16T02:41:24.999645,arXiv_2008.07403,1. Introduction,Stress management concepts will need to be applied to insert coils' designs when aiming at large mag,What are the requirements for managing azimuthal and radial strains in Bi2212 coil windings as discussed in the paper?,useful
2025-07-16T02:41:25.000650,arXiv_2504.12028,C. Mechanical Analysis,We also performed a sensitivity analysis to search for possible correlations between stress and the ,What are the requirements for managing azimuthal and radial strains in Bi2212 coil windings as discussed in the paper?,useful
2025-07-16T02:42:13.967495,arXiv_2008.07403,Abstract,"Bi2212 wires and cables are sensitive to transverse stresses and strains, which are quite large in h",Can you explain the significance of the novel stress management approach developed at Fermilab for high-field dipole inserts based on Bi2212 Rutherford cable?,useful
2025-07-16T02:42:13.967495,arXiv_2504.12028,INTRODUCTION,Fermilab is developing a cosine-theta dipole insert based on a stress-managed structure and a Bi-221,Can you explain the significance of the novel stress management approach developed at Fermilab for high-field dipole inserts based on Bi2212 Rutherford cable?,useful
2025-07-16T02:42:13.968008,arXiv_2504.12028,# Magnetic and Mechanical Analysis of Bi-2212 Rutherford Cable in a Cos-Theta Sub-Scale Dipole Coil,The ongoing R&D High-Temperature Superconductors (HTS) suggests using Bi2Sr2CaCu2O8−x (Bi-2212) as s,Can you explain the significance of the novel stress management approach developed at Fermilab for high-field dipole inserts based on Bi2212 Rutherford cable?,useful
2025-07-16T02:42:13.968008,arXiv_2204.01072,# 3.3. Bi2212 Insert Coil Designs,The coil support structure has to be designed to protect the strain sensitive Bi2212 cable from mech,Can you explain the significance of the novel stress management approach developed at Fermilab for high-field dipole inserts based on Bi2212 Rutherford cable?,useful
2025-07-16T02:43:04.979536,arXiv_2008.07403,Abstract,"This paper describes a novel stress management approach, which was developed at Fermilab for high-fi",What are the key technological steps and parameters associated with the conceptual design of the high-field accelerator magnets utilizing Bi2212 wires and cables?,useful
2025-07-16T02:43:04.979536,arXiv_2204.01072,# 3.2. Bi2212 Rutherford Cable,Whereas the best wire performance is usually obtained by O2 pre-annealing of the Ag0.2%Mg sheathed s,What are the key technological steps and parameters associated with the conceptual design of the high-field accelerator magnets utilizing Bi2212 wires and cables?,useful
2025-07-16T02:43:04.980537,arXiv_2008.07403,### **1. Introduction**,"The first step in developing a Bi2212 dipole insert, i.e. design studies, is complete. The Fermilab'",What are the key technological steps and parameters associated with the conceptual design of the high-field accelerator magnets utilizing Bi2212 wires and cables?,useful
2025-07-16T02:43:04.980537,arXiv_2204.01072,# **6. CONCLUSIONS**,"However, Bi2212 is a most promising conductor to achieve higher magnetic fields. However, there are ",What are the key technological steps and parameters associated with the conceptual design of the high-field accelerator magnets utilizing Bi2212 wires and cables?,useful
2025-07-16T02:43:58.639314,arXiv_2008.08732,Discovery of Light-induced Metastable Martensitic Anomaly Controlled by Single-Cycle Terahertz Pulses,"A non-thermal, THz-induced depletion of low frequency conductivity indicates increased gap splitting",What is the significance of the gap splitting of high energy Γ^12 bands in relation to the Martensitic phase in Nb3Sn as mentioned in the results section?,useful
2025-07-16T02:43:58.639314,arXiv_2008.08732,Discovery of Light-induced Metastable Martensitic Anomaly Controlled by Single-Cycle Terahertz Pulses,"The light-induced phonon tuning can be extended to topological matter,...",What is the significance of the gap splitting of high energy Γ^12 bands in relation to the Martensitic phase in Nb3Sn as mentioned in the results section?,useful
2025-07-16T02:43:58.640317,arXiv_1006.3124,Abstract,"However, we note that determining ∆ from the peak in dI/dV at finite temperature overestimates the g",What is the significance of the gap splitting of high energy Γ^12 bands in relation to the Martensitic phase in Nb3Sn as mentioned in the results section?,not useful
2025-07-16T02:43:58.640317,arXiv_0907.0411,I. INTRODUCTION,Research has shown that the cubic to tetragonal transition must be a first order thermodynamic trans,What is the significance of the gap splitting of high energy Γ^12 bands in relation to the Martensitic phase in Nb3Sn as mentioned in the results section?,not useful
2025-07-16T02:43:58.640317,arXiv_0907.0411,IV. CONCLUSIONS,"In conclusion, in this work we present new specific heat measurements performed in high quality Nb3S",What is the significance of the gap splitting of high energy Γ^12 bands in relation to the Martensitic phase in Nb3Sn as mentioned in the results section?,not useful
2025-07-16T02:44:46.263364,arXiv_2008.08732,Discovery of Light-induced Metastable Martensitic Anomaly Controlled by Single-Cycle Terahertz Pulses,"A non-thermal, THz-induced depletion of low frequency conductivity indicates increased gap splitting",How does the THz-induced depletion of low frequency conductivity differ from optical pumping in terms of its effect on the Γ^12 gap?,useful
2025-07-16T02:44:46.263364,arXiv_2008.08732,Discovery of Light-induced Metastable Martensitic Anomaly Controlled by Single-Cycle Terahertz Pulses,"Unlike in these intensely-debated, complex materials, A3B compounds, such as Nb3Sn... represent simp",How does the THz-induced depletion of low frequency conductivity differ from optical pumping in terms of its effect on the Γ^12 gap?,useful
2025-07-16T02:44:46.264368,arXiv_1808.06731,Competing Orders and Ultrafast Energy Transfer at the Quantum Limit in a Nb3Sn Superconductor Probed by Terahertz Electrodynamics,"The low frequency conductivity gains an additional spectral weight over its equilibrium values, i.e.",How does the THz-induced depletion of low frequency conductivity differ from optical pumping in terms of its effect on the Γ^12 gap?,useful
2025-07-16T02:45:38.460112,arXiv_2008.08732,Discovery of Light-induced Metastable Martensitic Anomaly Controlled by Single-Cycle Terahertz Pulses,Such light-induced non-equilibrium Martensitic instability persists up to a critical temperature ∼10,"What are the implications of achieving non-equilibrium ordering at high temperatures, as discussed in the conclusions section?",useful
2025-07-16T02:45:38.460112,arXiv_1409.8358,Concluding remarks,This information may be essential for a detailed understanding of universal features observed in var,"What are the implications of achieving non-equilibrium ordering at high temperatures, as discussed in the conclusions section?",useful
2025-07-16T02:45:38.460112,arXiv_cond-mat_0604176,4. DISCUSSION AND CONCLUSIONS,"the intermediate phase is not a true thermodynamic phase but more likely a non-equilibrium, pinned l","What are the implications of achieving non-equilibrium ordering at high temperatures, as discussed in the conclusions section?",useful
2025-07-16T02:45:38.461117,arXiv_cond-mat_0211217,III. RESULTS AND DISCUSSION:,"It clearly shows that the metastability occurs only for (H,T) below the peak effect line Hp(T)...","What are the implications of achieving non-equilibrium ordering at high temperatures, as discussed in the conclusions section?",useful
2025-07-16T02:47:37.203509,arXiv_2305.05114,### I. INTRODUCTION,Nb3Sn possesses advantages over the conventional material niobium (Nb). Nb3Sn exhibits a high predic,"In the introduction, what are some of the specific technological applications of Nb3Sn that are discussed and why is there an increased interest in this material?",useful
2025-07-16T02:47:37.204513,arXiv_2008.11656,# **1. Introduction**,Nb3Sn is currently one of the most used in technological applications due to its interesting superco,"In the introduction, what are some of the specific technological applications of Nb3Sn that are discussed and why is there an increased interest in this material?",useful
2025-07-16T02:47:37.204513,arXiv_2005.12133,### 1. Introduction,Conventional niobium-based superconductors continue to dominate industrial superconducting technolog,"In the introduction, what are some of the specific technological applications of Nb3Sn that are discussed and why is there an increased interest in this material?",useful
2025-07-16T02:47:37.204513,arXiv_2306.10866,## **1. Introduction**,"Nb3Sn is also being used for large-scale science projects,... including the interaction region quadr","In the introduction, what are some of the specific technological applications of Nb3Sn that are discussed and why is there an increased interest in this material?",useful
2025-07-16T02:47:37.205514,arXiv_1909.05695,#### I. INTRODUCTION,Nb3Sn is one of the materials that has the potential to replace niobium in some applications of supe,"In the introduction, what are some of the specific technological applications of Nb3Sn that are discussed and why is there an increased interest in this material?",useful
2025-07-16T02:48:26.212387,arXiv_2008.11656,Abstract,The high frequency vortex parameters... were obtained over a large temperature and field range...,"What are the three high frequency vortex parameters obtained in the study, and how do they vary with temperature and magnetic field according to the abstract?",useful
2025-07-16T02:48:26.212387,arXiv_2008.11656,7. Summary,"The pinning constant kp(T, H) was found to decrease when the temperature and the field are increased","What are the three high frequency vortex parameters obtained in the study, and how do they vary with temperature and magnetic field according to the abstract?",useful
2025-07-16T02:48:26.212387,arXiv_2008.11656,7. Summary,"The Nb3Sn depinning frequency νp reached rather high values, above 4 GHz even at 12 T and low T.","What are the three high frequency vortex parameters obtained in the study, and how do they vary with temperature and magnetic field according to the abstract?",useful
2025-07-16T02:48:26.212387,arXiv_2008.11656,7. Summary,"We obtained that ρf f, evaluated with the GR model, can be considered a reliable determination.","What are the three high frequency vortex parameters obtained in the study, and how do they vary with temperature and magnetic field according to the abstract?",useful
2025-07-16T02:49:19.556573,arXiv_2010.07312,# Influence of substrate-induced thermal stress on the superconducting properties of V3Si thin films,Thin films of superconducting V3Si were prepared by means of RF sputtering from a compound V3Si targ,What techniques were used to prepare the superconducting V3Si thin films and what is the impact of thermal processing on their properties?,useful
2025-07-16T02:49:19.556573,arXiv_2010.07312,#### V. DISCUSSION,The superconducting properties of thin films of V3Si prepared by means of RF sputtering... were foun,What techniques were used to prepare the superconducting V3Si thin films and what is the impact of thermal processing on their properties?,useful
2025-07-16T02:49:19.556573,arXiv_2104.00694,## V. CONCLUSION,This report addresses two challenges for the integration of V3Si... it is necessary to mitigate the ,What techniques were used to prepare the superconducting V3Si thin films and what is the impact of thermal processing on their properties?,useful
2025-07-16T02:49:19.556573,arXiv_2104.00694,# Superconducting V3Si for quantum circuit applications,Superconducting thin films are of increasing interest as solid-state quantum technologies are scaled,What techniques were used to prepare the superconducting V3Si thin films and what is the impact of thermal processing on their properties?,useful
2025-07-16T02:49:19.558077,arXiv_2503.05124,# 2. Thin film fabrication,"V/SiO2/Si films were prepared as follows: First, a 230 nm thick SiO2 layer was grown by thermally ox",What techniques were used to prepare the superconducting V3Si thin films and what is the impact of thermal processing on their properties?,useful
2025-07-16T02:50:10.905378,arXiv_2010.07312,III. LOW-TEMPERATURE MEASUREMENTS,"After deposition, the V3Si layers were amorphous, with no discernible peaks...anti the annealing tem",How does the annealing temperature affect the critical temperature of the V3Si films when deposited on different substrates?,useful
2025-07-16T02:50:10.906378,arXiv_2010.07312,# Influence of substrate-induced thermal stress on the superconducting properties of V3Si thin films,The superconducting properties of the films thus produced are found to improve with annealing temper,How does the annealing temperature affect the critical temperature of the V3Si films when deposited on different substrates?,useful
2025-07-16T02:50:10.906378,arXiv_2104.00694,IV. DISCUSSION,It is thus clear that the thermomechanical properties of the substrate strongly impact the stress de,How does the annealing temperature affect the critical temperature of the V3Si films when deposited on different substrates?,useful
2025-07-16T02:50:56.011450,arXiv_2010.07312,Influence of substrate-induced thermal stress on the superconducting properties of V3Si thin films,"Residual strain is present in the V3Si on the silicon substrate, as the out-of-plane lattice paramet","What observations were made regarding the strain in the V3Si layer when cooled down to cryogenic temperatures, particularly in relation to the substrate used?",useful
2025-07-16T02:50:56.011450,arXiv_2010.07312,Influence of substrate-induced thermal stress on the superconducting properties of V3Si thin films,"The strain increases as the sample is cooled down to cryogenic temperatures, though the deformation ","What observations were made regarding the strain in the V3Si layer when cooled down to cryogenic temperatures, particularly in relation to the substrate used?",useful
2025-07-16T02:50:56.011450,arXiv_2010.07312,Influence of substrate-induced thermal stress on the superconducting properties of V3Si thin films,"On oxidized silicon however, no clear evidence of relaxation upon cooling is observed, and the V3Si ","What observations were made regarding the strain in the V3Si layer when cooled down to cryogenic temperatures, particularly in relation to the substrate used?",useful
2025-07-16T02:50:56.012456,arXiv_2010.07312,VI. CONCLUSION,This imposed strain is increased upon cooling to cryogenic temperatures and is assumed to depend str,"What observations were made regarding the strain in the V3Si layer when cooled down to cryogenic temperatures, particularly in relation to the substrate used?",useful
2025-07-16T02:51:47.136098,arXiv_2011.02350,"# Study of the superconducting ground state of topological superconducting candidates Ti3X (X = Ir, Sb)","Here, we report a microscopic investigation of the superconducting ground state in A15 compound Ti3X","What experimental techniques were used to investigate the superconducting ground state of Ti3X (X = Ir, Sb)?",useful
2025-07-16T02:51:47.136098,arXiv_2011.02350,#### b. Normal and Superconducting State properties,We performed magnetization measurements in both zero-field cooled (ZFCW) and field cooled (FC) order,"What experimental techniques were used to investigate the superconducting ground state of Ti3X (X = Ir, Sb)?",useful
2025-07-16T02:51:47.136098,arXiv_2011.02350,#### b. Normal and Superconducting State properties,The samples were further characterized by heat capacity measurements at zero fields.,"What experimental techniques were used to investigate the superconducting ground state of Ti3X (X = Ir, Sb)?",useful
2025-07-16T02:51:47.137100,arXiv_2011.02350,#### IV. CONCLUSION,"We have studied topological candidate A15 compounds Ti3Ir and Ti3Sb elaborately by XRD, magnetizatio","What experimental techniques were used to investigate the superconducting ground state of Ti3X (X = Ir, Sb)?",useful
2025-07-16T02:52:40.641391,arXiv_2011.02350,I. INTRODUCTION,Theoretical studies have proposed that topological superconductivity can be induced on a topological,How does the presence of strong spin-orbit coupling (SOC) influence the band structure of A15 superconductors?,useful
2025-07-16T02:52:40.641391,arXiv_1807.03405,Abstract,"A15 superconductors (Ta3Sb, Ta3Sn, and Ta3Pb) have nontrivial band topology in the bulk electronic b",How does the presence of strong spin-orbit coupling (SOC) influence the band structure of A15 superconductors?,useful
2025-07-16T02:52:40.641391,arXiv_2310.18245,A. Structural and Electronic properties of Nb3X and Ta3Y,"The optimized lattice constants (a) after structural relaxation for Ta3As, Ta3Sb and Ta3Sn are...a t",How does the presence of strong spin-orbit coupling (SOC) influence the band structure of A15 superconductors?,useful
2025-07-16T02:52:40.641391,arXiv_2310.18245,A. Structural and Electronic properties of Nb3X and Ta3Y,"The crystal structure presents three dimers of the A atoms, along the a, b and c axes...the presence",How does the presence of strong spin-orbit coupling (SOC) influence the band structure of A15 superconductors?,useful
2025-07-16T02:52:40.642895,arXiv_1807.03405,Abstract,Superconductors with the A15 structure have cubic symmetry...the band topology of the valence bands ,How does the presence of strong spin-orbit coupling (SOC) influence the band structure of A15 superconductors?,useful
2025-07-16T02:53:31.978255,arXiv_2011.02350,"# Study of the superconducting ground state of topological superconducting candidates Ti3X (X = Ir, Sb)",Zero field muon measurements have shown that time-reversal symmetry is preserved in these materials.,What do the results from specific heat and transverse field muon spectroscopy measurements reveal about the nature of the superconducting gap in Ti3X?,useful
2025-07-16T02:53:31.978255,arXiv_2011.02350,b. Normal and Superconducting State properties,The calculated value of normalised superconducting energy gap ∆(0) kBTc is 1.54 ± 0.02 for Ti3Ir and,What do the results from specific heat and transverse field muon spectroscopy measurements reveal about the nature of the superconducting gap in Ti3X?,useful
2025-07-16T02:53:31.978255,arXiv_2203.16235,### E. Scanning tunneling spectrum,We further measure the scanning tunneling spectra (STS) on the two samples to investigate the superc,What do the results from specific heat and transverse field muon spectroscopy measurements reveal about the nature of the superconducting gap in Ti3X?,not useful
2025-07-16T02:53:31.978255,arXiv_2011.02350,IV. CONCLUSION,"We have studied topological candidate A15 compounds Ti3Ir and Ti3Sb elaborately by XRD, magnetizatio",What do the results from specific heat and transverse field muon spectroscopy measurements reveal about the nature of the superconducting gap in Ti3X?,not useful
2025-07-16T02:54:16.196177,arXiv_2012.02905,## **e.) Summary and Conclusions**,Tc is suppressed to ~ 5.2 K at 88 GPa.,"What were the results of the diamond anvil cell pressure measurements performed on A15 Nb3Si up to 88 GPa, particularly in relation to the superconducting transition temperature Tc?",useful
2025-07-16T02:54:16.196177,arXiv_2012.02905,### **a.) High pressure determination of Tc vs pressure in A15 Nb3Si.**,In order to better understand the results of our high pressure search for A15 conversion of tetragon,"What were the results of the diamond anvil cell pressure measurements performed on A15 Nb3Si up to 88 GPa, particularly in relation to the superconducting transition temperature Tc?",useful
2025-07-16T02:54:58.011034,arXiv_2012.02905,Summary and Conclusions,"Thus, we conclude that the original explosive compression conversion of tetragonal A15 Nb3Si at pres",How did the pressures applied to tetragonal Nb3Si at room temperature and at 5 K differ in their outcomes regarding the production of the A15 structure compared to previous experiments?,useful
2025-07-16T02:54:58.011034,arXiv_2012.02905,Summary and Conclusions,No evidence of the A15 transition was detected in unloading data on the starting tetragonal material,How did the pressures applied to tetragonal Nb3Si at room temperature and at 5 K differ in their outcomes regarding the production of the A15 structure compared to previous experiments?,useful
2025-07-16T02:54:58.011034,arXiv_2012.02905,Summary and Conclusions,This implies that the accompanying high temperature (1000 o C) caused by explosive compression is ne,How did the pressures applied to tetragonal Nb3Si at room temperature and at 5 K differ in their outcomes regarding the production of the A15 structure compared to previous experiments?,useful
2025-07-16T02:55:42.589499,arXiv_2012.02905,Summary and Conclusions,"the A15 structure becomes the lowest enthalpy lattice arrangement above 50 GPa, with approximately 7","What does the paper state about the enthalpy differences between A15 Nb3Si and the tetragonal structure at high pressure versus ambient pressure, and what implications does this have for the stabilization of high pressure metastable phases?",useful
2025-07-16T02:55:42.589499,arXiv_2012.02905,Introduction,"at ambient pressure, we calculate that the tetragonal structure of Nb3Si is more stable than the A15","What does the paper state about the enthalpy differences between A15 Nb3Si and the tetragonal structure at high pressure versus ambient pressure, and what implications does this have for the stabilization of high pressure metastable phases?",useful
2025-07-16T02:55:42.589499,arXiv_2012.02905,Summary and Conclusions,the present work highlights that high pressure phases formed with the addition of high temperatures ,"What does the paper state about the enthalpy differences between A15 Nb3Si and the tetragonal structure at high pressure versus ambient pressure, and what implications does this have for the stabilization of high pressure metastable phases?",useful
2025-07-16T02:56:29.311744,arXiv_2012.04787,Abstract,Ternary La–Y hydrides were obtained at pressures of 170–196 GPa via the laser heating of La–Y alloys,"What are the synthesis conditions, including pressure and temperature, for the lanthanum-yttrium ternary hydrides described in the paper?",useful
2025-07-16T02:56:29.313247,arXiv_2012.04787,High-pressure synthesis,We prepared a series of La–Y alloys... Laser heating of samples above 2000 K at pressures of 170–196,"What are the synthesis conditions, including pressure and temperature, for the lanthanum-yttrium ternary hydrides described in the paper?",useful
2025-07-16T02:57:13.871898,arXiv_2012.04787,Abstract,"decahydrides (La,Y)H10 with a maximum *T*C ~ 253 K ... while ... the measured critical temperature o","What is the observed critical temperature *T*<sup>C</sup> for the decahydride (La,Y)H<sup>10</sup>, and how does it compare to the cubic hexahydride (La,Y)H<sup>6</sup>?",useful
2025-07-16T02:57:13.871898,arXiv_2012.04787,Superconductivity,"Calculated upper critical magnetic field μ0*H*C2(0) ... μ0*H*C2(0) for (La,Y)H10 ... extrapolated μ0","What is the observed critical temperature *T*<sup>C</sup> for the decahydride (La,Y)H<sup>10</sup>, and how does it compare to the cubic hexahydride (La,Y)H<sup>6</sup>?",useful
2025-07-16T02:58:04.161195,arXiv_2012.04787,Abstract,"the critical current density *J*C in (La,Y)H10 may exceed 2500 A/mm2 at 4.2 K, which is comparable w","How does the critical current density *J*<sup>C</sup> in (La,Y)H<sup>10</sup> at 4.2 K compare to commercial superconducting wires like NbTi and Nb3Sn?",useful
2025-07-16T02:58:04.162199,arXiv_2412.09514,Introduction,"state-of-the-art Nb3Sn strands exhibit upper critical field, *Hc2*, values of ~ 24-26.5 T (4.2 K) an","How does the critical current density *J*<sup>C</sup> in (La,Y)H<sup>10</sup> at 4.2 K compare to commercial superconducting wires like NbTi and Nb3Sn?",useful
2025-07-16T02:58:04.162199,arXiv_1706.10253,Introduction,the highest 15 T *Jc*s of top-performing RRP conductors can reach 1600-1700 A/mm2.,"How does the critical current density *J*<sup>C</sup> in (La,Y)H<sup>10</sup> at 4.2 K compare to commercial superconducting wires like NbTi and Nb3Sn?",useful
2025-07-16T02:58:51.008767,arXiv_2102.12271,4. Conclusions,"Superconducting transitions were observed at 9.0 and 11.0 K for #1 and #2, respectively, ...",What were the superconducting transition temperatures observed for the samples Nb3Al0.2Sn0.2Ge0.2Ga0.2Si0.2 and Nb3Al0.3Sn0.3Ge0.2Ga0.1Si0.1?,useful
2025-07-16T02:58:51.009276,arXiv_2102.12271,Abstract,"Superconducting transitions were observed at 9.0 and 11.0 K for #1 and #2, respectively...",What were the superconducting transition temperatures observed for the samples Nb3Al0.2Sn0.2Ge0.2Ga0.2Si0.2 and Nb3Al0.3Sn0.3Ge0.2Ga0.1Si0.1?,useful
2025-07-16T02:58:51.009276,arXiv_0907.0411,I. INTRODUCTION,Nb3Sn is a well known intermetallic compound with the cubic A15 structure at room temperature...,What were the superconducting transition temperatures observed for the samples Nb3Al0.2Sn0.2Ge0.2Ga0.2Si0.2 and Nb3Al0.3Sn0.3Ge0.2Ga0.1Si0.1?,not useful
2025-07-16T03:00:35.905046,arXiv_2102.12271,Abstract,Elemental and structural analyses revealed that the compositions of the obtained samples satisfied t,What structural characteristics were confirmed through elemental and structural analyses of the synthesized samples?,useful
2025-07-16T03:00:35.905046,arXiv_2005.14348,II. Experimental Details and Results,The structure was refined using TOPAS and Rietveld refinement analysis determined that the A15 was t,What structural characteristics were confirmed through elemental and structural analyses of the synthesized samples?,useful
2025-07-16T03:00:35.906047,arXiv_2309.11055,Experimental,Powder x-ray diffraction (PXRD) collected the phase composition and lattice structure information fr,What structural characteristics were confirmed through elemental and structural analyses of the synthesized samples?,useful
2025-07-16T03:01:29.136872,arXiv_2103.04960,# Spin-orbital model for fullerides,The multiorbital Hubbard model in the strong coupling limit is analyzed for the effectively antiferr,What is the primary model analyzed in the paper and how does it relate to the thermodynamics of the half-filled state?,useful
2025-07-16T03:01:29.136872,arXiv_1606.00430,#### B. Analytical results,Analytical results are possible through a series of simplifications...,What is the primary model analyzed in the paper and how does it relate to the thermodynamics of the half-filled state?,not useful
2025-07-16T03:01:29.137873,arXiv_1112.3412,### I. INTRODUCTION,Experimentalists report either total specific heat curves and/or curves that subtract the normal sta,What is the primary model analyzed in the paper and how does it relate to the thermodynamics of the half-filled state?,not useful
2025-07-16T03:01:29.137873,arXiv_2109.12446,#### C. The isotropic γ−model,The γ−model considers two bands with Fermi velocities...,What is the primary model analyzed in the paper and how does it relate to the thermodynamics of the half-filled state?,not useful
2025-07-16T03:01:29.137873,arXiv_cond-mat_0410463,#### **I. INTRODUCTION**,"Description for the µ0*H*c2(*T*) behavior of Nb3Sn is possible, independent of measuring technique..",What is the primary model analyzed in the paper and how does it relate to the thermodynamics of the half-filled state?,not useful
2025-07-16T03:02:17.591928,arXiv_2103.04960,# Spin-orbital model for fullerides,It is argued that the origin of these orbital orders is related to the Th point group symmetry.,Discuss the significance of the T_h point group symmetry in the context of the A15-structure fulleride model.,useful
2025-07-16T03:02:17.592928,arXiv_2103.04960,# A15 structure,"We can show that, without four-fold rotational symmetry as in Th point group symmetry in fulleride m",Discuss the significance of the T_h point group symmetry in the context of the A15-structure fulleride model.,useful
2025-07-16T03:03:08.737153,arXiv_2103.04960,# Spin-orbital model for fullerides,"Whereas the spin degeneracy remains in our treatment for the geometrically frustrated lattice, it is",How does the treatment of spin degeneracy differ between the fcc-fulleride model and the geometrically frustrated lattice as described in the paper?,useful
2025-07-16T03:03:08.738261,arXiv_2103.04960,# B. fcc structure,The absence of the spin S order is interpreted from the point of view of the coupling constant. Figu,How does the treatment of spin degeneracy differ between the fcc-fulleride model and the geometrically frustrated lattice as described in the paper?,useful
2025-07-16T03:03:08.741322,arXiv_1003.2937,NMR study of the Mott transitions to superconductivity in the two Cs3C60 phases,This confirms that the transferred internal field on 133Cs is partly compensated in the A15 AF phase,How does the treatment of spin degeneracy differ between the fcc-fulleride model and the geometrically frustrated lattice as described in the paper?,not useful
2025-07-16T03:03:08.742097,arXiv_1003.2937,NMR study of the Mott transitions to superconductivity in the two Cs3C60 phases,So both sites sense the same magnetic fluctuations through distinct hyperfine couplings.,How does the treatment of spin degeneracy differ between the fcc-fulleride model and the geometrically frustrated lattice as described in the paper?,not useful
2025-07-16T03:03:54.725162,arXiv_2010.07312,Influence of substrate-induced thermal stress on the superconducting properties of V3Si thin films,Thin films of superconducting V3Si were prepared... Critical temperatures (T*c) up to 15.3 K were de,"What is the maximum transition temperature of V3Si thin films, and how is it influenced by the annealing temperature?",useful
2025-07-16T03:03:54.725799,arXiv_2503.05124,Low temperature electrical resistance measurement,"Resistance measurements... sharp SC transition, with a Tc of 13 K... homogeneity of the V3Si thin fi","What is the maximum transition temperature of V3Si thin films, and how is it influenced by the annealing temperature?",useful
2025-07-16T03:03:54.725799,arXiv_2412.04159,In-situ Investigation of the Phase Formation and Superconductivity in V3Si Thin Films at High Temperatures,avoiding over-annealing... allows higher quality superconducting films to be achieved. The Tc of the,"What is the maximum transition temperature of V3Si thin films, and how is it influenced by the annealing temperature?",useful
2025-07-16T03:04:44.994001,arXiv_2104.00694,# Superconducting V3Si for quantum circuit applications,the large difference in thermal expansion rate between V3Si and the Si substrate leads to large ther,"What are the two main challenges identified in integrating V3Si with silicon technology, and how are these challenges addressed in the experimental setup?",useful
2025-07-16T03:04:44.994001,arXiv_2104.00694,# Superconducting V3Si for quantum circuit applications,the formation of the non-superconducting phase VSi2 at the interface with a silicon channel or subst,"What are the two main challenges identified in integrating V3Si with silicon technology, and how are these challenges addressed in the experimental setup?",useful
2025-07-16T03:04:44.994001,arXiv_2104.00694,## I. INTRODUCTION,"the build-up of strain in the final silicide film, which is known to negatively affect its critical ","What are the two main challenges identified in integrating V3Si with silicon technology, and how are these challenges addressed in the experimental setup?",useful
2025-07-16T03:04:44.994001,arXiv_2104.00694,# Superconducting V3Si for quantum circuit applications,"A process window is identified for silicide thicknesses of at least 100 nm, within which a trade-off","What are the two main challenges identified in integrating V3Si with silicon technology, and how are these challenges addressed in the experimental setup?",useful
2025-07-16T03:04:44.994001,arXiv_2503.05124,# Abstract,we have investigated the formation of V3Si films by directly depositing vanadium (V) onto thermally ,"What are the two main challenges identified in integrating V3Si with silicon technology, and how are these challenges addressed in the experimental setup?",useful
2025-07-16T03:05:32.318476,arXiv_2104.00694,## V. CONCLUSION,"the films were characterized post-annealing for resistivity, residual resistance ratio and supercond",Describe the process used to identify the process window for silicide thicknesses in the context of V3Si film quality and the formation of VSi2.,useful
2025-07-16T03:05:32.319477,arXiv_2104.00694,# Superconducting V3Si for quantum circuit applications,"For each thickness, six samples are prepared, which are then annealed at temperatures between 500 an",Describe the process used to identify the process window for silicide thicknesses in the context of V3Si film quality and the formation of VSi2.,useful
2025-07-16T03:05:32.319477,arXiv_2104.00694,## I. INTRODUCTION,"In systems where reservoirs of both Si and V are available, the undesired phase VSi2 is expected to ",Describe the process used to identify the process window for silicide thicknesses in the context of V3Si film quality and the formation of VSi2.,useful
2025-07-16T03:06:22.128461,arXiv_2104.01267,Background,The goal is to operate at higher temperatures and higher surface magnetic fields. Operating temperat,"What are the specific operating temperatures for Nb3Sn that the paper investigates, and why are these temperatures significant?",useful
2025-07-16T03:06:22.128461,arXiv_2203.06752,Medium term motivation: High Q at high T,"Nb3Sn has a critical temperature of ~18 K, about twice that of niobium, allowing it to achieve a hig","What are the specific operating temperatures for Nb3Sn that the paper investigates, and why are these temperatures significant?",useful
2025-07-16T03:06:22.128461,arXiv_2007.07103,1. Introduction,Nb3Sn cavities have the potential to achieve high quality factor Q0 when operated at 4 K and can rep,"What are the specific operating temperatures for Nb3Sn that the paper investigates, and why are these temperatures significant?",useful
2025-07-16T03:06:22.129461,arXiv_2311.00841,INTRODUCTION,Nb3Sn is widely used for producing superconducting magnet wires.,"What are the specific operating temperatures for Nb3Sn that the paper investigates, and why are these temperatures significant?",not useful
2025-07-16T03:06:22.129461,arXiv_1310.6729,4.1 Viewpoint of our specific heat studies,This plot reveals significant differences in the wires with increasing heat treatment.,"What are the specific operating temperatures for Nb3Sn that the paper investigates, and why are these temperatures significant?",not useful
2025-07-16T03:07:25.993864,arXiv_2104.01267,Abstract,Our simulations indicate that limiting fields observed presently in the experiments with RF fields c,How does the thermal impedance of Nb3Sn impact the RF field limits according to the simulations conducted in the paper?,useful
2025-07-16T03:07:25.993864,arXiv_2104.01267,Discussion,"The critical thickness for which thermal runaway occurs is, at least, several millimeter... The typi",How does the thermal impedance of Nb3Sn impact the RF field limits according to the simulations conducted in the paper?,useful
2025-07-16T03:07:25.993864,arXiv_2104.01267,Kapitza conductance,Kapitza conductance... High Kapitza conductance means a very low Kapitza resistance... removal of he,How does the thermal impedance of Nb3Sn impact the RF field limits according to the simulations conducted in the paper?,useful
2025-07-16T03:07:25.994868,arXiv_2104.01267,Discussion,"These simulations... suggest there is an external limitation, not intrinsic to the material. Perhaps",How does the thermal impedance of Nb3Sn impact the RF field limits according to the simulations conducted in the paper?,useful
2025-07-16T03:08:15.555971,arXiv_2104.01267,# **Discussion**,The critical thickness drops by about two orders of magnitude when the residual surface resistance i,"What factors, in addition to thermal conductivity, are mentioned as contributing to the thermal instability in Nb3Sn cavities?",useful
2025-07-16T03:08:15.558965,arXiv_1909.05695,#### I. INTRODUCTION,The best cavities reached above E*acc >* 15 MV/m and demonstrated quality factors above 1011...limit,"What factors, in addition to thermal conductivity, are mentioned as contributing to the thermal instability in Nb3Sn cavities?",useful
2025-07-16T03:08:15.558965,arXiv_2104.01267,# **Discussion**,Under the assumption of the thermal resistance value reported... demonstrated that there is little d,"What factors, in addition to thermal conductivity, are mentioned as contributing to the thermal instability in Nb3Sn cavities?",useful
2025-07-16T03:09:05.337849,arXiv_2105.11015,# **V. I. Telnov**,"a twin (dual) LC is proposed. In this article, I consider the principle scheme of the collider and e",What are the two operational modes of the proposed collider and what luminosity can be achieved at 250 GeV using different superconducting technologies?,useful
2025-07-16T03:09:05.337849,arXiv_2105.11015,## **12 Conclusion**,The proposed scheme of a twin linear collider opens the way to an energy-recovery LC with multiple u,What are the two operational modes of the proposed collider and what luminosity can be achieved at 250 GeV using different superconducting technologies?,useful
2025-07-16T03:09:44.301562,arXiv_2105.11015,Summary of collision effects,We have considered various limitations on the luminosity due to collision effects. The maximum lumin,What are the collision effects discussed in Section 3 that limit the luminosity of the superconducting twin linear collider?,useful
2025-07-16T03:09:44.301562,arXiv_2105.11015,Collision effects limiting the luminosity,Collision effects limiting the luminosity...,What are the collision effects discussed in Section 3 that limit the luminosity of the superconducting twin linear collider?,useful
2025-07-16T03:11:32.955786,arXiv_2105.13123,Resonance Eects,"However, a simple scaling of the bands as function of P leads to TC-variations through 3 main channe",What is the significance of the Fano Feshbach resonance in relation to the amplification of T<C> in CSH<x>?,useful
2025-07-16T03:11:32.955786,arXiv_2105.13123,Room temperature superconductivity dome at a Fano resonance in superlattices of wires,The key idea of the BPV theory is to calculate the exchange contact interaction (neglected in standa,What is the significance of the Fano Feshbach resonance in relation to the amplification of T<C> in CSH<x>?,useful
2025-07-16T03:11:32.956313,arXiv_2105.13123,Room temperature superconductivity dome at a Fano resonance in superlattices of wires,"The emergence of these quantum mechanical resonances, called here Fano resonance, between different ",What is the significance of the Fano Feshbach resonance in relation to the amplification of T<C> in CSH<x>?,useful
2025-07-16T03:11:32.956313,arXiv_1606.00430,INTRODUCTION,The Bardeen-Cooper-Schrieffer (BCS) expression for the superconducting transition temperature Tc is ,What is the significance of the Fano Feshbach resonance in relation to the amplification of T<C> in CSH<x>?,useful
2025-07-16T03:11:32.956313,arXiv_cond-mat_0607554,Resonance Eects,"For this reason, studies of the gap feature as a function of the incoming photon energy were pursued",What is the significance of the Fano Feshbach resonance in relation to the amplification of T<C> in CSH<x>?,not useful
2025-07-16T03:12:24.361928,arXiv_2105.13123,Abstract,the structure of CSHx is still object of research. It has been shown that H3S is made of a 3D hetero,How does the structure of CSH<x> relate to the nanoscale heterostructures discussed in the paper?,useful
2025-07-16T03:12:24.361928,arXiv_2105.13123,Abstract,the superconductivity dome of TC versus pressure is driven by both electron-phonon coupling and cont,How does the structure of CSH<x> relate to the nanoscale heterostructures discussed in the paper?,useful
2025-07-16T03:12:24.362928,arXiv_2105.13123,Abstract,"the external pressure tunes the compressive strain of short H-H bonds in the wires, and the long bon",How does the structure of CSH<x> relate to the nanoscale heterostructures discussed in the paper?,useful
2025-07-16T03:13:21.226642,arXiv_2404.09187,1. Introduction,"In 1911, Onnes discovered that the DC resistance of Hg suddenly drops to zero at 4.2K, marking the b",What historical context is provided regarding the discovery of superconductivity and its evolution to the present findings?,useful
2025-07-16T03:13:21.227643,arXiv_1505.06393,I. Introduction,Until the discovery by Hardy and Hulm of 17.1 K superconductivity in cubic A15 structure V3Si in Mar,What historical context is provided regarding the discovery of superconductivity and its evolution to the present findings?,useful
2025-07-16T03:13:21.227643,arXiv_cond-mat_0607554,IV. HIGH TEMPERATURE SUPERCONDUCTING CUPRATES,The story of the cuprates began with the discovery of superconductivity by Bednorz and Muller (1986),What historical context is provided regarding the discovery of superconductivity and its evolution to the present findings?,useful
2025-07-16T03:13:21.227643,arXiv_2109.12446,I. INTRODUCTION,"At the time of its discovery in 1953 [1], a cubic (A15 structure) V3Si compound had the highest supe",What historical context is provided regarding the discovery of superconductivity and its evolution to the present findings?,useful
2025-07-16T03:13:21.227643,arXiv_1012.1771,1. Introduction,Superconductivity is also limited by critical magnetic fields (Hc) and current densities (Jc) at tem,What historical context is provided regarding the discovery of superconductivity and its evolution to the present findings?,useful
2025-07-16T03:14:10.227917,arXiv_2107.14689,# II. EXPERIMENTAL METHODS AND CALCULATIONS,"Electrical resistivity (ρxx), Hall resistivity (ρxy), and magnetization measurements were carried ou",What experimental techniques were used to measure the longitudinal resistivity and Hall resistivity of Nb3Sb crystals?,useful
2025-07-16T03:14:10.227917,arXiv_2107.14689,#### III. RESULTS AND DISCUSSION,We discuss the longitudinal resistivity ρxx of Nb3Sb measured at various temperatures and in differe,What experimental techniques were used to measure the longitudinal resistivity and Hall resistivity of Nb3Sb crystals?,useful
2025-07-16T03:15:02.058310,arXiv_2107.14689,Large Magnetoresistance and Nontrivial Berry Phase in Nb3Sb Crystals with A15 Structure,"Nb3Sb exhibits large magnetoresistance (MR) at low temperatures (717%, 2 K and 9 T), unsaturating qu","How does the magnetoresistance behavior of Nb3Sb relate to carrier compensation, as described in the introduction?",useful
2025-07-16T03:15:02.058310,arXiv_2107.14689,Introduction,The Hall resistivity data indicates that Nb3Sb is a perfect hole-electron compensated semimetal.,"How does the magnetoresistance behavior of Nb3Sb relate to carrier compensation, as described in the introduction?",useful
2025-07-16T03:15:02.058310,arXiv_2107.14689,Results and Discussion,"The ne and nh values are almost the same below 100 K, such as at 2 K, ne = 1.83 × 10^19 cm−3, and nh","How does the magnetoresistance behavior of Nb3Sb relate to carrier compensation, as described in the introduction?",useful
2025-07-16T03:15:56.118827,arXiv_2107.14689,# Large Magnetoresistance and Nontrivial Berry Phase in Nb3Sb Crystals with A15 Structure,The nonzero Berry phase obtained from the de-Hass van Alphen (dHvA) oscillations demonstrates that N,What evidence is provided in the paper to support the conclusion that Nb3Sb is topologically nontrivial?,useful
2025-07-16T03:15:56.119827,arXiv_2107.14689,III. RESULTS AND DISCUSSION,All the results for other frequencies are listed in Table I.,What evidence is provided in the paper to support the conclusion that Nb3Sb is topologically nontrivial?,useful
2025-07-16T03:15:56.119827,arXiv_1807.03405,Abstract,Our study shows that the A15 superconductors are promising candidates for the realization of the top,What evidence is provided in the paper to support the conclusion that Nb3Sb is topologically nontrivial?,useful
2025-07-16T03:15:56.119827,arXiv_2310.18245,"# D. Topological properties of Nb3X (X = Ge, Sn, Sb): effects of Coulomb repulsion","After the opening of the gap, the calculation of Z2 is well-defined and we obtain the four Z2 topolo",What evidence is provided in the paper to support the conclusion that Nb3Sb is topologically nontrivial?,useful
2025-07-16T03:17:31.789063,arXiv_2108.11904,Abstract,"The large gain in R/Q has a major beneficial impact on the refrigerator heat load, the RF power, and",What is the significance of the 100% increase in R/Q for the ILC upgrade to 3 TeV and how does it impact heat load and RF power?,useful
2025-07-16T03:18:15.102778,arXiv_2108.11904,INTRODUCTION,the cost of starting at 250 GeV as a Higgs Factory ... has dropped considerably (40%) from the origi,How has the cost estimate for starting the ILC at 250 GeV changed compared to the original TDR estimate for the 500 GeV machine?,useful
2025-07-16T03:19:08.614420,arXiv_2109.03982,Abstract,Protecting a high temperature superconducting (HTS) magnet from a quench event is a challenging task,What are the specific challenges associated with detecting quench events in HTS magnets as discussed in the introduction?,useful
2025-07-16T03:19:08.615424,arXiv_1808.02864,Discussion,"Important concerns with REBCO conductors, despite their high stability, are that they contain locali",What are the specific challenges associated with detecting quench events in HTS magnets as discussed in the introduction?,useful
2025-07-16T03:19:08.615424,arXiv_2203.08309,Executive Summary,"Indeed, present quench detection systems based on growth of resistive voltage are not effective for ",What are the specific challenges associated with detecting quench events in HTS magnets as discussed in the introduction?,useful
2025-07-16T03:19:08.615424,arXiv_2203.08309,FIBER OPTICS SENSOR FOR QUENCH DETECTION,Those sensors are extremely promising tools since they can be wound together with a coil and used to,What are the specific challenges associated with detecting quench events in HTS magnets as discussed in the introduction?,useful
2025-07-16T03:19:58.640380,arXiv_2109.03982,# **5. Summary**,the temperature dependence of critical current between LTS and HTS...makes LTSs good quench detector,"How does the temperature dependence of critical current differ between LTS and HTS materials, and what impact does this have on quench detection?",useful
2025-07-16T03:19:58.641381,arXiv_2109.03982,# **I. Introduction**,HTS has higher critical temperature (Tc) than LTS...the critical current (Ic) of HTS decreases with ,"How does the temperature dependence of critical current differ between LTS and HTS materials, and what impact does this have on quench detection?",useful
2025-07-16T03:19:58.641381,arXiv_2109.03982,# **Abstract**,It is the significant difference in the temperature dependence of critical current between LTS and H,"How does the temperature dependence of critical current differ between LTS and HTS materials, and what impact does this have on quench detection?",useful
2025-07-16T03:19:58.641381,arXiv_2109.03982,# **II. A theoretical explanation**,"However, here it will be demonstrated it is not the NZPV, but the resistance-temperature characteris","How does the temperature dependence of critical current differ between LTS and HTS materials, and what impact does this have on quench detection?",useful
2025-07-16T03:20:47.283444,arXiv_2109.03982,Abstract,Using a NbTi low temperature superconducting (LTS) wire to detect quench in coils wound with ReBCO H,"According to the simulations presented in the paper, what conditions are necessary for LTS quench detectors to be effective, particularly concerning matrix fraction and resistivity?",useful
2025-07-16T03:20:47.284445,arXiv_2109.03982,5. Summary,LTS quench detector will be loaded with a small monitoring current... High purity copper matrix shou,"According to the simulations presented in the paper, what conditions are necessary for LTS quench detectors to be effective, particularly concerning matrix fraction and resistivity?",useful
2025-07-16T03:20:47.284445,arXiv_2109.03982,4. High field application,A good TCR of 0.1 Km/W is assumed for the simulations in this section... it is all assumed the same ,"According to the simulations presented in the paper, what conditions are necessary for LTS quench detectors to be effective, particularly concerning matrix fraction and resistivity?",useful
2025-07-16T03:20:47.284445,arXiv_2109.03982,3. Effect of TCR between HTS cable and LTS quench detector,When a Φ0.3 mm NbTi is attached to ReBCO tape... a poor thermal contact condition could be deathful ,"According to the simulations presented in the paper, what conditions are necessary for LTS quench detectors to be effective, particularly concerning matrix fraction and resistivity?",useful
2025-07-16T03:21:31.811222,arXiv_2109.07066,Abstract,"The highest film *Tc* was 17.76 K, obtained when the multilayers were deposited at room temperature.","What substrate temperature yielded the highest superconducting critical temperature Tc for the Nb3Sn films, and what was the measured Tc at that temperature?",useful
2025-07-16T03:21:31.812223,arXiv_2007.07103,Conclusion,The highest *Tc* =17.83 K was obtained from the film annealed at 800 °C for 24 h.,"What substrate temperature yielded the highest superconducting critical temperature Tc for the Nb3Sn films, and what was the measured Tc at that temperature?",useful
2025-07-16T03:22:21.289937,arXiv_2109.07066,Abstract,"The material properties of the films were characterized by X-ray diffraction, scanning electron micr","Which characterization techniques were employed to study the material properties of the Nb3Sn films after annealing, and what specific features do these techniques reveal?",useful
2025-07-16T03:22:21.289937,arXiv_2004.10921,Abstract,"The crystal structure, surface morphology, surface topography, and film composition were characteriz","Which characterization techniques were employed to study the material properties of the Nb3Sn films after annealing, and what specific features do these techniques reveal?",useful
2025-07-16T03:22:21.289937,arXiv_2007.07103,Abstract,"The film properties were characterized by X-ray diffraction, scanning electron microscopy, atomic fo","Which characterization techniques were employed to study the material properties of the Nb3Sn films after annealing, and what specific features do these techniques reveal?",useful
2025-07-16T03:23:11.770340,arXiv_2405.00211,# Healing Gradient Degradation in Nb3Sn SRF Cavities Using a Recoating Method,"Despite having advantageous superconducting properties, Nb3Sn superconducting radiofrequency (SRF) c","What are the limitations of using bulk Nb3Sn for superconducting radiofrequency cavities, and how do Nb3Sn-coated Nb cavities address these limitations?",useful
2025-07-16T03:23:11.770340,arXiv_2007.07103,### 1. Introduction,Nb3Sn is of interest as a coating for superconducting radiofrequency (SRF) cavities due to its highe,"What are the limitations of using bulk Nb3Sn for superconducting radiofrequency cavities, and how do Nb3Sn-coated Nb cavities address these limitations?",useful
2025-07-16T03:23:11.770340,arXiv_2203.06752,# **Executive summary**,Current Nb3Sn cavities show gradient limitation significantly below niobium cavities. The best Nb3Sn,"What are the limitations of using bulk Nb3Sn for superconducting radiofrequency cavities, and how do Nb3Sn-coated Nb cavities address these limitations?",useful
2025-07-16T03:23:11.770340,arXiv_2008.00599,## **I. Introduction**,Superconducting radiofrequency (SRF) cavities are widely used for particle beam acceleration because,"What are the limitations of using bulk Nb3Sn for superconducting radiofrequency cavities, and how do Nb3Sn-coated Nb cavities address these limitations?",useful
2025-07-16T03:23:11.771344,arXiv_1810.13301,## I. INTRODUCTION,The performance of Nb as a material for superconducting radiofrequency (SRF) cavities is reaching fu,"What are the limitations of using bulk Nb3Sn for superconducting radiofrequency cavities, and how do Nb3Sn-coated Nb cavities address these limitations?",useful
2025-07-16T03:24:03.276825,arXiv_2109.12446,# Multi-band s++ superconductivity in V3Si determined from the response to a controlled disorder,"The London penetration depth, λ(T), was measured in a single crystal V3Si... a total dose of 10 C/cm","What effect does controlled non-magnetic disorder have on the superconducting transition temperature, Tc, of V3Si, and how is this measured?",useful
2025-07-16T03:24:03.277828,arXiv_2109.12446,## IV. CONCLUSIONS,We used controlled point-like disorder induced by 2.5 MeV electron irradiation at different doses...,"What effect does controlled non-magnetic disorder have on the superconducting transition temperature, Tc, of V3Si, and how is this measured?",useful
2025-07-16T03:24:50.775135,arXiv_2109.12446,# Multi-band s++ superconductivity in V3Si determined from the response to a controlled disorder,Our electronic band-structure calculations show how five bands crossing the Fermi energy can be natu,"How do the electronic band-structure calculations support the existence of two effective gaps in V3Si, and what are the values of these gaps?",useful
2025-07-16T03:24:50.775135,arXiv_2304.10766,Results,"With considering the temperature and system broadening..., the fitting...yields Δ1= 1.36 meV, Δ2= 1.","How do the electronic band-structure calculations support the existence of two effective gaps in V3Si, and what are the values of these gaps?",useful
2025-07-16T03:24:50.775135,arXiv_2109.12446,Electronic band-structure,"The band structure of V3Si...has flat pieces along...show complex FS for both bands 3 and 4, which h","How do the electronic band-structure calculations support the existence of two effective gaps in V3Si, and what are the values of these gaps?",useful
2025-07-16T03:25:42.006798,arXiv_2109.12446,IV. CONCLUSIONS,We observe: (1) exponentially attenuated low-temperature behavior of λ (T) (which means a fully gapp,What experimental results and theoretical analyses led to the conclusion that V3Si exhibits s++ superconductivity?,useful
2025-07-16T03:25:42.007798,arXiv_2109.12446,# Multi-band s++ superconductivity in V3Si determined from the response to a controlled disorder,The superfluid density obtained from this measurement shows a distinct signature of two almost decou,What experimental results and theoretical analyses led to the conclusion that V3Si exhibits s++ superconductivity?,useful
2025-07-16T03:25:42.008370,arXiv_2109.12446,# Multi-band s++ superconductivity in V3Si determined from the response to a controlled disorder,"This substantial suppression is impossible for a single isotropic gap, but also it is not large enou",What experimental results and theoretical analyses led to the conclusion that V3Si exhibits s++ superconductivity?,useful
2025-07-16T03:25:42.008370,arXiv_2109.12446,# Multi-band s++ superconductivity in V3Si determined from the response to a controlled disorder,"Thus, the experimental results and theoretical analysis provide strong support for an s++ supercondu",What experimental results and theoretical analyses led to the conclusion that V3Si exhibits s++ superconductivity?,useful
2025-07-16T03:26:35.108225,arXiv_2110.01296,# Thin Film (High Temperature) Superconducting Radiofrequency Cavities for the Search of Axion Dark Matter,"Suitable materials for this application are for example REBa2Cu3O7−x, Nb3Sn or NbN.","What are the specific superconducting materials investigated for coating the cavities, and why are high critical magnetic fields required?",useful
2025-07-16T03:26:35.109727,arXiv_2203.06752,# **Introduction**,"While research continues on improving niobium cavity performance, research effort is also being dedi","What are the specific superconducting materials investigated for coating the cavities, and why are high critical magnetic fields required?",useful
2025-07-16T03:26:35.109727,arXiv_2204.02536,### 5.2 Alternate superconducting materials on Nb or Cu substrates,"However, their Hc1 is generally lower than Nb and, at present, none of these materials match Nb in t","What are the specific superconducting materials investigated for coating the cavities, and why are high critical magnetic fields required?",useful
2025-07-16T03:26:35.109727,arXiv_2406.00817,# 3.2 High Energy Physics,The current density for new colliders needs to be at least 103 A/mm2 in magnetic fields around 25 T.,"What are the specific superconducting materials investigated for coating the cavities, and why are high critical magnetic fields required?",useful
2025-07-16T03:27:27.843798,arXiv_2110.01296,CAVITY DESIGN,the design had to be adapted: the irises have been removed and the corners rounded.,What design features were considered in the microwave cavity to facilitate superconducting coating and compatibility with accelerator magnets?,useful
2025-07-16T03:27:27.844312,arXiv_2110.01296,CAVITY DESIGN,"The cavity is designed to have a large volume (given the frequency), high geometric and quality fact",What design features were considered in the microwave cavity to facilitate superconducting coating and compatibility with accelerator magnets?,useful
2025-07-16T03:27:27.844312,arXiv_2110.01296,CAVITY DESIGN,The superconducting tape was attached to the walls in the flow direction of the currents.,What design features were considered in the microwave cavity to facilitate superconducting coating and compatibility with accelerator magnets?,useful
2025-07-16T03:27:27.844312,arXiv_1711.05871,Evidence for quantized vortex entry in Nb3Sn,the higher κ superconductors such as the A15 compounds and cuprates... exhibit limitations that prev,What design features were considered in the microwave cavity to facilitate superconducting coating and compatibility with accelerator magnets?,useful
2025-07-16T03:27:27.844831,arXiv_1401.3931,INTRODUCTION,Protection of superconducting magnet is a fascinating subject that involves different branches of ph,What design features were considered in the microwave cavity to facilitate superconducting coating and compatibility with accelerator magnets?,not useful
2025-07-16T03:27:27.844831,arXiv_1501.07169,2.1 Introduction,The challenge in manufacturing superconducting magnets for accelerators...,What design features were considered in the microwave cavity to facilitate superconducting coating and compatibility with accelerator magnets?,not useful
2025-07-16T03:29:08.430817,arXiv_2110.02025,"Possible unconventional pairing in (Ca,Sr)3(Ir,Rh)4Sn13 superconductors revealed by controlling disorder","the CDW transition temperature, TCDW, is universally suppressed by irradiation in all three composit","What is the effect of 2.5 MeV electron irradiation on the CDW transition temperature, TCDW, in the studied compounds?",useful
2025-07-16T03:29:08.431822,arXiv_2110.02025,A. Interplay of charge-density wave and superconductivity,the closer to QCP Ca3Ir4Sn13 shows a much larger suppression rate.,"What is the effect of 2.5 MeV electron irradiation on the CDW transition temperature, TCDW, in the studied compounds?",useful
2025-07-16T03:29:49.066641,arXiv_2110.02025,## B. Sr3Rh4Sn<sup>13</sup>,the CDW transition is monotonically suppressed with the increase of disorder... the response of Tc t,"How does the superconducting transition temperature, Tc, behave in Sr3Rh4Sn13 in response to irradiation, and what does this suggest about the interaction between superconductivity and CDW order?",useful
2025-07-16T03:29:49.066641,arXiv_2110.02025,### I. INTRODUCTION,"we find that in 3-4-13 compounds, the CDW transition is universally suppressed by disorder. We also ","How does the superconducting transition temperature, Tc, behave in Sr3Rh4Sn13 in response to irradiation, and what does this suggest about the interaction between superconductivity and CDW order?",useful
2025-07-16T03:30:32.766166,arXiv_2110.02025,V. CONCLUSIONS,"However, the measured temperature dependence of the London penetration depth, indicates a full isotr",What theoretical model is employed to explain the observed single isotropic superconducting gap in Ca3Rh4Sn13 despite the significant suppression of Tc by non-magnetic disorder?,useful
2025-07-16T03:30:32.766166,arXiv_2110.02025,I. INTRODUCTION,This apparent contradiction is resolved by a detailed theoretical analysis of possible pairing state,What theoretical model is employed to explain the observed single isotropic superconducting gap in Ca3Rh4Sn13 despite the significant suppression of Tc by non-magnetic disorder?,useful
2025-07-16T03:30:32.766166,arXiv_2110.02025,F. Constraints on pairing from sensitivity to disorder scattering,"Consequently, the unconventional A +− 1g state is thus far the only option consistent with our measu",What theoretical model is employed to explain the observed single isotropic superconducting gap in Ca3Rh4Sn13 despite the significant suppression of Tc by non-magnetic disorder?,useful
2025-07-16T03:31:21.750286,arXiv_2110.02464,# Anomalously small superconducting gap in the strong spin-orbit coupled superconductor: β−Tungsten,"Using time-domain THz spectroscopy, we measure the frequency response of the complex optical conduct","What experimental technique was used to measure the complex optical conductivity of β−tungsten thin films, and what temperature was the superconducting state observed at?",useful
2025-07-16T03:31:21.751286,arXiv_2110.02464,#### I. TIME-DOMAIN THZ MEASUREMENT,The complex optical conductance was obtained using time-domain THz spectroscopy.,"What experimental technique was used to measure the complex optical conductivity of β−tungsten thin films, and what temperature was the superconducting state observed at?",useful
2025-07-16T03:32:14.981095,arXiv_2110.02464,# Anomalously small superconducting gap in the strong spin-orbit coupled superconductor: β−Tungsten,the superconducting gap and the superfluid density can be described phenomenologically in terms of B,"How does the superconducting gap and superfluid spectral weight in β−tungsten compare to expectations from weakly coupled superconductors, and what alternative explanations were considered for this observation?",useful
2025-07-16T03:32:14.981095,arXiv_2110.02464,# Anomalously small superconducting gap in the strong spin-orbit coupled superconductor: β−Tungsten,the conclusion of a small gap holds up even when accounting for possible inhomogeneities in the syst,"How does the superconducting gap and superfluid spectral weight in β−tungsten compare to expectations from weakly coupled superconductors, and what alternative explanations were considered for this observation?",useful
2025-07-16T03:32:14.982097,arXiv_2110.02464,# Anomalously small superconducting gap in the strong spin-orbit coupled superconductor: β−Tungsten,In an effective medium of normal Drude-metal and superconductor that have volume fractions f and 1 −,"How does the superconducting gap and superfluid spectral weight in β−tungsten compare to expectations from weakly coupled superconductors, and what alternative explanations were considered for this observation?",useful
2025-07-16T03:32:14.982097,arXiv_2110.02464,# Anomalously small superconducting gap in the strong spin-orbit coupled superconductor: β−Tungsten,one possibility is that the gap is strongly anisotropic in momentum space...,"How does the superconducting gap and superfluid spectral weight in β−tungsten compare to expectations from weakly coupled superconductors, and what alternative explanations were considered for this observation?",useful
2025-07-16T03:33:00.165268,arXiv_2110.02464,# Anomalously small superconducting gap in the strong spin-orbit coupled superconductor: β−Tungsten,The study of superconductivity in β−W thin films has proven to be challenging ... mainly because of ,"What challenges are associated with studying the superconductivity of β−W thin films, and how do these challenges relate to the stability of its crystalline phase?",useful
2025-07-16T03:33:00.165268,arXiv_2110.02464,# Anomalously small superconducting gap in the strong spin-orbit coupled superconductor: β−Tungsten,Our observations pose a challenge and opportunity for a theory of strongly anisotropic normal metals,"What challenges are associated with studying the superconductivity of β−W thin films, and how do these challenges relate to the stability of its crystalline phase?",useful
2025-07-16T03:33:39.195009,arXiv_2111.12391,Abstract,"The V3*X* sample shows bulk superconductivity with a transition temperature (Tc) of 6.4 K, which is ",What is the transition temperature (Tc) of the V3*X* sample and how does it compare to that of V3Ge?,useful
2025-07-16T03:33:39.196519,arXiv_1505.06393,1. A15's from a materials perspective,For V3Ga (Tc=13.9 K) and V3Ge (Tc=6.1 K) the results for Tc vs hydrostatic pressure were +1.0 x 10-5,What is the transition temperature (Tc) of the V3*X* sample and how does it compare to that of V3Ge?,useful
2025-07-16T03:34:12.870653,arXiv_2111.12391,Abstract,"The V3*X* sample shows bulk superconductivity with a transition temperature (Tc) of 6.4 K, which is ",What is the upper critical field (Bc2(0)) of the V3*X* sample and how much higher is it compared to the upper critical field of V3Ge?,useful
2025-07-16T03:34:52.309786,arXiv_2111.12391,Abstract,we propose that the V3*X* is an example of a CCA-type compound superconductor with a high *B*c2 impr,How does the concept of compositional complexity apply to the V3*X* sample in terms of the number of different A15 phases and their configurational entropy?,useful
2025-07-16T03:34:52.309786,arXiv_2111.12391,Abstract,the broad peaks for V3*X*-A were fitted by assuming five phases having different lattice parameters ,How does the concept of compositional complexity apply to the V3*X* sample in terms of the number of different A15 phases and their configurational entropy?,useful
2025-07-16T03:34:52.310790,arXiv_2111.12391,Abstract,the presence of at least five different A15 phases with high configurational entropy of mixing were ,How does the concept of compositional complexity apply to the V3*X* sample in terms of the number of different A15 phases and their configurational entropy?,useful
2025-07-16T03:35:34.141389,arXiv_2112.12775,# Impact of the superconductors properties on the measurement sensitivity of resonant-based axion detectors,Both YBa2Cu3O7−δ and FeSe0.5Te0.5 are shown to improve the measurement sensitivity by almost an orde,"What are the surface resistance values computed for the superconductors investigated in the study, and how do these values influence the quality factor Q of the haloscopes?",useful
2025-07-16T03:35:34.141389,arXiv_2112.12775,### 5. Conclusion,The results show that even at 5 T at low frequencies ν s allowing to reach performances comparable t,"What are the surface resistance values computed for the superconductors investigated in the study, and how do these values influence the quality factor Q of the haloscopes?",useful
2025-07-16T03:35:34.141389,arXiv_2112.12775,# 4. Results and discussion,The performance comparison is based on the figure of merit B2Q. In Figure 4... (B2Q)YBCO/(B2Q)Cu is ,"What are the surface resistance values computed for the superconductors investigated in the study, and how do these values influence the quality factor Q of the haloscopes?",useful
2025-07-16T03:35:34.142892,arXiv_2112.12775,### 3. Experimental section,"In this section the surface resistance of NbTi, Nb3Sn, YBCO and FeSeTe is evaluated starting from th","What are the surface resistance values computed for the superconductors investigated in the study, and how do these values influence the quality factor Q of the haloscopes?",useful
2025-07-16T03:36:12.478325,arXiv_2112.12775,# Impact of the superconductors properties on the measurement sensitivity of resonant-based axion detectors,Both YBa2Cu3O7−δ and FeSe0.5Te0.5 are shown to improve the measurement sensitivity by almost an orde,How does the use of YBa2Cu3O7−δ and FeSe0.5Te0.5 affect the measurement sensitivity of the axion detectors compared to a copper cavity?,useful
2025-07-16T03:36:12.478325,arXiv_2112.12775,### 5. Conclusion,"YBCO is shown to be the best choice, leading to an increase of the measurement sensitivity by a fact",How does the use of YBa2Cu3O7−δ and FeSe0.5Te0.5 affect the measurement sensitivity of the axion detectors compared to a copper cavity?,useful
2025-07-16T03:36:12.479325,arXiv_2203.06752,# **Additional motivation: Dark sector searches**,Nb3Sn could have a distinct advantage for these searches due to its ability to remain superconductin,How does the use of YBa2Cu3O7−δ and FeSe0.5Te0.5 affect the measurement sensitivity of the axion detectors compared to a copper cavity?,useful
2025-07-16T03:36:52.735468,arXiv_2112.12775,# Impact of the superconductors properties on the measurement sensitivity of resonant-based axion detectors,the quality factor Q of a cylindrical haloscope... operating with the TM010 mode... NbTi is shown to,"What is the frequency range considered for the assessment of the different superconductors' performance in axion detection, and how does NbTi's suitability vary within this range?",useful
2025-07-16T03:36:52.735468,arXiv_2112.12775,### 5. Conclusion,"YBCO is shown to be the best choice, leading to an increase of the measurement sensitivity by a fact","What is the frequency range considered for the assessment of the different superconductors' performance in axion detection, and how does NbTi's suitability vary within this range?",useful
2025-07-16T03:36:52.736472,arXiv_1501.07169,## **Abstract**,The increase of energy in accelerators over the past decades has led to the design of superconductin,"What is the frequency range considered for the assessment of the different superconductors' performance in axion detection, and how does NbTi's suitability vary within this range?",not useful
2025-07-16T03:36:52.736472,arXiv_cond-mat_0109088,## **5. Conclusions**,"This review gives a summary of the developments of Nb3Al superconductors... highest *J*c, *B*c2, *T*","What is the frequency range considered for the assessment of the different superconductors' performance in axion detection, and how does NbTi's suitability vary within this range?",not useful
2025-07-16T03:36:52.736472,arXiv_2109.03982,#### **3. Effect of TCR between HTS cable and LTS quench detector**,"In the early simulations, the TCR is assumed a rather low value... LTS quench detector still shows s","What is the frequency range considered for the assessment of the different superconductors' performance in axion detection, and how does NbTi's suitability vary within this range?",not useful
2025-07-16T03:37:27.334937,arXiv_2201.10733,# Measurement of high quality factor superconducting cavities in tesla-scale magnetic fields for dark matter searches,A quality factor of (5.3 ± 0.3)×105 is obtained at 3.9 GHz and 6 T at 4.2 K.,What quality factor was obtained at 3.9 GHz and 6 T at 4.2 K for the tested cavities?,useful
2025-07-16T03:38:05.876670,arXiv_2201.10733,I. INTRODUCTION,"The scan rate is proportional to B4 0V 2C 2QeffT −2 n , where B0 = max|B| is the applied magnetic fi",How does the scan rate for axion searches relate to the applied magnetic field strength and the quality factor?,useful
2025-07-16T03:38:05.876670,arXiv_2402.12892,A. Microwave cavity,A higher quality factor results in converted microwave photons surviving inside the cavity for longe,How does the scan rate for axion searches relate to the applied magnetic field strength and the quality factor?,useful
2025-07-16T03:38:05.876670,arXiv_2201.10733,I. INTRODUCTION,"The effective quality factor of the cavity Qeff nominally depends on Q0, Qext, and Qa...there is a s",How does the scan rate for axion searches relate to the applied magnetic field strength and the quality factor?,useful
2025-07-16T03:38:43.653830,arXiv_2201.10733,I. INTRODUCTION,Superconducting radiofrequency (SRF) cavities have been used in particle accelerator applications fo,What are the typical values for the quality factor Q0 and the accelerating gradient Eacc in modern superconducting radiofrequency cavities?,useful
2025-07-16T03:38:43.654831,arXiv_2001.07821,## 3. Cavity performance,Test 1 recorded Q0 of 3x10^10 at Eacc of 1 MV/m and Q0 of 4x10^9 at Eacc of 10 MV/m.,What are the typical values for the quality factor Q0 and the accelerating gradient Eacc in modern superconducting radiofrequency cavities?,useful
2025-07-16T03:38:43.654831,arXiv_2203.06752,# Introduction,the maximum accelerating gradient of Nb cavities has reached as high as ~50 MV/m.,What are the typical values for the quality factor Q0 and the accelerating gradient Eacc in modern superconducting radiofrequency cavities?,useful
2025-07-16T03:39:27.926025,arXiv_2202.06107,# Nonlinear Meissner effect in Nb3Sn coplanar resonators.,We investigated the nonlinear Meissner effect (NLME) in Nb3Sn thin film coplanar resonators by measu,What was the main experimental methodology used to investigate the nonlinear Meissner effect in Nb3Sn thin films?,useful
2025-07-16T03:39:27.926025,arXiv_2202.06107,# Nonlinear Meissner effect in Nb3Sn coplanar resonators.,"To extend the field region of the NLME, we performed our measurements on thin films of thickness d 1",What was the main experimental methodology used to investigate the nonlinear Meissner effect in Nb3Sn thin films?,useful
2025-07-16T03:39:27.926025,arXiv_2211.11537,## II. EXPERIMENTAL DETAILS,Our study used conventional Nb3Sn superconducting thin film bridges. The Nb3Sn films were prepared i,What was the main experimental methodology used to investigate the nonlinear Meissner effect in Nb3Sn thin films?,useful
2025-07-16T03:39:27.926025,arXiv_2004.10921,# **Abstract**.,Superconducting Nb3Sn films can be synthesized by controlling the atomic concentration of Sn.,What was the main experimental methodology used to investigate the nonlinear Meissner effect in Nb3Sn thin films?,not useful
2025-07-16T03:39:27.927026,arXiv_1907.00476,# 2.1. Experimental procedure,The Sn vapor-diffusion process was utilized to coat the Nb substrate of either disk-shaped coupons..,What was the main experimental methodology used to investigate the nonlinear Meissner effect in Nb3Sn thin films?,not useful
2025-07-16T03:39:27.927026,arXiv_2109.07066,## **4. Conclusion**,Nb3Sn films were fabricated on Nb by sputtering multilayers of 20-nm Nb and 10-nm Sn...,What was the main experimental methodology used to investigate the nonlinear Meissner effect in Nb3Sn thin films?,not useful
2025-07-16T03:40:09.998043,arXiv_2202.06107,# Nonlinear Meissner effect in Nb3Sn coplanar resonators.,we observed a nearly linear increase of the penetration depth with B. We concluded that this behavio,How does the behavior of the penetration depth λ(B) in Nb3Sn films differ from what is expected in conventional s-wave superconductors?,useful
2025-07-16T03:40:09.998043,arXiv_2202.06107,## III. DISCUSSION,the NLME in the s-wave superconductor Nb3Sn exhibits the behavior expected from a clean d-wave super,How does the behavior of the penetration depth λ(B) in Nb3Sn films differ from what is expected in conventional s-wave superconductors?,useful
2025-07-16T03:40:09.999043,arXiv_2310.18245,# F. Thickness dependence of the electronic and superconducting properties in Nb3Sn thin films,the observed decline in superconductivity in films with reduced thickness can be explained by a weak,How does the behavior of the penetration depth λ(B) in Nb3Sn films differ from what is expected in conventional s-wave superconductors?,useful
2025-07-16T03:40:09.999043,arXiv_2202.06107,## III. DISCUSSION,"the observation of δλ(T, B) ∝ B2 is described well by the Meissner pairbreaking. However, extended c",How does the behavior of the penetration depth λ(B) in Nb3Sn films differ from what is expected in conventional s-wave superconductors?,useful
2025-07-16T03:41:39.639717,arXiv_2305.05114,I. INTRODUCTION,"Nb3Sn exhibits a higher critical temperature (Tc) of 18 K compared to Nb's 9.2 K, resulting in lower","What advantages does Nb3Sn have over niobium in terms of critical temperature and quality factors, and how does this impact its performance in particle accelerators?",useful
2025-07-16T03:41:39.639717,arXiv_2203.06752,Executive summary,"Nb3Sn has approximately twice as high critical temperature as the standard SRF material, niobium, al","What advantages does Nb3Sn have over niobium in terms of critical temperature and quality factors, and how does this impact its performance in particle accelerators?",useful
2025-07-16T03:41:39.640717,arXiv_2006.13407,I. INTRODUCTION,"Due to its high critical temperature, Tc (18 K), Nb3Sn cavities can have smaller surface resistances","What advantages does Nb3Sn have over niobium in terms of critical temperature and quality factors, and how does this impact its performance in particle accelerators?",useful
2025-07-16T03:41:39.640717,arXiv_2203.06752,Executive summary,"The superheating field of Nb3Sn would correspond to a maximum accelerating gradient of ~100 MV/m, we","What advantages does Nb3Sn have over niobium in terms of critical temperature and quality factors, and how does this impact its performance in particle accelerators?",useful
2025-07-16T03:41:39.640717,arXiv_2006.13407,I. INTRODUCTION,Recent progress has demonstrated that higher quality Nb3Sn coatings can significantly reduce cryogen,"What advantages does Nb3Sn have over niobium in terms of critical temperature and quality factors, and how does this impact its performance in particle accelerators?",useful
2025-07-16T03:42:20.272371,arXiv_2203.06752,# **Current landscape for Nb3Sn R&D**,Nb3Sn cavity performance has not reached its ultimate performance potential... the best Nb3Sn caviti,What are the expected improvements in Nb3Sn SRF cavity performance with advancements in surface preparation techniques?,useful
2025-07-16T03:42:20.272371,arXiv_2302.02054,# **9 Conclusion**,"In summary, we have developed methods to form Nb3Sn for high-performance SRF cavities... The advance",What are the expected improvements in Nb3Sn SRF cavity performance with advancements in surface preparation techniques?,useful
2025-07-16T03:42:20.272371,arXiv_2204.02536,## 9 Conclusion and Recommendations,Research is now needed to further exploit the material and reach its full potential with novel depos,What are the expected improvements in Nb3Sn SRF cavity performance with advancements in surface preparation techniques?,useful
2025-07-16T03:42:20.273372,arXiv_2204.02536,## 9 Conclusion and Recommendations,SRF thin film technology based on advanced coating techniques offers many opportunities to fully eng,What are the expected improvements in Nb3Sn SRF cavity performance with advancements in surface preparation techniques?,useful
2025-07-16T03:42:57.088276,arXiv_2203.06752,Motivation Outside of HEP,Nb3Sn cavities have a very high quality factor even above 4 K. They can be cooled with cryocoolers f,"In what applications outside high energy physics can Nb3Sn SRF cavities be beneficial, as mentioned in the executive summary?",useful
2025-07-16T03:42:57.089277,arXiv_2203.06752,Executive summary,"High efficiency, medium gradient applications for Nb3Sn include high duty factor accelerators, inclu","In what applications outside high energy physics can Nb3Sn SRF cavities be beneficial, as mentioned in the executive summary?",useful
2025-07-16T03:42:57.089277,arXiv_2203.06752,Motivation Outside of HEP,Developing an Nb3Sn quarter module suitable to install and test into the UITF with Nb3Sn cavities is,"In what applications outside high energy physics can Nb3Sn SRF cavities be beneficial, as mentioned in the executive summary?",useful
2025-07-16T03:43:43.106896,arXiv_2203.07274,I. INTRODUCTION,"Yet, a decade after the accelerator started it still did not reach its design collision energy of 14",What are the main differences in training behavior between NbTi and Nb3Sn superconductors as described in the Introduction?,useful
2025-07-16T03:43:43.107898,arXiv_2203.07274,Test samples and infrastructure for accelerator magnet developments,Higher field practical superconductors (Nb3Sn) show much worse training behavior than NbTi.,What are the main differences in training behavior between NbTi and Nb3Sn superconductors as described in the Introduction?,useful
2025-07-16T03:43:43.107898,arXiv_2311.04021,1. Introduction,"All these sources contribute to a resulting ""disturbance spectrum"" ... long training has been a feat",What are the main differences in training behavior between NbTi and Nb3Sn superconductors as described in the Introduction?,useful
2025-07-16T03:43:43.108898,arXiv_2005.12133,### 1. Introduction,Conventional niobium-based superconductors continue to dominate industrial superconducting technolog,What are the main differences in training behavior between NbTi and Nb3Sn superconductors as described in the Introduction?,not useful
2025-07-16T03:43:43.109401,arXiv_1408.0353,# **1. Introduction**,"At present, conventional low-temperature superconductors such as Nb3Sn have been extensively applied",What are the main differences in training behavior between NbTi and Nb3Sn superconductors as described in the Introduction?,not useful
2025-07-16T03:44:14.704173,arXiv_2203.07274,"# *A. Training phenomenon, quenching*","We see manifestations of phenomena, correlations between controlled quantities and behavior. [...] m","According to the section on Quench Training and More, what is the significance of observing a quench current plateau in magnet training?",useful
2025-07-16T03:44:14.704173,arXiv_2301.11278,#### I. INTRODUCTION,Given that magnet training is understood as the steady increase of quench current after consecutive ,"According to the section on Quench Training and More, what is the significance of observing a quench current plateau in magnet training?",useful
2025-07-16T03:44:53.213014,arXiv_2203.07274,## IV. CONCLUSION,"Adopting configurable samples (cables/""stacks"") that could be powered inside external magnetic and e",What recommendations does the paper make regarding the development of facilities for studying quench behaviors?,useful
2025-07-16T03:44:53.213014,arXiv_2203.07274,#### *A. Emulation of local conditions*,"It is to be noted that ""locality"" can also be a condition... properly designed longer/larger samples",What recommendations does the paper make regarding the development of facilities for studying quench behaviors?,useful
2025-07-16T03:44:53.213014,arXiv_2203.07274,#### *B. Test stands and samples*,The primary goal of such a facility is to enable studies on small superconducting samples... at cert,What recommendations does the paper make regarding the development of facilities for studying quench behaviors?,useful
2025-07-16T03:44:53.214019,arXiv_1512.00845,## VII. CONCLUSION,The design of the superconducting test facility for the CFETR magnet system have been described in t,What recommendations does the paper make regarding the development of facilities for studying quench behaviors?,not useful
2025-07-16T03:45:34.951351,arXiv_2203.07551,Abstract,"Whereas the intragrain (i.e. vortex pinning) *Jc* is already high enough to replace Nb3Sn, our recen",What is the key breakthrough needed for 122 polycrystals to become practically usable in magnet technology?,useful
2025-07-16T03:45:34.951351,arXiv_2203.07551,Goals,Our first goal should be to further understand and eliminate all extrinsic current blockers so that ,What is the key breakthrough needed for 122 polycrystals to become practically usable in magnet technology?,useful
2025-07-16T03:45:34.951351,arXiv_2203.07551,Conclusions,The 122 community rushed to fabricate wires without first solving the GB connectivity problem. As a ,What is the key breakthrough needed for 122 polycrystals to become practically usable in magnet technology?,useful
2025-07-16T03:45:34.951351,arXiv_2203.07551,3.3 Many GBs in 1000 A/mm2 *Jc* tapes are still contaminated by impurity phases,"Nevertheless, *Jc* (15T) of 1000-1100 A/mm2 in their samples with many contaminated GBs shows 122's ",What is the key breakthrough needed for 122 polycrystals to become practically usable in magnet technology?,useful
2025-07-16T03:46:27.952842,arXiv_2203.07551,1. Introduction,Future particle physics discoveries at the energy frontier rely on a next generation of high-energy ,What are the primary goals set by the Particle Physics Project Prioritization Panel (P5) regarding superconducting accelerator magnets?,useful
2025-07-16T03:46:27.953842,arXiv_2406.15278,INTRODUCTION,The U.S. Magnet Development Program (US-MDP)...develop HTS inserts that produce magnetic fields larg,What are the primary goals set by the Particle Physics Project Prioritization Panel (P5) regarding superconducting accelerator magnets?,useful
2025-07-16T03:46:27.953842,arXiv_2204.01072,2. INTRODUCTION,A major goal of the US-MDP SC magnet program is that of developing HTS inserts producing fields larg,What are the primary goals set by the Particle Physics Project Prioritization Panel (P5) regarding superconducting accelerator magnets?,useful
2025-07-16T03:46:27.953842,arXiv_2203.08309,INTRODUCTION,Future hadron-hadron colliders will need a magnetic field above 16 T.,What are the primary goals set by the Particle Physics Project Prioritization Panel (P5) regarding superconducting accelerator magnets?,useful
2025-07-16T03:46:27.953842,arXiv_2203.10564,2. Superconducting Accelerator Magnets: Requirements and Challenges,"The widely used superconducting accelerator magnet technology is based on a two-layer, cosine-theta ",What are the primary goals set by the Particle Physics Project Prioritization Panel (P5) regarding superconducting accelerator magnets?,useful
2025-07-16T03:47:09.550175,arXiv_2203.07551,Abstract,Define the most effective synthesis for high quality 122 powder to eliminate extrinsic current block,What are the inter-related thrusts proposed to evaluate and transform the Fe-based superconductor into a magnet-ready conductor?,useful
2025-07-16T03:47:52.275557,arXiv_2203.08054,High Field Magnet Development for HEP in Europe – A Proposal from LDG HFM Expert Panel,High Field Magnets (HFM)... the search for new physics at the energy frontier.,What are the key technologies required for the search for new physics at the energy frontier as mentioned in the paper?,useful
2025-07-16T03:47:52.275557,arXiv_2203.07551,1. Introduction,Future particle physics discoveries... high-energy proton-proton collider.,What are the key technologies required for the search for new physics at the energy frontier as mentioned in the paper?,useful
2025-07-16T03:47:52.275557,arXiv_1803.09723,Abstract,Hadron colliders... define the energy frontier.,What are the key technologies required for the search for new physics at the energy frontier as mentioned in the paper?,useful
2025-07-16T03:47:52.276557,arXiv_1202.2380,I. INTRODUCTION,Muon Collider... promising energy frontier machine for the future of high energy physics.,What are the key technologies required for the search for new physics at the energy frontier as mentioned in the paper?,useful
2025-07-16T03:48:33.963026,arXiv_2211.09684,I. INTRODUCTION,the development of high-performance Nb3Sn-based magnets capable of generating high field or high-fie,"What performance range do current Nb3Sn magnets achieve, and what are the proposed targets for FCC-hh in terms of magnetic field strength?",useful
2025-07-16T03:48:33.964027,arXiv_1811.08867,1. Introduction,the Future Circular collider (FCC) or upgrades to the Large Hadron Collider (LHC) require Nb3Sn dipo,"What performance range do current Nb3Sn magnets achieve, and what are the proposed targets for FCC-hh in terms of magnetic field strength?",useful
2025-07-16T03:48:33.964027,arXiv_2203.12118,3.3 High field superconducting magnet technology for future colliders,the Future Circular Collider hadron-hadron that is 12 T 100 mm diameter aperture dipole magnet,"What performance range do current Nb3Sn magnets achieve, and what are the proposed targets for FCC-hh in terms of magnetic field strength?",useful
2025-07-16T03:48:33.964027,arXiv_1811.08867,1. Introduction,To achieve such not yet achieved dipole fields requires magnet conductors with the not yet achieved ,"What performance range do current Nb3Sn magnets achieve, and what are the proposed targets for FCC-hh in terms of magnetic field strength?",useful
2025-07-16T03:49:21.006645,arXiv_2203.08054,High Field Magnet Development for HEP in Europe,R&D plans for HTS magnets focus on manufacturing and testing... with a target of 20 T.,What two main objectives does the proposed R&D program aim to achieve with respect to Nb3Sn and HTS technologies?,useful
2025-07-16T03:49:21.006645,arXiv_2203.12118,High field superconducting magnet technology for future colliders,"For the mechanical properties of the conductor, ... development of mechanically strengthened Nb3Sn c",What two main objectives does the proposed R&D program aim to achieve with respect to Nb3Sn and HTS technologies?,useful
2025-07-16T03:50:04.474553,arXiv_2203.08132,Abstract,A strategy is presented by which a tape-stack REBCO cable may be configured in a conformal winding i,"What is the significance of using a conformal winding for the REBCO cable in terms of the orientation of the magnetic field, as discussed in the Introduction?",useful
2025-07-16T03:50:04.475553,arXiv_2203.08132,Introduction,The critical current is approximately 3x greater when the magnetic field at the tape is parallel to ,"What is the significance of using a conformal winding for the REBCO cable in terms of the orientation of the magnetic field, as discussed in the Introduction?",useful
2025-07-16T03:50:04.475553,arXiv_2109.03982,I. Introduction,"HTS materials, represented by the ReBCO coated conductor, appear advantages over LTS...","What is the significance of using a conformal winding for the REBCO cable in terms of the orientation of the magnetic field, as discussed in the Introduction?",not useful
2025-07-16T03:50:56.392345,arXiv_2203.08132,Conclusion,"A method for *dynamic current sharing* is discussed, in which current would naturally re-distribute ",How does the proposed method for dynamic current sharing aim to prevent premature quenching of the REBCO tapes in the hybrid dipole design?,useful
2025-07-16T03:50:56.393345,arXiv_2203.08132,Dynamic current-sharing in the conformal winding,"As shown in Figure 6, the magnetic field at each cable produces a Lorentz force that pushes current ",How does the proposed method for dynamic current sharing aim to prevent premature quenching of the REBCO tapes in the hybrid dipole design?,useful
2025-07-16T03:50:56.393345,arXiv_2203.08132,Dynamic current-sharing in the conformal winding,"... as coil current is increased from zero, current would accumulate in the outermost tape of each t",How does the proposed method for dynamic current sharing aim to prevent premature quenching of the REBCO tapes in the hybrid dipole design?,useful
2025-07-16T03:51:42.777831,arXiv_2203.08132,Conclusion,The total cost of superconductor in this dipole is likely a minimum among the design options for 18 ,"What are the anticipated cost benefits of the hybrid conformal REBCO dipole configuration compared to existing superconducting dipole technologies, according to the Abstract?",useful
2025-07-16T03:51:42.777831,arXiv_2203.08132,Conductor cost for the 18 T dipole,Another important element of cost and performance is the integration of REBCO insert and Nb3Sn outse,"What are the anticipated cost benefits of the hybrid conformal REBCO dipole configuration compared to existing superconducting dipole technologies, according to the Abstract?",useful
2025-07-16T03:51:42.778830,arXiv_2203.08132,Abstract,A strategy is presented by which a tape-stack REBCO cable may be configured in a conformal winding i,"What are the anticipated cost benefits of the hybrid conformal REBCO dipole configuration compared to existing superconducting dipole technologies, according to the Abstract?",useful
2025-07-16T03:52:38.658989,arXiv_2203.08309,EXECUTIVE SUMMARY,"Indeed, present quench detection systems based on growth of resistive voltage are not effective for ",What are the main challenges identified in the paper regarding the quench detection systems for hybrid magnet technology?,useful
2025-07-16T03:52:38.659987,arXiv_2203.08309,CONCLUSIONS,More R&D work will be necessary for distributed fibers. Those sensors are extremely promising tools ,What are the main challenges identified in the paper regarding the quench detection systems for hybrid magnet technology?,useful
2025-07-16T03:52:38.659987,arXiv_2203.08309,INTRODUCTION,"For a future FCC-like machine, this means a total number of training quenches above 200,000 resultin",What are the main challenges identified in the paper regarding the quench detection systems for hybrid magnet technology?,useful
2025-07-16T03:52:38.659987,arXiv_2203.10564,2.1. Magnet Technology Challenge,Slow growth of normal zones in HTS magnets makes reliable quench detection critical to reliable quen,What are the main challenges identified in the paper regarding the quench detection systems for hybrid magnet technology?,useful
2025-07-16T03:53:26.136862,arXiv_2203.08309,EXECUTIVE SUMMARY,We expect for FBG discrete sensors to become a stable diagnostic probe for superconducting magnets o,How do discrete and distributed fiber optic sensors differ in terms of instrumentation for superconducting magnets as discussed in the executive summary?,useful
2025-07-16T03:53:26.136862,arXiv_2203.08309,FIBER OPTICS SENSOR FOR SUPERCONDUCTING MAGNET DIAGNOSTIC,Optical fibers can be used to measure both strain and temperature variations. Those sensors have bee,How do discrete and distributed fiber optic sensors differ in terms of instrumentation for superconducting magnets as discussed in the executive summary?,useful
2025-07-16T03:54:36.637131,arXiv_1202.0270,INTRODUCTION,Requirements and operating conditions for a Muon Collider pose significant challenges to superconduc,What specific requirements are outlined in the introduction for magnets used in future high energy physics machines such as the Muon Collider?,useful
2025-07-16T03:54:36.637645,arXiv_1202.2380,INTRODUCTION,The dipole magnets should provide a relatively high magnetic field to reduce the Storage Ring circum,What specific requirements are outlined in the introduction for magnets used in future high energy physics machines such as the Muon Collider?,useful
2025-07-16T03:54:36.637645,arXiv_2203.10431,1. High Energy MC Lattices,Quadrupoles must have a dipole component to spread background particles and direction vectors of the,What specific requirements are outlined in the introduction for magnets used in future high energy physics machines such as the Muon Collider?,useful
2025-07-16T03:54:36.638159,arXiv_1202.3979,INTRODUCTION,"To reach this goal, a number of demanding requirements on the collider optics and the IR hardware...",What specific requirements are outlined in the introduction for magnets used in future high energy physics machines such as the Muon Collider?,useful
2025-07-16T03:54:36.638159,arXiv_2203.08309,INTRODUCTION,High temperature superconductors are going to be an essential element for the next generation of hig,What specific requirements are outlined in the introduction for magnets used in future high energy physics machines such as the Muon Collider?,useful
2025-07-16T03:55:30.376706,arXiv_2203.09718,ABSTRACT,This Snowmass21 Contributed Paper encourages ... future collider.,What are the main advantages of using Nb3Sn coated Cu RF cavities over bulk Niobium as mentioned in the abstract?,useful
2025-07-16T03:55:30.376706,arXiv_2204.02536,Executive Summary,"Superconducting radio frequency (SRF) systems, essentially based on bulk ... beyond bulk Nb for a le",What are the main advantages of using Nb3Sn coated Cu RF cavities over bulk Niobium as mentioned in the abstract?,useful
2025-07-16T03:55:30.376706,arXiv_2203.06752,Conclusions,The unique advantages of Nb3Sn cavities make them an exciting prospect... significant margin for hig,What are the main advantages of using Nb3Sn coated Cu RF cavities over bulk Niobium as mentioned in the abstract?,useful
2025-07-16T03:55:30.376706,arXiv_2203.09718,1.2. Recommendations,Based on the assessment of current efforts ... clear decision by the community on which path to take,What are the main advantages of using Nb3Sn coated Cu RF cavities over bulk Niobium as mentioned in the abstract?,useful
2025-07-16T03:55:30.377711,arXiv_2008.00599,I. Introduction,Superconducting radiofrequency (SRF) cavities are widely used ... standard cavity cells.,What are the main advantages of using Nb3Sn coated Cu RF cavities over bulk Niobium as mentioned in the abstract?,not useful
2025-07-16T03:56:15.400678,arXiv_2203.09718,# **7. CONCLUSIONS**,"High gradient, inexpensive superconducting cavities (SRF) will be needed for future accelerators. ..",In which section does the paper discuss the potential impact of Nb3Sn coated Cu RF cavities on the operational costs of future colliders?,useful
2025-07-16T03:56:15.401260,arXiv_2203.09718,### ABSTRACT,This Snowmass21 Contributed Paper encourages the Particle Physics community ... reduce the overall c,In which section does the paper discuss the potential impact of Nb3Sn coated Cu RF cavities on the operational costs of future colliders?,useful
2025-07-16T03:56:15.401260,arXiv_2203.09718,### **2. INTRODUCTION**,The additional complexity of surface doping/infusion with nitrogen ... to remain competitive.,In which section does the paper discuss the potential impact of Nb3Sn coated Cu RF cavities on the operational costs of future colliders?,useful
2025-07-16T03:56:15.402268,arXiv_2203.09718,## **1.2. Recommendations**,Based on the assessment ... would make the ILC or Higgs factories more affordable and more likely to,In which section does the paper discuss the potential impact of Nb3Sn coated Cu RF cavities on the operational costs of future colliders?,useful
2025-07-16T03:57:10.472401,arXiv_2203.09718,1.2. Recommendations,We recommend that the Particle Physics community foster R&D in Superconducting Nb3Sn coated Cu RF Ca,What specific R&D efforts are suggested to foster the advancement of superconducting Nb3Sn coated Cu RF cavities according to the paper?,useful
2025-07-16T03:57:10.473403,arXiv_2203.09718,1.2. Recommendations,A devoted global effort in developing Cu cavity structures coated with Nb3Sn would make the ILC or H,What specific R&D efforts are suggested to foster the advancement of superconducting Nb3Sn coated Cu RF cavities according to the paper?,useful
2025-07-16T03:57:10.473403,arXiv_2203.09718,1.2. Recommendations,Increased effort on these two techniques would synergize expenditures towards 10-year progress.,What specific R&D efforts are suggested to foster the advancement of superconducting Nb3Sn coated Cu RF cavities according to the paper?,useful
2025-07-16T03:57:10.473403,arXiv_2204.02536,Executive Summary,Superconducting RF has then to rely on superior materials and advanced surfaces beyond bulk Nb for a,What specific R&D efforts are suggested to foster the advancement of superconducting Nb3Sn coated Cu RF cavities according to the paper?,useful
2025-07-16T03:57:10.473403,arXiv_2204.02536,Executive Summary,Nb/Cu coated cavities that perform as good as or better than bulk niobium at reduced cost and with b,What specific R&D efforts are suggested to foster the advancement of superconducting Nb3Sn coated Cu RF cavities according to the paper?,useful
2025-07-16T03:57:10.473403,arXiv_2204.02536,Executive Summary,Research is now needed to further exploit the material and reach its full potential with novel depos,What specific R&D efforts are suggested to foster the advancement of superconducting Nb3Sn coated Cu RF cavities according to the paper?,useful
2025-07-16T03:57:10.474403,arXiv_2203.06752,Current landscape for Nb3Sn R&D,Recent progress of novel deposition techniques... allows producing well-engineered single supercondu,What specific R&D efforts are suggested to foster the advancement of superconducting Nb3Sn coated Cu RF cavities according to the paper?,useful
2025-07-16T03:58:49.616861,arXiv_1202.3979,Abstract,"Designs of its optics, magnets and machine-detector interface are strongly interlaced and iterative.",What design considerations are mentioned for the Interaction Region in the muon collider optics?,useful
2025-07-16T03:58:49.616861,arXiv_1202.3979,Abstract,"To provide the required momentum acceptance, dynamic aperture and chromaticity, an innovative approa",What design considerations are mentioned for the Interaction Region in the muon collider optics?,useful
2025-07-16T03:58:49.616861,arXiv_2203.10431,Executive summary,The SC magnets and detector protection considerations impose strict limitations on the lattice choic,What design considerations are mentioned for the Interaction Region in the muon collider optics?,useful
2025-07-16T03:58:49.617864,arXiv_2203.10431,Executive summary,An important issue to address is the stress management in the coil to avoid substantial degradation ,What design considerations are mentioned for the Interaction Region in the muon collider optics?,useful
2025-07-16T03:58:49.617864,arXiv_2203.10431,Conclusion,"With sophisticated tungsten, iron, concrete and borated polyethylene shielding in the MDI region, th",What design considerations are mentioned for the Interaction Region in the muon collider optics?,useful
2025-07-16T03:58:49.617864,arXiv_1501.07624,INTRODUCTION,A preliminary design of the HF storage ring is based on Nb3Sn SC magnets with the coil aperture rang,What design considerations are mentioned for the Interaction Region in the muon collider optics?,useful
2025-07-16T03:59:30.816959,arXiv_2203.10431,Executive summary,The SC magnets and detector protection considerations impose strict limitations on the lattice choic,How do the superconducting magnets contribute to the analysis and optimization of the collider design?,useful
2025-07-16T03:59:30.816959,arXiv_2203.10431,Conclusion,The traditional cos-theta magnet coils were designed to provide realistic field maps for the analysi,How do the superconducting magnets contribute to the analysis and optimization of the collider design?,useful
2025-07-16T03:59:30.817960,arXiv_1501.07624,INTRODUCTION,The current design of SC magnets is based on Nb3Sn SC magnets with the coil aperture ranging from 50,How do the superconducting magnets contribute to the analysis and optimization of the collider design?,useful
2025-07-16T03:59:30.817960,arXiv_1202.0270,CONCLUSIONS,Conceptual designs of superconducting magnets for the Storage ring of a Muon Collider were developed,How do the superconducting magnets contribute to the analysis and optimization of the collider design?,useful
2025-07-16T04:00:08.631521,arXiv_2203.10431,Executive summary,"with sophisticated tungsten, iron, concrete and borated polyethylene shielding in the MDI region, th",What methods are discussed for radiation protection in the Machine-Detector Interface?,useful
2025-07-16T04:00:08.631521,arXiv_1501.07624,CONCLUSION,tungsten masks in the magnet interconnect regions and optimized elliptical tungsten liners in magnet,What methods are discussed for radiation protection in the Machine-Detector Interface?,useful
2025-07-16T04:00:08.632525,arXiv_2203.10431,4. Conclusion,"With sophisticated tungsten, iron, concrete and borated polyethylene shielding in the MDI region, a ",What methods are discussed for radiation protection in the Machine-Detector Interface?,useful
2025-07-16T04:00:08.632525,arXiv_1501.07624,"LATTICE, MAGNETS AND DETECTOR MARS15 MODEL",The MARS15 Monte-Carlo code [...] is used to address the key issues related to magnet and detector p,What methods are discussed for radiation protection in the Machine-Detector Interface?,useful
2025-07-16T04:00:08.632525,arXiv_2203.10431,4. Conclusion,"the tungsten nozzles in the 6 to 600 cm region from the IP, assisted by the detector solenoid field,",What methods are discussed for radiation protection in the Machine-Detector Interface?,useful
2025-07-16T04:00:49.116612,arXiv_2203.10564,2.2. Industrialization Challenge,A present challenge of Bi-2212 wires is the high cost. Bi-2212 wires use silver as a metal matrix...,What are the key technological challenges associated with the industrialization of Bi-2212 superconducting magnets as discussed in section 2.2?,useful
2025-07-16T04:00:49.117611,arXiv_2203.10564,2.1. Magnet Technology Challenge,"In this section, we discuss magnet technology challenges that are specific to Bi-2212...",What are the key technological challenges associated with the industrialization of Bi-2212 superconducting magnets as discussed in section 2.2?,useful
2025-07-16T04:00:49.117611,arXiv_2204.01072,6. CONCLUSIONS,The Bi2212 dipole insert program started at Fermilab a couple of years ago is to test and develop th,What are the key technological challenges associated with the industrialization of Bi-2212 superconducting magnets as discussed in section 2.2?,useful
2025-07-16T04:01:27.942830,arXiv_2203.10564,Abstract,"As the only high-temperature superconducting (HTS) material available as an isotropic, twisted, mult","How does the present status of Bi-2212 conductor development influence its application in prototype magnets, according to section 3.1?",useful
2025-07-16T04:01:27.943832,arXiv_2203.10564,Abstract,we describe the important roles that Bi-2212 might play for future high energy circular colliders in,"How does the present status of Bi-2212 conductor development influence its application in prototype magnets, according to section 3.1?",useful
2025-07-16T04:01:27.943832,arXiv_2203.10564,4. Ten Years Plan,We now come to the following recommendations as paths to developing Bi-2212 for accelerator applicat,"How does the present status of Bi-2212 conductor development influence its application in prototype magnets, according to section 3.1?",useful
2025-07-16T04:01:27.943832,arXiv_2203.10564,4. Ten Years Plan,a stable supply of good conductors with reliable properties is essential for Bi-2212 magnets...,"How does the present status of Bi-2212 conductor development influence its application in prototype magnets, according to section 3.1?",useful
2025-07-16T04:01:27.943832,arXiv_1304.6025,1. Introduction,Nb3Sn is the present conductor of choice for the construction of high field magnets...,"How does the present status of Bi-2212 conductor development influence its application in prototype magnets, according to section 3.1?",not useful
2025-07-16T04:01:27.944829,arXiv_1305.1269,"April 9, 2013",We report here that magnetic fields of almost 34 T...,"How does the present status of Bi-2212 conductor development influence its application in prototype magnets, according to section 3.1?",not useful
2025-07-16T04:01:27.944829,arXiv_2204.01072,1.1. Summary,The HEP global community has been ushering in a new era of high-tech accelerator development...,"How does the present status of Bi-2212 conductor development influence its application in prototype magnets, according to section 3.1?",not useful
2025-07-16T04:02:11.726219,arXiv_2203.10564,# **4. Ten Years Plan**,We now come to the following recommendations as paths to developing Bi-2212 for accelerator applicat,What specific goals are outlined in the ten-year plan for high-field accelerator magnets in section 4?,useful
2025-07-16T04:02:11.727282,arXiv_2203.07551,## 1. Introduction,Future particle physics discoveries at the energy frontier rely on a next generation of high-energy ,What specific goals are outlined in the ten-year plan for high-field accelerator magnets in section 4?,not useful
2025-07-16T04:02:11.727282,arXiv_2203.12118,### **3.1 High precision magnetic field for accelerator sciences**,"For high precision magnetic field magnet technology, the obvious near-term goal is...",What specific goals are outlined in the ten-year plan for high-field accelerator magnets in section 4?,not useful
2025-07-16T04:02:11.727282,arXiv_1504.00594,#### **I. INTRODUCTION**,The Large Hadron Collider (LHC) was operated at 4 TeV per beam and 70% of nominal luminosity in 2012,What specific goals are outlined in the ten-year plan for high-field accelerator magnets in section 4?,not useful
2025-07-16T04:02:11.727282,arXiv_2203.08054,## **High Field Magnet Development for HEP in Europe – A Proposal from LDG HFM Expert Panel**,"ultimate field for this material, towards the target of 16 T. The magnet technology R&D will progres",What specific goals are outlined in the ten-year plan for high-field accelerator magnets in section 4?,not useful
2025-07-16T04:02:56.349497,arXiv_2203.12118,# **1. Introduction**,KEK is now developing the large aperture beam separation dipole magnet D1 ... KEK has also succeeded,"What technologies are being developed at KEK for superconducting magnets, and what are their specific applications?",useful
2025-07-16T04:02:56.349497,arXiv_2203.12118,# **4. Summary**,Three major technological categories are focused; 1) high precision 3D magnetic field technology ...,"What technologies are being developed at KEK for superconducting magnets, and what are their specific applications?",useful
2025-07-16T04:02:56.349497,arXiv_1108.1626,### **INTRODUCTION**,"The high luminosity LHC upgrade (HL-LHC), which would provide 5 times higher beam luminosity ... A15","What technologies are being developed at KEK for superconducting magnets, and what are their specific applications?",useful
2025-07-16T04:02:56.349497,arXiv_1108.1626,# *Abstract*,KEK has emphasized efforts to develop the RHQ-Nb3Al superconductor ... HTS in combination with A15 s,"What technologies are being developed at KEK for superconducting magnets, and what are their specific applications?",useful
2025-07-16T04:02:56.350497,arXiv_1108.1626,## *Nb3Al Sub-Scale Magnet Development*,KEK has made progress on the development of a 300 mm long Nb3Al superconducting sub-scale magnet ...,"What technologies are being developed at KEK for superconducting magnets, and what are their specific applications?",useful
2025-07-16T04:03:39.663257,arXiv_2203.12118,### **2.1 High precision magnetic field**,The J-PARC muon g-2/EDM experiment requires 3 T superconducting solenoid as muon storage magnet with,"What are the precision requirements for the J-PARC muon g-2/EDM experiment's superconducting solenoid magnet, and how is the design process addressing these requirements?",useful
2025-07-16T04:03:39.664261,arXiv_2203.12118,### **2.1 High precision magnetic field**,"To satisfy the requirement, new analytical code using truncated singular value decomposition method ","What are the precision requirements for the J-PARC muon g-2/EDM experiment's superconducting solenoid magnet, and how is the design process addressing these requirements?",useful
2025-07-16T04:03:39.664261,arXiv_2203.12118,### **2.1 High precision magnetic field**,"Other than the high precision design technology, precise magnetic field control technology is also i","What are the precision requirements for the J-PARC muon g-2/EDM experiment's superconducting solenoid magnet, and how is the design process addressing these requirements?",useful
2025-07-16T04:03:39.664261,arXiv_2203.12118,### **3.1 High precision magnetic field for accelerator sciences**,The development efforts are ongoing to achieve more efficient way to construct the magnet with optim,"What are the precision requirements for the J-PARC muon g-2/EDM experiment's superconducting solenoid magnet, and how is the design process addressing these requirements?",useful
2025-07-16T04:03:39.664261,arXiv_2203.12118,### **3.1 High precision magnetic field for accelerator sciences**,Since the absolute precision of the magnetic field measurement is also critical to the success of th,"What are the precision requirements for the J-PARC muon g-2/EDM experiment's superconducting solenoid magnet, and how is the design process addressing these requirements?",useful
2025-07-16T04:04:21.821928,arXiv_2203.12118,# **1. Introduction**,R&Ds on superconducting magnets for accelerator applications have been conducted at KEK for more tha,"What collaborations are involved in the development of advanced superconductors like Nb3Sn and HTS, and what specific projects are these developments targeting?",useful
2025-07-16T04:04:21.821928,arXiv_2203.12118,# **4. Summary**,KEK cryogenics science center is developing superconducting magnet technology for future accelerator,"What collaborations are involved in the development of advanced superconductors like Nb3Sn and HTS, and what specific projects are these developments targeting?",useful
2025-07-16T04:04:21.822928,arXiv_2406.15278,#### *Abstract*,"Within the U.S. Magnet Development Program (US-MDP), a key task is that of developing HTS inserts pr","What collaborations are involved in the development of advanced superconductors like Nb3Sn and HTS, and what specific projects are these developments targeting?",useful
2025-07-16T04:04:21.822928,arXiv_2204.01072,# **2. INTRODUCTION**,A major goal of the US-MDP SC magnet program is that of developing HTS inserts producing fields larg,"What collaborations are involved in the development of advanced superconductors like Nb3Sn and HTS, and what specific projects are these developments targeting?",useful
2025-07-16T04:05:01.469190,arXiv_2203.16235,# Comparative studies on unconventional superconductivity in Cr3Ru compounds with bcc and A15 structures,The resistivity measurements show sharp superconducting transitions at Tc = 2.77 K and Tc = 3.37 K f,"What are the superconducting transition temperatures for Cr3Ru compounds with bcc and A15 structures, and how do these compare to the specific heat anomaly observed at lower temperatures?",useful
2025-07-16T04:05:01.469190,arXiv_2203.16235,## C. Specific heat,The temperature dependencies of specific heat of Cr3Ru samples with bcc and A15 structures... Sharp ,"What are the superconducting transition temperatures for Cr3Ru compounds with bcc and A15 structures, and how do these compare to the specific heat anomaly observed at lower temperatures?",useful
2025-07-16T04:05:01.469190,arXiv_2203.16235,## C. Specific heat,"For samples with A15 structure, another anomaly occurs at about 0.85 K... clear that this anomaly sh","What are the superconducting transition temperatures for Cr3Ru compounds with bcc and A15 structures, and how do these compare to the specific heat anomaly observed at lower temperatures?",useful
2025-07-16T04:05:01.469190,arXiv_0907.0411,## IV. CONCLUSIONS,This study shows the existence of a correlation between the superconducting transition temperature a,"What are the superconducting transition temperatures for Cr3Ru compounds with bcc and A15 structures, and how do these compare to the specific heat anomaly observed at lower temperatures?",not useful
